meme_id,original_text,western_context,indian_replacement,hindi_translation,rationale,status,error
TE-33,"GRANDPA WHAT DID YOU DO DURING THE GREAT CORONAVIRUS PANIC OF 2020? 
WELL SON, I HAD A VERY DANGEROUS JOB. I WAS A TAILGUNNER ON A CHARMIN DELIVERY TRUCK 
Charmin Basic 
Charmin Ultra Strong 
Charmin Ultra Soft",,,,,SUCCESS,
TE-374,"GET YOUR TITS OUT LOVE!! 
Pic #9 - Sometimes i get bored at work Have some dead flies - Meme Guy",,,,,SUCCESS,
TE-385,"Domin Sugar Always Be Your Sugar, Allowrie PRIME LARD, Gold Medal, CASH COWBURGERS APRIL 2, 2012, 02 RONALD, DINE IN, 1 64 oz SODA $1.99, 1 TRIPLE SIZE FRY $2.25, 1 2 POUNDER BURGER $4.50, * SUBTOTAL * $8.74, OBESITY SURCHARGE $147,000,000,000.00, TOTAL $147,000,000,008.74, THANKS. COME AGAIN., THINK FAST FOOD IS CHEAP? THINK AGAIN. THE MEDICAL CARE COSTS OF OBESITY IN THE UNITED STATES ARE STAGGERING. IN 2008, THESE COSTS TOTALED ABOUT $147 BILLION.",,,,,SUCCESS,
VA-241,"DIET Communion
LOW IN FAT, LOW IN SIN
130g",,,,,SUCCESS,
VA-267,"FOR HALLOWEEN, I'M GOING TO BE EMOTIONALLY STABLE. NO ONE IS GOING TO KNOW IT'S ME.",,,,,SUCCESS,
