meme_id,original_text,internet_culture,indian_replacement,hindi_translation,rationale,status,error
TE-256,"Men remember what you fight for
DEUS VULT!",,,,,SUCCESS,
TE-611,"Panel 1: ~MY ANOREXIA STORY(W PICTURES)~, A PERFECT CHILDHOOD
Panel 2: MINUTE 3, ~MY ANOREXIA STORY(W PICTURES)~, I WAS ALWAYS HAPPY AND NEVER THOUGHT ABOUT FOOD",,,,,SUCCESS,
TE-90,"Guy: I have crippling depression 
Therapist: Hahaha lol I love memes 
Guy: No seriously I'm depressed 
Therapist: lol 
Guy: pls help 
The Sad Truth About Your Favorite Depressing Memes",,,,,SUCCESS,
