meme_id,original_text,western_lifestyle,indian_replacement,hindi_translation,rationale,status,error
TE-201,"YOUR USUAL 3 AM , SIR
whole ass salad bowl of bran cereal
Spotify ed playlists",,,,,SUCCESS,
TE-296,"Beluga Today at 7:54 PM
last night
i got 1 hour sleep
i stepped on a lego
my toast got burned
my cereal ran out
I said we sad today",,,,,SUCCESS,
TE-521,"AM I OVERTHINKING THIS? RELATIONSHIPS, WORK LIFE, BIG STUFF, SELF-CARE, LITTLE THINGS, EATING, TALKING POLITICS, ASSEMBLING FURNITURE, FAILURE, KIDS ???, DID I SAY THE WRONG THING?, DID I SCREW UP?, IS THIS A GOOD FIT?, IMPOSTER SYNDROME, HYGIENE, HAND-WASH THIS?, (YES), HOLIDAY DRAMA, GRATITUDE, MORE COFFEE?, PLANTS, WHICH WHITE PAINT?, SEASONAL PRODUCE, HOW CAN I HELP?, NUT ALLERGY, HOW MUCH DO I TIP?, BRUNCH, HOW SHOULD WE SPLIT THIS?, TRYING TO BE AN ADULT, OVER-ANSWERING LIFE'S QUESTIONS IN 101 CHARTS by MICHELLE RIAL",,,,,SUCCESS,
VA-112,Who else loves using these in the bath 💦😍😍,,,,,SUCCESS,
VA-250,"""I don't know why my depression won't go away"" starterpack, Porn hub, *no social interaction*, *goes on internet 12 hours a day*, ""time to go to sleep"", 4:15 AM, Prozac 20 mg",,,,,SUCCESS,
VA-318,AM I OVERTHINKING THIS? RELATIONSHIPS WORK LIFE BIG STUFF LITTLE THINGS SELF-CARE TALKING POLITICS ASSEMBLING FURNITURE DID I SAY THE WRONG THING? IMPOSTER SYNDROME FAILURE DID I SCREW UP? IS THIS A GOOD FIT? KIDS ??? HYGIENE HAND-WASH THIS? YOUR TOENAIL CLIPPINGS HOLIDAY DRAMA (YES) HOW CAN I HELP? NUT ALLERGY WHICH WINE? HOW MUCH DO I TIP? BRUNCH OVER-ANSWERING LIFE'S QUESTIONS by MICHELLE RIAL IS IT TOO LATE TO START? PERCEPTION BIRTH DEATH 'TOO OLD' TOO LATE NOW REALITY BIRTH DEATH STILL GOOD TOO LATE NOW,,,,,SUCCESS,
