meme_id,original_text,format_type,hindi_translation,rationale,status,error
TE-140,"The important thing about boobs is not their size, it's the person they're attached to. Really? SPEECH 100",,,,SUCCESS,
TE-196,"Wait you are Depressed? 
Always have been 
ME",,,,SUCCESS,
TE-484,"You spent 525,500 minutes this year thinking about food. Get therapy.",,,,SUCCESS,
TE-550,Me: hi can I please be good at and happy with either my ed or with recovery? Best I can do is unhappy with both and unable to commit to either.,,,,SUCCESS,
TE-589,soup time,,,,SUCCESS,
TE-591,"NOOO YOU MUST USE THESE MENTAL MODELS AND DECISION FRAMEWORKS TO MAKE A RATIONAL DECISION, JUST DO IT, JUST DO IT, IQ score, 0.1%, 2%, 14%, 34%, 34%, 14%, 2%, 0.1%, 55, 70, 85, 100, 115, 130, 145",,,,SUCCESS,
VA-197,TRADE OFFER ! i receive: Hours of your time thinking about food and calories you receive: Everyone thinking your gay because of your phone background,,,,SUCCESS,
VA-81,"Girls time traveling: ""You're my granddaughter?"" ""Yes."" Me time traveling: ""I'm your son. Please use this."" ""Will do.""",,,,SUCCESS,
