meme_id,original_text,original_reference,indian_replacement,reference_type,hindi_translation,rationale,status,error
TE-200,"Give up on your dreams and die
- Levi Ackerman
made with mematic",,,,,,SUCCESS,
TE-222,"anxiety and depression, fellowship of the ring, return of the king, two towers, me, the hobbit trilogy",,,,,,SUCCESS,
TE-255,When you're trying to be a ray of sunshine but people keep testing you,,,,,,SUCCESS,
TE-364,"Dear Naughty Dog
How did we go from this?
To this",,,,,,SUCCESS,
TE-540,PREPARE YOURSELF BOREDOM IS COMING,,,,,,SUCCESS,
TE-546,WHEN MY MUM TELLS ME I'LL NEVER BE AS THIN AS MY SISTER BECAUSE I HAVE A BIGGER BONE STRUCTURE. A new core memory!,,,,,,SUCCESS,
