meme_id,original_text,reference_type,indian_replacement,hindi_translation,rationale,status,error
TE-32,"great depression, 1920, 2020, Sad boy year 😢🤘",,,,,SUCCESS,
TE-413,how i pull up to my weigh-in at the ED treatment center after relapsing,,,,,SUCCESS,
TE-44,"Australia, Emus",,,,,SUCCESS,
TE-442,"bisexualgambit: Too depressed to be awake? Not depressed enough for a Depression Nap™? Welcome to Existential Crisis Wrapped in Blanket! 
scientia-rex: Raise your hand if you have ever felt personally victimized by this post",,,,,SUCCESS,
TE-602,"1040 (repeated on sheep), Annual sleep disorder for tax accountants.",,,,,SUCCESS,
TE-644,"DON'T LOSE YOUR MIND
A HEADTRIP FOR DON'T REST YOUR HEAD
FROM BENJAMIN BAUGH AND FRED HICKS",,,,,SUCCESS,
VA-244,Porn hub,,,,,SUCCESS,
VA-302,Google how to cook meth ALL VIDEOS NEWS IMAGES MAPS @Sissy_Hypno_Factory,,,,,SUCCESS,
