image_id,category,InstructBLIP_pred,InstructBLIP_raw,human_label
TE-104.jpg,BRAND_DEPENDENT,[INFERENCE_ERROR],[INFERENCE_ERROR],
TE-177.jpg,BRAND_DEPENDENT,[INFERENCE_ERROR],[INFERENCE_ERROR],
TE-184.jpg,BRAND_DEPENDENT,[INFERENCE_ERROR],[INFERENCE_ERROR],
TE-195.jpg,BRAND_DEPENDENT,[INFERENCE_ERROR],[INFERENCE_ERROR],
TE-285.jpg,BRAND_DEPENDENT,[INFERENCE_ERROR],[INFERENCE_ERROR],
TE-303.jpg,BRAND_DEPENDENT,[INFERENCE_ERROR],[INFERENCE_ERROR],
TE-343.jpg,BRAND_DEPENDENT,[INFERENCE_ERROR],[INFERENCE_ERROR],
TE-378.jpg,BRAND_DEPENDENT,[INFERENCE_ERROR],[INFERENCE_ERROR],
TE-425.jpg,BRAND_DEPENDENT,[INFERENCE_ERROR],[INFERENCE_ERROR],
TE-549.jpg,BRAND_DEPENDENT,[INFERENCE_ERROR],[INFERENCE_ERROR],
TE-583.jpg,BRAND_DEPENDENT,[INFERENCE_ERROR],[INFERENCE_ERROR],
TE-586.jpg,BRAND_DEPENDENT,[INFERENCE_ERROR],[INFERENCE_ERROR],
TE-629.jpg,BRAND_DEPENDENT,[INFERENCE_ERROR],[INFERENCE_ERROR],
TE-8.jpg,BRAND_DEPENDENT,[INFERENCE_ERROR],[INFERENCE_ERROR],
TE-149.jpg,CELEBRITY_DEPENDENT,[INFERENCE_ERROR],[INFERENCE_ERROR],
TE-158.jpg,CELEBRITY_DEPENDENT,[INFERENCE_ERROR],[INFERENCE_ERROR],
TE-185.jpg,CELEBRITY_DEPENDENT,[INFERENCE_ERROR],[INFERENCE_ERROR],
TE-21.jpg,CELEBRITY_DEPENDENT,[INFERENCE_ERROR],[INFERENCE_ERROR],
TE-238.jpg,CELEBRITY_DEPENDENT,[INFERENCE_ERROR],[INFERENCE_ERROR],
TE-26.jpg,CELEBRITY_DEPENDENT,[INFERENCE_ERROR],[INFERENCE_ERROR],
TE-40.jpg,CELEBRITY_DEPENDENT,[INFERENCE_ERROR],[INFERENCE_ERROR],
TE-470.jpg,CELEBRITY_DEPENDENT,[INFERENCE_ERROR],[INFERENCE_ERROR],
TE-141.jpg,CULTURAL_REFERENCE_DEPENDENT,[INFERENCE_ERROR],[INFERENCE_ERROR],
TE-147.jpg,CULTURAL_REFERENCE_DEPENDENT,[INFERENCE_ERROR],[INFERENCE_ERROR],
TE-160.jpg,CULTURAL_REFERENCE_DEPENDENT,[INFERENCE_ERROR],[INFERENCE_ERROR],
TE-197.jpg,CULTURAL_REFERENCE_DEPENDENT,[INFERENCE_ERROR],[INFERENCE_ERROR],
TE-214.jpg,CULTURAL_REFERENCE_DEPENDENT,[INFERENCE_ERROR],[INFERENCE_ERROR],
TE-232.jpg,CULTURAL_REFERENCE_DEPENDENT,[INFERENCE_ERROR],[INFERENCE_ERROR],
TE-299.jpg,CULTURAL_REFERENCE_DEPENDENT,[INFERENCE_ERROR],[INFERENCE_ERROR],
TE-309.jpg,CULTURAL_REFERENCE_DEPENDENT,[INFERENCE_ERROR],[INFERENCE_ERROR],
TE-33.jpg,CULTURAL_REFERENCE_DEPENDENT,[INFERENCE_ERROR],[INFERENCE_ERROR],
TE-333.jpg,CULTURAL_REFERENCE_DEPENDENT,[INFERENCE_ERROR],[INFERENCE_ERROR],
TE-342.jpg,CULTURAL_REFERENCE_DEPENDENT,[INFERENCE_ERROR],[INFERENCE_ERROR],
TE-374.jpg,CULTURAL_REFERENCE_DEPENDENT,[INFERENCE_ERROR],[INFERENCE_ERROR],
TE-385.jpg,CULTURAL_REFERENCE_DEPENDENT,[INFERENCE_ERROR],[INFERENCE_ERROR],
TE-411.jpg,CULTURAL_REFERENCE_DEPENDENT,[INFERENCE_ERROR],[INFERENCE_ERROR],
TE-506.jpg,CULTURAL_REFERENCE_DEPENDENT,[INFERENCE_ERROR],[INFERENCE_ERROR],
TE-619.jpg,CULTURAL_REFERENCE_DEPENDENT,[INFERENCE_ERROR],[INFERENCE_ERROR],
TE-70.jpg,CULTURAL_REFERENCE_DEPENDENT,[INFERENCE_ERROR],[INFERENCE_ERROR],
TE-74.jpg,CULTURAL_REFERENCE_DEPENDENT,[INFERENCE_ERROR],[INFERENCE_ERROR],
TE-256.jpg,INTERNET_CULTURE_DEPENDENT,[INFERENCE_ERROR],[INFERENCE_ERROR],
TE-611.jpg,INTERNET_CULTURE_DEPENDENT,[INFERENCE_ERROR],[INFERENCE_ERROR],
TE-90.jpg,INTERNET_CULTURE_DEPENDENT,[INFERENCE_ERROR],[INFERENCE_ERROR],
TE-107.jpg,LANGUAGE_DEPENDENT,[INFERENCE_ERROR],[INFERENCE_ERROR],
TE-14.jpg,LANGUAGE_DEPENDENT,[INFERENCE_ERROR],[INFERENCE_ERROR],
TE-170.jpg,LANGUAGE_DEPENDENT,[INFERENCE_ERROR],[INFERENCE_ERROR],
TE-175.jpg,LANGUAGE_DEPENDENT,[INFERENCE_ERROR],[INFERENCE_ERROR],
TE-251.jpg,LANGUAGE_DEPENDENT,[INFERENCE_ERROR],[INFERENCE_ERROR],
TE-259.jpg,LANGUAGE_DEPENDENT,[INFERENCE_ERROR],[INFERENCE_ERROR],
TE-268.jpg,LANGUAGE_DEPENDENT,[INFERENCE_ERROR],[INFERENCE_ERROR],
TE-306.jpg,LANGUAGE_DEPENDENT,[INFERENCE_ERROR],[INFERENCE_ERROR],
TE-362.jpg,LANGUAGE_DEPENDENT,[INFERENCE_ERROR],[INFERENCE_ERROR],
TE-370.jpg,LANGUAGE_DEPENDENT,[INFERENCE_ERROR],[INFERENCE_ERROR],
TE-384.jpg,LANGUAGE_DEPENDENT,[INFERENCE_ERROR],[INFERENCE_ERROR],
TE-418.jpg,LANGUAGE_DEPENDENT,[INFERENCE_ERROR],[INFERENCE_ERROR],
TE-431.jpg,LANGUAGE_DEPENDENT,[INFERENCE_ERROR],[INFERENCE_ERROR],
TE-434.jpg,LANGUAGE_DEPENDENT,[INFERENCE_ERROR],[INFERENCE_ERROR],
TE-446.jpg,LANGUAGE_DEPENDENT,[INFERENCE_ERROR],[INFERENCE_ERROR],
TE-457.jpg,LANGUAGE_DEPENDENT,[INFERENCE_ERROR],[INFERENCE_ERROR],
TE-471.jpg,LANGUAGE_DEPENDENT,[INFERENCE_ERROR],[INFERENCE_ERROR],
TE-479.jpg,LANGUAGE_DEPENDENT,[INFERENCE_ERROR],[INFERENCE_ERROR],
TE-492.jpg,LANGUAGE_DEPENDENT,[INFERENCE_ERROR],[INFERENCE_ERROR],
TE-509.jpg,LANGUAGE_DEPENDENT,[INFERENCE_ERROR],[INFERENCE_ERROR],
TE-519.jpg,LANGUAGE_DEPENDENT,[INFERENCE_ERROR],[INFERENCE_ERROR],
TE-526.jpg,LANGUAGE_DEPENDENT,[INFERENCE_ERROR],[INFERENCE_ERROR],
TE-615.jpg,LANGUAGE_DEPENDENT,[INFERENCE_ERROR],[INFERENCE_ERROR],
TE-632.jpg,LANGUAGE_DEPENDENT,[INFERENCE_ERROR],[INFERENCE_ERROR],
TE-9.jpg,LANGUAGE_DEPENDENT,[INFERENCE_ERROR],[INFERENCE_ERROR],
TE-201.jpg,LIFESTYLE_CONTEXT_DEPENDENT,[INFERENCE_ERROR],[INFERENCE_ERROR],
TE-296.jpg,LIFESTYLE_CONTEXT_DEPENDENT,[INFERENCE_ERROR],[INFERENCE_ERROR],
TE-521.jpg,LIFESTYLE_CONTEXT_DEPENDENT,[INFERENCE_ERROR],[INFERENCE_ERROR],
TE-226.jpg,MEDIA_CONTEXT_DEPENDENT,[INFERENCE_ERROR],[INFERENCE_ERROR],
TE-294.jpg,MEDIA_CONTEXT_DEPENDENT,[INFERENCE_ERROR],[INFERENCE_ERROR],
TE-323.jpg,MEDIA_CONTEXT_DEPENDENT,[INFERENCE_ERROR],[INFERENCE_ERROR],
TE-336.jpg,MEDIA_CONTEXT_DEPENDENT,[INFERENCE_ERROR],[INFERENCE_ERROR],
TE-354.jpg,MEDIA_CONTEXT_DEPENDENT,[INFERENCE_ERROR],[INFERENCE_ERROR],
TE-47.jpg,MEDIA_CONTEXT_DEPENDENT,[INFERENCE_ERROR],[INFERENCE_ERROR],
TE-497.jpg,MEDIA_CONTEXT_DEPENDENT,[INFERENCE_ERROR],[INFERENCE_ERROR],
TE-505.jpg,MEDIA_CONTEXT_DEPENDENT,[INFERENCE_ERROR],[INFERENCE_ERROR],
TE-525.jpg,MEDIA_CONTEXT_DEPENDENT,[INFERENCE_ERROR],[INFERENCE_ERROR],
TE-98.jpg,MEDIA_CONTEXT_DEPENDENT,[INFERENCE_ERROR],[INFERENCE_ERROR],
TE-140.jpg,MEME_FORMAT_DEPENDENT,[INFERENCE_ERROR],[INFERENCE_ERROR],
TE-196.jpg,MEME_FORMAT_DEPENDENT,[INFERENCE_ERROR],[INFERENCE_ERROR],
TE-484.jpg,MEME_FORMAT_DEPENDENT,[INFERENCE_ERROR],[INFERENCE_ERROR],
TE-550.jpg,MEME_FORMAT_DEPENDENT,[INFERENCE_ERROR],[INFERENCE_ERROR],
TE-589.jpg,MEME_FORMAT_DEPENDENT,[INFERENCE_ERROR],[INFERENCE_ERROR],
TE-591.jpg,MEME_FORMAT_DEPENDENT,[INFERENCE_ERROR],[INFERENCE_ERROR],
TE-112.jpg,NICHE_SUBCULTURE_DEPENDENT,[INFERENCE_ERROR],[INFERENCE_ERROR],
TE-172.jpg,NICHE_SUBCULTURE_DEPENDENT,[INFERENCE_ERROR],[INFERENCE_ERROR],
TE-249.jpg,NICHE_SUBCULTURE_DEPENDENT,[INFERENCE_ERROR],[INFERENCE_ERROR],
TE-279.jpg,NICHE_SUBCULTURE_DEPENDENT,[INFERENCE_ERROR],[INFERENCE_ERROR],
TE-346.jpg,NICHE_SUBCULTURE_DEPENDENT,[INFERENCE_ERROR],[INFERENCE_ERROR],
TE-37.jpg,NICHE_SUBCULTURE_DEPENDENT,[INFERENCE_ERROR],[INFERENCE_ERROR],
TE-595.jpg,NICHE_SUBCULTURE_DEPENDENT,[INFERENCE_ERROR],[INFERENCE_ERROR],
TE-78.jpg,NICHE_SUBCULTURE_DEPENDENT,[INFERENCE_ERROR],[INFERENCE_ERROR],
TE-88.jpg,NICHE_SUBCULTURE_DEPENDENT,[INFERENCE_ERROR],[INFERENCE_ERROR],
TE-166.jpg,POP_CULTURE_DEPENDENT,[INFERENCE_ERROR],[INFERENCE_ERROR],
TE-168.jpg,POP_CULTURE_DEPENDENT,[INFERENCE_ERROR],[INFERENCE_ERROR],
TE-174.jpg,POP_CULTURE_DEPENDENT,[INFERENCE_ERROR],[INFERENCE_ERROR],
TE-178.jpg,POP_CULTURE_DEPENDENT,[INFERENCE_ERROR],[INFERENCE_ERROR],
TE-188.jpg,POP_CULTURE_DEPENDENT,[INFERENCE_ERROR],[INFERENCE_ERROR],
TE-200.jpg,POP_CULTURE_DEPENDENT,[INFERENCE_ERROR],[INFERENCE_ERROR],
TE-213.jpg,POP_CULTURE_DEPENDENT,[INFERENCE_ERROR],[INFERENCE_ERROR],
TE-222.jpg,POP_CULTURE_DEPENDENT,[INFERENCE_ERROR],[INFERENCE_ERROR],
TE-236.jpg,POP_CULTURE_DEPENDENT,[INFERENCE_ERROR],[INFERENCE_ERROR],
TE-244.jpg,POP_CULTURE_DEPENDENT,[INFERENCE_ERROR],[INFERENCE_ERROR],
TE-255.jpg,POP_CULTURE_DEPENDENT,[INFERENCE_ERROR],[INFERENCE_ERROR],
TE-275.jpg,POP_CULTURE_DEPENDENT,[INFERENCE_ERROR],[INFERENCE_ERROR],
TE-291.jpg,POP_CULTURE_DEPENDENT,[INFERENCE_ERROR],[INFERENCE_ERROR],
TE-34.jpg,POP_CULTURE_DEPENDENT,[INFERENCE_ERROR],[INFERENCE_ERROR],
TE-364.jpg,POP_CULTURE_DEPENDENT,[INFERENCE_ERROR],[INFERENCE_ERROR],
TE-379.jpg,POP_CULTURE_DEPENDENT,[INFERENCE_ERROR],[INFERENCE_ERROR],
TE-467.jpg,POP_CULTURE_DEPENDENT,[INFERENCE_ERROR],[INFERENCE_ERROR],
TE-50.jpg,POP_CULTURE_DEPENDENT,[INFERENCE_ERROR],[INFERENCE_ERROR],
TE-540.jpg,POP_CULTURE_DEPENDENT,[INFERENCE_ERROR],[INFERENCE_ERROR],
TE-546.jpg,POP_CULTURE_DEPENDENT,[INFERENCE_ERROR],[INFERENCE_ERROR],
TE-650.jpg,POP_CULTURE_DEPENDENT,[INFERENCE_ERROR],[INFERENCE_ERROR],
TE-99.jpg,POP_CULTURE_DEPENDENT,[INFERENCE_ERROR],[INFERENCE_ERROR],
TE-32.jpg,REFERENCE_DEPENDENT,[INFERENCE_ERROR],[INFERENCE_ERROR],
TE-44.jpg,REFERENCE_DEPENDENT,[INFERENCE_ERROR],[INFERENCE_ERROR],
TE-442.jpg,REFERENCE_DEPENDENT,[INFERENCE_ERROR],[INFERENCE_ERROR],
TE-602.jpg,REFERENCE_DEPENDENT,[INFERENCE_ERROR],[INFERENCE_ERROR],
TE-644.jpg,REFERENCE_DEPENDENT,[INFERENCE_ERROR],[INFERENCE_ERROR],
TE-1.jpg,UNIVERSAL_HUMAN,[INFERENCE_ERROR],[INFERENCE_ERROR],
TE-10.jpg,UNIVERSAL_HUMAN,[INFERENCE_ERROR],[INFERENCE_ERROR],
TE-100.jpg,UNIVERSAL_HUMAN,[INFERENCE_ERROR],[INFERENCE_ERROR],
TE-101.jpg,UNIVERSAL_HUMAN,[INFERENCE_ERROR],[INFERENCE_ERROR],
TE-102.jpg,UNIVERSAL_HUMAN,[INFERENCE_ERROR],[INFERENCE_ERROR],
TE-103.jpg,UNIVERSAL_HUMAN,[INFERENCE_ERROR],[INFERENCE_ERROR],
TE-105.jpg,UNIVERSAL_HUMAN,[INFERENCE_ERROR],[INFERENCE_ERROR],
TE-106.jpg,UNIVERSAL_HUMAN,[INFERENCE_ERROR],[INFERENCE_ERROR],
TE-108.jpg,UNIVERSAL_HUMAN,[INFERENCE_ERROR],[INFERENCE_ERROR],
TE-109.jpg,UNIVERSAL_HUMAN,[INFERENCE_ERROR],[INFERENCE_ERROR],
TE-11.jpg,UNIVERSAL_HUMAN,[INFERENCE_ERROR],[INFERENCE_ERROR],
TE-110.jpg,UNIVERSAL_HUMAN,[INFERENCE_ERROR],[INFERENCE_ERROR],
TE-111.jpg,UNIVERSAL_HUMAN,[INFERENCE_ERROR],[INFERENCE_ERROR],
TE-113.jpg,UNIVERSAL_HUMAN,[INFERENCE_ERROR],[INFERENCE_ERROR],
TE-114.jpg,UNIVERSAL_HUMAN,[INFERENCE_ERROR],[INFERENCE_ERROR],
TE-115.jpg,UNIVERSAL_HUMAN,[INFERENCE_ERROR],[INFERENCE_ERROR],
TE-116.jpg,UNIVERSAL_HUMAN,[INFERENCE_ERROR],[INFERENCE_ERROR],
TE-117.jpg,UNIVERSAL_HUMAN,[INFERENCE_ERROR],[INFERENCE_ERROR],
TE-118.jpg,UNIVERSAL_HUMAN,[INFERENCE_ERROR],[INFERENCE_ERROR],
TE-119.jpg,UNIVERSAL_HUMAN,[INFERENCE_ERROR],[INFERENCE_ERROR],
TE-12.jpg,UNIVERSAL_HUMAN,[INFERENCE_ERROR],[INFERENCE_ERROR],
TE-120.jpg,UNIVERSAL_HUMAN,[INFERENCE_ERROR],[INFERENCE_ERROR],
TE-121.jpg,UNIVERSAL_HUMAN,[INFERENCE_ERROR],[INFERENCE_ERROR],
TE-122.jpg,UNIVERSAL_HUMAN,[INFERENCE_ERROR],[INFERENCE_ERROR],
TE-123.jpg,UNIVERSAL_HUMAN,[INFERENCE_ERROR],[INFERENCE_ERROR],
TE-125.jpg,UNIVERSAL_HUMAN,[INFERENCE_ERROR],[INFERENCE_ERROR],
TE-126.jpg,UNIVERSAL_HUMAN,[INFERENCE_ERROR],[INFERENCE_ERROR],
TE-127.jpg,UNIVERSAL_HUMAN,[INFERENCE_ERROR],[INFERENCE_ERROR],
TE-128.jpg,UNIVERSAL_HUMAN,[INFERENCE_ERROR],[INFERENCE_ERROR],
TE-129.jpg,UNIVERSAL_HUMAN,[INFERENCE_ERROR],[INFERENCE_ERROR],
TE-13.jpg,UNIVERSAL_HUMAN,[INFERENCE_ERROR],[INFERENCE_ERROR],
TE-130.jpg,UNIVERSAL_HUMAN,[INFERENCE_ERROR],[INFERENCE_ERROR],
TE-131.jpg,UNIVERSAL_HUMAN,[INFERENCE_ERROR],[INFERENCE_ERROR],
TE-132.jpg,UNIVERSAL_HUMAN,[INFERENCE_ERROR],[INFERENCE_ERROR],
TE-133.jpg,UNIVERSAL_HUMAN,[INFERENCE_ERROR],[INFERENCE_ERROR],
TE-134.jpg,UNIVERSAL_HUMAN,[INFERENCE_ERROR],[INFERENCE_ERROR],
TE-135.jpg,UNIVERSAL_HUMAN,[INFERENCE_ERROR],[INFERENCE_ERROR],
TE-136.jpg,UNIVERSAL_HUMAN,[INFERENCE_ERROR],[INFERENCE_ERROR],
TE-137.jpg,UNIVERSAL_HUMAN,[INFERENCE_ERROR],[INFERENCE_ERROR],
TE-138.jpg,UNIVERSAL_HUMAN,[INFERENCE_ERROR],[INFERENCE_ERROR],
TE-139.jpg,UNIVERSAL_HUMAN,[INFERENCE_ERROR],[INFERENCE_ERROR],
TE-142.jpg,UNIVERSAL_HUMAN,[INFERENCE_ERROR],[INFERENCE_ERROR],
TE-143.jpg,UNIVERSAL_HUMAN,[INFERENCE_ERROR],[INFERENCE_ERROR],
TE-144.jpg,UNIVERSAL_HUMAN,[INFERENCE_ERROR],[INFERENCE_ERROR],
TE-145.jpg,UNIVERSAL_HUMAN,[INFERENCE_ERROR],[INFERENCE_ERROR],
TE-146.jpg,UNIVERSAL_HUMAN,[INFERENCE_ERROR],[INFERENCE_ERROR],
TE-148.jpg,UNIVERSAL_HUMAN,[INFERENCE_ERROR],[INFERENCE_ERROR],
TE-15.jpg,UNIVERSAL_HUMAN,[INFERENCE_ERROR],[INFERENCE_ERROR],
TE-150.jpg,UNIVERSAL_HUMAN,[INFERENCE_ERROR],[INFERENCE_ERROR],
TE-151.jpg,UNIVERSAL_HUMAN,[INFERENCE_ERROR],[INFERENCE_ERROR],
TE-152.jpg,UNIVERSAL_HUMAN,[INFERENCE_ERROR],[INFERENCE_ERROR],
TE-153.jpg,UNIVERSAL_HUMAN,[INFERENCE_ERROR],[INFERENCE_ERROR],
TE-154.jpg,UNIVERSAL_HUMAN,[INFERENCE_ERROR],[INFERENCE_ERROR],
TE-155.jpg,UNIVERSAL_HUMAN,[INFERENCE_ERROR],[INFERENCE_ERROR],
TE-156.jpg,UNIVERSAL_HUMAN,[INFERENCE_ERROR],[INFERENCE_ERROR],
TE-157.jpg,UNIVERSAL_HUMAN,[INFERENCE_ERROR],[INFERENCE_ERROR],
TE-159.jpg,UNIVERSAL_HUMAN,[INFERENCE_ERROR],[INFERENCE_ERROR],
TE-16.jpg,UNIVERSAL_HUMAN,[INFERENCE_ERROR],[INFERENCE_ERROR],
TE-161.jpg,UNIVERSAL_HUMAN,[INFERENCE_ERROR],[INFERENCE_ERROR],
TE-162.jpg,UNIVERSAL_HUMAN,[INFERENCE_ERROR],[INFERENCE_ERROR],
TE-163.jpg,UNIVERSAL_HUMAN,[INFERENCE_ERROR],[INFERENCE_ERROR],
TE-164.jpg,UNIVERSAL_HUMAN,[INFERENCE_ERROR],[INFERENCE_ERROR],
TE-165.jpg,UNIVERSAL_HUMAN,[INFERENCE_ERROR],[INFERENCE_ERROR],
TE-167.jpg,UNIVERSAL_HUMAN,[INFERENCE_ERROR],[INFERENCE_ERROR],
TE-169.jpg,UNIVERSAL_HUMAN,[INFERENCE_ERROR],[INFERENCE_ERROR],
TE-17.jpg,UNIVERSAL_HUMAN,[INFERENCE_ERROR],[INFERENCE_ERROR],
TE-171.jpg,UNIVERSAL_HUMAN,[INFERENCE_ERROR],[INFERENCE_ERROR],
TE-173.jpg,UNIVERSAL_HUMAN,[INFERENCE_ERROR],[INFERENCE_ERROR],
TE-176.jpg,UNIVERSAL_HUMAN,[INFERENCE_ERROR],[INFERENCE_ERROR],
TE-179.jpg,UNIVERSAL_HUMAN,[INFERENCE_ERROR],[INFERENCE_ERROR],
TE-18.jpg,UNIVERSAL_HUMAN,[INFERENCE_ERROR],[INFERENCE_ERROR],
TE-180.jpg,UNIVERSAL_HUMAN,[INFERENCE_ERROR],[INFERENCE_ERROR],
TE-181.jpg,UNIVERSAL_HUMAN,[INFERENCE_ERROR],[INFERENCE_ERROR],
TE-182.jpg,UNIVERSAL_HUMAN,[INFERENCE_ERROR],[INFERENCE_ERROR],
TE-183.jpg,UNIVERSAL_HUMAN,[INFERENCE_ERROR],[INFERENCE_ERROR],
TE-186.jpg,UNIVERSAL_HUMAN,[INFERENCE_ERROR],[INFERENCE_ERROR],
TE-187.jpg,UNIVERSAL_HUMAN,[INFERENCE_ERROR],[INFERENCE_ERROR],
TE-189.jpg,UNIVERSAL_HUMAN,[INFERENCE_ERROR],[INFERENCE_ERROR],
TE-19.jpg,UNIVERSAL_HUMAN,[INFERENCE_ERROR],[INFERENCE_ERROR],
TE-190.jpg,UNIVERSAL_HUMAN,[INFERENCE_ERROR],[INFERENCE_ERROR],
TE-191.jpg,UNIVERSAL_HUMAN,[INFERENCE_ERROR],[INFERENCE_ERROR],
TE-192.jpg,UNIVERSAL_HUMAN,[INFERENCE_ERROR],[INFERENCE_ERROR],
TE-193.jpg,UNIVERSAL_HUMAN,[INFERENCE_ERROR],[INFERENCE_ERROR],
TE-194.jpg,UNIVERSAL_HUMAN,[INFERENCE_ERROR],[INFERENCE_ERROR],
TE-198.jpg,UNIVERSAL_HUMAN,[INFERENCE_ERROR],[INFERENCE_ERROR],
TE-199.jpg,UNIVERSAL_HUMAN,[INFERENCE_ERROR],[INFERENCE_ERROR],
TE-2.jpg,UNIVERSAL_HUMAN,[INFERENCE_ERROR],[INFERENCE_ERROR],
TE-20.jpg,UNIVERSAL_HUMAN,[INFERENCE_ERROR],[INFERENCE_ERROR],
TE-202.jpg,UNIVERSAL_HUMAN,[INFERENCE_ERROR],[INFERENCE_ERROR],
TE-203.jpg,UNIVERSAL_HUMAN,[INFERENCE_ERROR],[INFERENCE_ERROR],
TE-204.jpg,UNIVERSAL_HUMAN,[INFERENCE_ERROR],[INFERENCE_ERROR],
TE-206.jpg,UNIVERSAL_HUMAN,[INFERENCE_ERROR],[INFERENCE_ERROR],
TE-207.jpg,UNIVERSAL_HUMAN,[INFERENCE_ERROR],[INFERENCE_ERROR],
TE-208.jpg,UNIVERSAL_HUMAN,[INFERENCE_ERROR],[INFERENCE_ERROR],
TE-209.jpg,UNIVERSAL_HUMAN,[INFERENCE_ERROR],[INFERENCE_ERROR],
TE-210.jpg,UNIVERSAL_HUMAN,[INFERENCE_ERROR],[INFERENCE_ERROR],
TE-211.jpg,UNIVERSAL_HUMAN,[INFERENCE_ERROR],[INFERENCE_ERROR],
TE-212.jpg,UNIVERSAL_HUMAN,[INFERENCE_ERROR],[INFERENCE_ERROR],
TE-215.jpg,UNIVERSAL_HUMAN,[INFERENCE_ERROR],[INFERENCE_ERROR],
TE-216.jpg,UNIVERSAL_HUMAN,[INFERENCE_ERROR],[INFERENCE_ERROR],
TE-217.jpg,UNIVERSAL_HUMAN,[INFERENCE_ERROR],[INFERENCE_ERROR],
TE-218.jpg,UNIVERSAL_HUMAN,[INFERENCE_ERROR],[INFERENCE_ERROR],
TE-22.jpg,UNIVERSAL_HUMAN,[INFERENCE_ERROR],[INFERENCE_ERROR],
TE-220.jpg,UNIVERSAL_HUMAN,[INFERENCE_ERROR],[INFERENCE_ERROR],
TE-221.jpg,UNIVERSAL_HUMAN,[INFERENCE_ERROR],[INFERENCE_ERROR],
TE-223.jpg,UNIVERSAL_HUMAN,[INFERENCE_ERROR],[INFERENCE_ERROR],
TE-224.jpg,UNIVERSAL_HUMAN,[INFERENCE_ERROR],[INFERENCE_ERROR],
TE-225.jpg,UNIVERSAL_HUMAN,[INFERENCE_ERROR],[INFERENCE_ERROR],
TE-227.jpg,UNIVERSAL_HUMAN,[INFERENCE_ERROR],[INFERENCE_ERROR],
TE-228.jpg,UNIVERSAL_HUMAN,[INFERENCE_ERROR],[INFERENCE_ERROR],
TE-229.jpg,UNIVERSAL_HUMAN,[INFERENCE_ERROR],[INFERENCE_ERROR],
TE-23.jpg,UNIVERSAL_HUMAN,[INFERENCE_ERROR],[INFERENCE_ERROR],
TE-230.jpg,UNIVERSAL_HUMAN,[INFERENCE_ERROR],[INFERENCE_ERROR],
TE-231.jpg,UNIVERSAL_HUMAN,[INFERENCE_ERROR],[INFERENCE_ERROR],
TE-233.jpg,UNIVERSAL_HUMAN,[INFERENCE_ERROR],[INFERENCE_ERROR],
TE-234.jpg,UNIVERSAL_HUMAN,[INFERENCE_ERROR],[INFERENCE_ERROR],
TE-235.jpg,UNIVERSAL_HUMAN,[INFERENCE_ERROR],[INFERENCE_ERROR],
TE-237.jpg,UNIVERSAL_HUMAN,[INFERENCE_ERROR],[INFERENCE_ERROR],
TE-239.jpg,UNIVERSAL_HUMAN,[INFERENCE_ERROR],[INFERENCE_ERROR],
TE-24.jpg,UNIVERSAL_HUMAN,[INFERENCE_ERROR],[INFERENCE_ERROR],
TE-240.jpg,UNIVERSAL_HUMAN,[INFERENCE_ERROR],[INFERENCE_ERROR],
TE-241.jpg,UNIVERSAL_HUMAN,[INFERENCE_ERROR],[INFERENCE_ERROR],
TE-242.jpg,UNIVERSAL_HUMAN,[INFERENCE_ERROR],[INFERENCE_ERROR],
TE-243.jpg,UNIVERSAL_HUMAN,[INFERENCE_ERROR],[INFERENCE_ERROR],
TE-245.jpg,UNIVERSAL_HUMAN,[INFERENCE_ERROR],[INFERENCE_ERROR],
TE-246.jpg,UNIVERSAL_HUMAN,[INFERENCE_ERROR],[INFERENCE_ERROR],
TE-247.jpg,UNIVERSAL_HUMAN,[INFERENCE_ERROR],[INFERENCE_ERROR],
TE-248.jpg,UNIVERSAL_HUMAN,[INFERENCE_ERROR],[INFERENCE_ERROR],
TE-25.jpg,UNIVERSAL_HUMAN,[INFERENCE_ERROR],[INFERENCE_ERROR],
TE-250.jpg,UNIVERSAL_HUMAN,[INFERENCE_ERROR],[INFERENCE_ERROR],
TE-252.jpg,UNIVERSAL_HUMAN,[INFERENCE_ERROR],[INFERENCE_ERROR],
TE-253.jpg,UNIVERSAL_HUMAN,[INFERENCE_ERROR],[INFERENCE_ERROR],
TE-254.jpg,UNIVERSAL_HUMAN,[INFERENCE_ERROR],[INFERENCE_ERROR],
TE-257.jpg,UNIVERSAL_HUMAN,[INFERENCE_ERROR],[INFERENCE_ERROR],
TE-258.jpg,UNIVERSAL_HUMAN,[INFERENCE_ERROR],[INFERENCE_ERROR],
TE-260.jpg,UNIVERSAL_HUMAN,[INFERENCE_ERROR],[INFERENCE_ERROR],
TE-261.jpg,UNIVERSAL_HUMAN,[INFERENCE_ERROR],[INFERENCE_ERROR],
TE-262.jpg,UNIVERSAL_HUMAN,[INFERENCE_ERROR],[INFERENCE_ERROR],
TE-263.jpg,UNIVERSAL_HUMAN,[INFERENCE_ERROR],[INFERENCE_ERROR],
TE-264.jpg,UNIVERSAL_HUMAN,[INFERENCE_ERROR],[INFERENCE_ERROR],
TE-265.jpg,UNIVERSAL_HUMAN,[INFERENCE_ERROR],[INFERENCE_ERROR],
TE-266.jpg,UNIVERSAL_HUMAN,[INFERENCE_ERROR],[INFERENCE_ERROR],
TE-267.jpg,UNIVERSAL_HUMAN,[INFERENCE_ERROR],[INFERENCE_ERROR],
TE-269.jpg,UNIVERSAL_HUMAN,[INFERENCE_ERROR],[INFERENCE_ERROR],
TE-27.jpg,UNIVERSAL_HUMAN,[INFERENCE_ERROR],[INFERENCE_ERROR],
TE-270.jpg,UNIVERSAL_HUMAN,[INFERENCE_ERROR],[INFERENCE_ERROR],
TE-271.jpg,UNIVERSAL_HUMAN,[INFERENCE_ERROR],[INFERENCE_ERROR],
TE-272.jpg,UNIVERSAL_HUMAN,[INFERENCE_ERROR],[INFERENCE_ERROR],
TE-273.jpg,UNIVERSAL_HUMAN,[INFERENCE_ERROR],[INFERENCE_ERROR],
TE-274.jpg,UNIVERSAL_HUMAN,[INFERENCE_ERROR],[INFERENCE_ERROR],
TE-277.jpg,UNIVERSAL_HUMAN,[INFERENCE_ERROR],[INFERENCE_ERROR],
TE-278.jpg,UNIVERSAL_HUMAN,[INFERENCE_ERROR],[INFERENCE_ERROR],
TE-28.jpg,UNIVERSAL_HUMAN,[INFERENCE_ERROR],[INFERENCE_ERROR],
TE-280.jpg,UNIVERSAL_HUMAN,[INFERENCE_ERROR],[INFERENCE_ERROR],
TE-281.jpg,UNIVERSAL_HUMAN,[INFERENCE_ERROR],[INFERENCE_ERROR],
TE-282.jpg,UNIVERSAL_HUMAN,[INFERENCE_ERROR],[INFERENCE_ERROR],
TE-283.jpg,UNIVERSAL_HUMAN,[INFERENCE_ERROR],[INFERENCE_ERROR],
TE-284.jpg,UNIVERSAL_HUMAN,[INFERENCE_ERROR],[INFERENCE_ERROR],
TE-286.jpg,UNIVERSAL_HUMAN,[INFERENCE_ERROR],[INFERENCE_ERROR],
TE-288.jpg,UNIVERSAL_HUMAN,[INFERENCE_ERROR],[INFERENCE_ERROR],
TE-289.jpg,UNIVERSAL_HUMAN,[INFERENCE_ERROR],[INFERENCE_ERROR],
TE-29.jpg,UNIVERSAL_HUMAN,[INFERENCE_ERROR],[INFERENCE_ERROR],
TE-290.jpg,UNIVERSAL_HUMAN,[INFERENCE_ERROR],[INFERENCE_ERROR],
TE-292.jpg,UNIVERSAL_HUMAN,[INFERENCE_ERROR],[INFERENCE_ERROR],
TE-293.jpg,UNIVERSAL_HUMAN,[INFERENCE_ERROR],[INFERENCE_ERROR],
TE-295.jpg,UNIVERSAL_HUMAN,[INFERENCE_ERROR],[INFERENCE_ERROR],
TE-297.jpg,UNIVERSAL_HUMAN,[INFERENCE_ERROR],[INFERENCE_ERROR],
TE-298.jpg,UNIVERSAL_HUMAN,[INFERENCE_ERROR],[INFERENCE_ERROR],
TE-3.jpg,UNIVERSAL_HUMAN,[INFERENCE_ERROR],[INFERENCE_ERROR],
TE-300.jpg,UNIVERSAL_HUMAN,[INFERENCE_ERROR],[INFERENCE_ERROR],
TE-301.jpg,UNIVERSAL_HUMAN,[INFERENCE_ERROR],[INFERENCE_ERROR],
TE-302.jpg,UNIVERSAL_HUMAN,[INFERENCE_ERROR],[INFERENCE_ERROR],
TE-304.jpg,UNIVERSAL_HUMAN,[INFERENCE_ERROR],[INFERENCE_ERROR],
TE-305.jpg,UNIVERSAL_HUMAN,[INFERENCE_ERROR],[INFERENCE_ERROR],
TE-307.jpg,UNIVERSAL_HUMAN,[INFERENCE_ERROR],[INFERENCE_ERROR],
TE-308.jpg,UNIVERSAL_HUMAN,[INFERENCE_ERROR],[INFERENCE_ERROR],
TE-31.jpg,UNIVERSAL_HUMAN,[INFERENCE_ERROR],[INFERENCE_ERROR],
TE-310.jpg,UNIVERSAL_HUMAN,[INFERENCE_ERROR],[INFERENCE_ERROR],
TE-312.jpg,UNIVERSAL_HUMAN,[INFERENCE_ERROR],[INFERENCE_ERROR],
TE-313.jpg,UNIVERSAL_HUMAN,[INFERENCE_ERROR],[INFERENCE_ERROR],
TE-314.jpg,UNIVERSAL_HUMAN,[INFERENCE_ERROR],[INFERENCE_ERROR],
TE-315.jpg,UNIVERSAL_HUMAN,[INFERENCE_ERROR],[INFERENCE_ERROR],
TE-317.jpg,UNIVERSAL_HUMAN,[INFERENCE_ERROR],[INFERENCE_ERROR],
TE-318.jpg,UNIVERSAL_HUMAN,[INFERENCE_ERROR],[INFERENCE_ERROR],
TE-319.jpg,UNIVERSAL_HUMAN,[INFERENCE_ERROR],[INFERENCE_ERROR],
TE-320.jpg,UNIVERSAL_HUMAN,[INFERENCE_ERROR],[INFERENCE_ERROR],
TE-321.jpg,UNIVERSAL_HUMAN,[INFERENCE_ERROR],[INFERENCE_ERROR],
TE-322.jpg,UNIVERSAL_HUMAN,[INFERENCE_ERROR],[INFERENCE_ERROR],
TE-324.jpg,UNIVERSAL_HUMAN,[INFERENCE_ERROR],[INFERENCE_ERROR],
TE-325.jpg,UNIVERSAL_HUMAN,[INFERENCE_ERROR],[INFERENCE_ERROR],
TE-326.jpg,UNIVERSAL_HUMAN,[INFERENCE_ERROR],[INFERENCE_ERROR],
TE-327.jpg,UNIVERSAL_HUMAN,[INFERENCE_ERROR],[INFERENCE_ERROR],
TE-328.jpg,UNIVERSAL_HUMAN,[INFERENCE_ERROR],[INFERENCE_ERROR],
TE-329.jpg,UNIVERSAL_HUMAN,[INFERENCE_ERROR],[INFERENCE_ERROR],
TE-330.jpg,UNIVERSAL_HUMAN,[INFERENCE_ERROR],[INFERENCE_ERROR],
TE-331.jpg,UNIVERSAL_HUMAN,[INFERENCE_ERROR],[INFERENCE_ERROR],
TE-332.jpg,UNIVERSAL_HUMAN,[INFERENCE_ERROR],[INFERENCE_ERROR],
TE-334.jpg,UNIVERSAL_HUMAN,[INFERENCE_ERROR],[INFERENCE_ERROR],
TE-335.jpg,UNIVERSAL_HUMAN,[INFERENCE_ERROR],[INFERENCE_ERROR],
TE-337.jpg,UNIVERSAL_HUMAN,[INFERENCE_ERROR],[INFERENCE_ERROR],
TE-338.jpg,UNIVERSAL_HUMAN,[INFERENCE_ERROR],[INFERENCE_ERROR],
TE-339.jpg,UNIVERSAL_HUMAN,[INFERENCE_ERROR],[INFERENCE_ERROR],
TE-340.jpg,UNIVERSAL_HUMAN,[INFERENCE_ERROR],[INFERENCE_ERROR],
TE-341.jpg,UNIVERSAL_HUMAN,[INFERENCE_ERROR],[INFERENCE_ERROR],
TE-344.jpg,UNIVERSAL_HUMAN,[INFERENCE_ERROR],[INFERENCE_ERROR],
TE-345.jpg,UNIVERSAL_HUMAN,[INFERENCE_ERROR],[INFERENCE_ERROR],
TE-347.jpg,UNIVERSAL_HUMAN,[INFERENCE_ERROR],[INFERENCE_ERROR],
TE-348.jpg,UNIVERSAL_HUMAN,[INFERENCE_ERROR],[INFERENCE_ERROR],
TE-349.jpg,UNIVERSAL_HUMAN,[INFERENCE_ERROR],[INFERENCE_ERROR],
TE-35.jpg,UNIVERSAL_HUMAN,[INFERENCE_ERROR],[INFERENCE_ERROR],
TE-350.jpg,UNIVERSAL_HUMAN,[INFERENCE_ERROR],[INFERENCE_ERROR],
TE-351.jpg,UNIVERSAL_HUMAN,[INFERENCE_ERROR],[INFERENCE_ERROR],
TE-352.jpg,UNIVERSAL_HUMAN,[INFERENCE_ERROR],[INFERENCE_ERROR],
TE-353.jpg,UNIVERSAL_HUMAN,[INFERENCE_ERROR],[INFERENCE_ERROR],
TE-355.jpg,UNIVERSAL_HUMAN,[INFERENCE_ERROR],[INFERENCE_ERROR],
TE-356.jpg,UNIVERSAL_HUMAN,[INFERENCE_ERROR],[INFERENCE_ERROR],
TE-357.jpg,UNIVERSAL_HUMAN,[INFERENCE_ERROR],[INFERENCE_ERROR],
TE-358.jpg,UNIVERSAL_HUMAN,[INFERENCE_ERROR],[INFERENCE_ERROR],
TE-359.jpg,UNIVERSAL_HUMAN,[INFERENCE_ERROR],[INFERENCE_ERROR],
TE-36.jpg,UNIVERSAL_HUMAN,[INFERENCE_ERROR],[INFERENCE_ERROR],
TE-360.jpg,UNIVERSAL_HUMAN,[INFERENCE_ERROR],[INFERENCE_ERROR],
TE-361.jpg,UNIVERSAL_HUMAN,[INFERENCE_ERROR],[INFERENCE_ERROR],
TE-363.jpg,UNIVERSAL_HUMAN,[INFERENCE_ERROR],[INFERENCE_ERROR],
TE-365.jpg,UNIVERSAL_HUMAN,[INFERENCE_ERROR],[INFERENCE_ERROR],
TE-366.jpg,UNIVERSAL_HUMAN,[INFERENCE_ERROR],[INFERENCE_ERROR],
TE-368.jpg,UNIVERSAL_HUMAN,[INFERENCE_ERROR],[INFERENCE_ERROR],
TE-369.jpg,UNIVERSAL_HUMAN,[INFERENCE_ERROR],[INFERENCE_ERROR],
TE-371.jpg,UNIVERSAL_HUMAN,[INFERENCE_ERROR],[INFERENCE_ERROR],
TE-372.jpg,UNIVERSAL_HUMAN,[INFERENCE_ERROR],[INFERENCE_ERROR],
TE-375.jpg,UNIVERSAL_HUMAN,[INFERENCE_ERROR],[INFERENCE_ERROR],
TE-376.jpg,UNIVERSAL_HUMAN,[INFERENCE_ERROR],[INFERENCE_ERROR],
TE-377.jpg,UNIVERSAL_HUMAN,[INFERENCE_ERROR],[INFERENCE_ERROR],
TE-38.jpg,UNIVERSAL_HUMAN,[INFERENCE_ERROR],[INFERENCE_ERROR],
TE-380.jpg,UNIVERSAL_HUMAN,[INFERENCE_ERROR],[INFERENCE_ERROR],
TE-381.jpg,UNIVERSAL_HUMAN,[INFERENCE_ERROR],[INFERENCE_ERROR],
TE-382.jpg,UNIVERSAL_HUMAN,[INFERENCE_ERROR],[INFERENCE_ERROR],
TE-383.jpg,UNIVERSAL_HUMAN,[INFERENCE_ERROR],[INFERENCE_ERROR],
TE-386.jpg,UNIVERSAL_HUMAN,[INFERENCE_ERROR],[INFERENCE_ERROR],
TE-387.jpg,UNIVERSAL_HUMAN,[INFERENCE_ERROR],[INFERENCE_ERROR],
TE-388.jpg,UNIVERSAL_HUMAN,[INFERENCE_ERROR],[INFERENCE_ERROR],
TE-389.jpg,UNIVERSAL_HUMAN,[INFERENCE_ERROR],[INFERENCE_ERROR],
TE-39.jpg,UNIVERSAL_HUMAN,[INFERENCE_ERROR],[INFERENCE_ERROR],
TE-390.jpg,UNIVERSAL_HUMAN,[INFERENCE_ERROR],[INFERENCE_ERROR],
TE-391.jpg,UNIVERSAL_HUMAN,[INFERENCE_ERROR],[INFERENCE_ERROR],
TE-392.jpg,UNIVERSAL_HUMAN,[INFERENCE_ERROR],[INFERENCE_ERROR],
TE-393.jpg,UNIVERSAL_HUMAN,[INFERENCE_ERROR],[INFERENCE_ERROR],
TE-394.jpg,UNIVERSAL_HUMAN,[INFERENCE_ERROR],[INFERENCE_ERROR],
TE-395.jpg,UNIVERSAL_HUMAN,[INFERENCE_ERROR],[INFERENCE_ERROR],
TE-396.jpg,UNIVERSAL_HUMAN,[INFERENCE_ERROR],[INFERENCE_ERROR],
TE-397.jpg,UNIVERSAL_HUMAN,[INFERENCE_ERROR],[INFERENCE_ERROR],
TE-398.jpg,UNIVERSAL_HUMAN,[INFERENCE_ERROR],[INFERENCE_ERROR],
TE-399.jpg,UNIVERSAL_HUMAN,[INFERENCE_ERROR],[INFERENCE_ERROR],
TE-4.jpg,UNIVERSAL_HUMAN,[INFERENCE_ERROR],[INFERENCE_ERROR],
TE-401.jpg,UNIVERSAL_HUMAN,[INFERENCE_ERROR],[INFERENCE_ERROR],
TE-402.jpg,UNIVERSAL_HUMAN,[INFERENCE_ERROR],[INFERENCE_ERROR],
TE-403.jpg,UNIVERSAL_HUMAN,[INFERENCE_ERROR],[INFERENCE_ERROR],
TE-404.jpg,UNIVERSAL_HUMAN,[INFERENCE_ERROR],[INFERENCE_ERROR],
TE-405.jpg,UNIVERSAL_HUMAN,[INFERENCE_ERROR],[INFERENCE_ERROR],
TE-406.jpg,UNIVERSAL_HUMAN,[INFERENCE_ERROR],[INFERENCE_ERROR],
TE-407.jpg,UNIVERSAL_HUMAN,[INFERENCE_ERROR],[INFERENCE_ERROR],
TE-408.jpg,UNIVERSAL_HUMAN,[INFERENCE_ERROR],[INFERENCE_ERROR],
TE-409.jpg,UNIVERSAL_HUMAN,[INFERENCE_ERROR],[INFERENCE_ERROR],
TE-41.jpg,UNIVERSAL_HUMAN,[INFERENCE_ERROR],[INFERENCE_ERROR],
TE-410.jpg,UNIVERSAL_HUMAN,[INFERENCE_ERROR],[INFERENCE_ERROR],
TE-412.jpg,UNIVERSAL_HUMAN,[INFERENCE_ERROR],[INFERENCE_ERROR],
TE-414.jpg,UNIVERSAL_HUMAN,[INFERENCE_ERROR],[INFERENCE_ERROR],
TE-415.jpg,UNIVERSAL_HUMAN,[INFERENCE_ERROR],[INFERENCE_ERROR],
TE-416.jpg,UNIVERSAL_HUMAN,[INFERENCE_ERROR],[INFERENCE_ERROR],
TE-417.jpg,UNIVERSAL_HUMAN,[INFERENCE_ERROR],[INFERENCE_ERROR],
TE-419.jpg,UNIVERSAL_HUMAN,[INFERENCE_ERROR],[INFERENCE_ERROR],
TE-42.jpg,UNIVERSAL_HUMAN,[INFERENCE_ERROR],[INFERENCE_ERROR],
TE-420.jpg,UNIVERSAL_HUMAN,[INFERENCE_ERROR],[INFERENCE_ERROR],
TE-421.jpg,UNIVERSAL_HUMAN,[INFERENCE_ERROR],[INFERENCE_ERROR],
TE-422.jpg,UNIVERSAL_HUMAN,[INFERENCE_ERROR],[INFERENCE_ERROR],
TE-423.jpg,UNIVERSAL_HUMAN,[INFERENCE_ERROR],[INFERENCE_ERROR],
TE-424.jpg,UNIVERSAL_HUMAN,[INFERENCE_ERROR],[INFERENCE_ERROR],
TE-426.jpg,UNIVERSAL_HUMAN,[INFERENCE_ERROR],[INFERENCE_ERROR],
TE-427.jpg,UNIVERSAL_HUMAN,[INFERENCE_ERROR],[INFERENCE_ERROR],
TE-428.jpg,UNIVERSAL_HUMAN,[INFERENCE_ERROR],[INFERENCE_ERROR],
TE-429.jpg,UNIVERSAL_HUMAN,[INFERENCE_ERROR],[INFERENCE_ERROR],
TE-43.jpg,UNIVERSAL_HUMAN,[INFERENCE_ERROR],[INFERENCE_ERROR],
TE-430.jpg,UNIVERSAL_HUMAN,[INFERENCE_ERROR],[INFERENCE_ERROR],
TE-432.jpg,UNIVERSAL_HUMAN,[INFERENCE_ERROR],[INFERENCE_ERROR],
TE-433.jpg,UNIVERSAL_HUMAN,[INFERENCE_ERROR],[INFERENCE_ERROR],
TE-435.jpg,UNIVERSAL_HUMAN,[INFERENCE_ERROR],[INFERENCE_ERROR],
TE-436.jpg,UNIVERSAL_HUMAN,[INFERENCE_ERROR],[INFERENCE_ERROR],
TE-437.jpg,UNIVERSAL_HUMAN,[INFERENCE_ERROR],[INFERENCE_ERROR],
TE-438.jpg,UNIVERSAL_HUMAN,[INFERENCE_ERROR],[INFERENCE_ERROR],
TE-439.jpg,UNIVERSAL_HUMAN,[INFERENCE_ERROR],[INFERENCE_ERROR],
TE-440.jpg,UNIVERSAL_HUMAN,[INFERENCE_ERROR],[INFERENCE_ERROR],
TE-441.jpg,UNIVERSAL_HUMAN,[INFERENCE_ERROR],[INFERENCE_ERROR],
TE-443.jpg,UNIVERSAL_HUMAN,[INFERENCE_ERROR],[INFERENCE_ERROR],
TE-444.jpg,UNIVERSAL_HUMAN,[INFERENCE_ERROR],[INFERENCE_ERROR],
TE-445.jpg,UNIVERSAL_HUMAN,[INFERENCE_ERROR],[INFERENCE_ERROR],
TE-447.jpg,UNIVERSAL_HUMAN,[INFERENCE_ERROR],[INFERENCE_ERROR],
TE-448.jpg,UNIVERSAL_HUMAN,[INFERENCE_ERROR],[INFERENCE_ERROR],
TE-449.jpg,UNIVERSAL_HUMAN,[INFERENCE_ERROR],[INFERENCE_ERROR],
TE-45.jpg,UNIVERSAL_HUMAN,[INFERENCE_ERROR],[INFERENCE_ERROR],
TE-450.jpg,UNIVERSAL_HUMAN,[INFERENCE_ERROR],[INFERENCE_ERROR],
TE-451.jpg,UNIVERSAL_HUMAN,[INFERENCE_ERROR],[INFERENCE_ERROR],
TE-452.jpg,UNIVERSAL_HUMAN,[INFERENCE_ERROR],[INFERENCE_ERROR],
TE-453.jpg,UNIVERSAL_HUMAN,[INFERENCE_ERROR],[INFERENCE_ERROR],
TE-454.jpg,UNIVERSAL_HUMAN,[INFERENCE_ERROR],[INFERENCE_ERROR],
TE-455.jpg,UNIVERSAL_HUMAN,[INFERENCE_ERROR],[INFERENCE_ERROR],
TE-456.jpg,UNIVERSAL_HUMAN,[INFERENCE_ERROR],[INFERENCE_ERROR],
TE-458.jpg,UNIVERSAL_HUMAN,[INFERENCE_ERROR],[INFERENCE_ERROR],
TE-459.jpg,UNIVERSAL_HUMAN,[INFERENCE_ERROR],[INFERENCE_ERROR],
TE-46.jpg,UNIVERSAL_HUMAN,[INFERENCE_ERROR],[INFERENCE_ERROR],
TE-460.jpg,UNIVERSAL_HUMAN,[INFERENCE_ERROR],[INFERENCE_ERROR],
TE-462.jpg,UNIVERSAL_HUMAN,[INFERENCE_ERROR],[INFERENCE_ERROR],
TE-463.jpg,UNIVERSAL_HUMAN,[INFERENCE_ERROR],[INFERENCE_ERROR],
TE-464.jpg,UNIVERSAL_HUMAN,[INFERENCE_ERROR],[INFERENCE_ERROR],
TE-465.jpg,UNIVERSAL_HUMAN,[INFERENCE_ERROR],[INFERENCE_ERROR],
TE-466.jpg,UNIVERSAL_HUMAN,[INFERENCE_ERROR],[INFERENCE_ERROR],
TE-468.jpg,UNIVERSAL_HUMAN,[INFERENCE_ERROR],[INFERENCE_ERROR],
TE-469.jpg,UNIVERSAL_HUMAN,[INFERENCE_ERROR],[INFERENCE_ERROR],
TE-472.jpg,UNIVERSAL_HUMAN,[INFERENCE_ERROR],[INFERENCE_ERROR],
TE-473.jpg,UNIVERSAL_HUMAN,[INFERENCE_ERROR],[INFERENCE_ERROR],
TE-474.jpg,UNIVERSAL_HUMAN,[INFERENCE_ERROR],[INFERENCE_ERROR],
TE-475.jpg,UNIVERSAL_HUMAN,[INFERENCE_ERROR],[INFERENCE_ERROR],
TE-476.jpg,UNIVERSAL_HUMAN,[INFERENCE_ERROR],[INFERENCE_ERROR],
TE-477.jpg,UNIVERSAL_HUMAN,[INFERENCE_ERROR],[INFERENCE_ERROR],
TE-478.jpg,UNIVERSAL_HUMAN,[INFERENCE_ERROR],[INFERENCE_ERROR],
TE-48.jpg,UNIVERSAL_HUMAN,[INFERENCE_ERROR],[INFERENCE_ERROR],
TE-480.jpg,UNIVERSAL_HUMAN,[INFERENCE_ERROR],[INFERENCE_ERROR],
TE-481.jpg,UNIVERSAL_HUMAN,[INFERENCE_ERROR],[INFERENCE_ERROR],
TE-482.jpg,UNIVERSAL_HUMAN,[INFERENCE_ERROR],[INFERENCE_ERROR],
TE-483.jpg,UNIVERSAL_HUMAN,[INFERENCE_ERROR],[INFERENCE_ERROR],
TE-485.jpg,UNIVERSAL_HUMAN,[INFERENCE_ERROR],[INFERENCE_ERROR],
TE-486.jpg,UNIVERSAL_HUMAN,[INFERENCE_ERROR],[INFERENCE_ERROR],
TE-487.jpg,UNIVERSAL_HUMAN,[INFERENCE_ERROR],[INFERENCE_ERROR],
TE-488.jpg,UNIVERSAL_HUMAN,[INFERENCE_ERROR],[INFERENCE_ERROR],
TE-489.jpg,UNIVERSAL_HUMAN,[INFERENCE_ERROR],[INFERENCE_ERROR],
TE-49.jpg,UNIVERSAL_HUMAN,[INFERENCE_ERROR],[INFERENCE_ERROR],
TE-490.jpg,UNIVERSAL_HUMAN,[INFERENCE_ERROR],[INFERENCE_ERROR],
TE-491.jpg,UNIVERSAL_HUMAN,[INFERENCE_ERROR],[INFERENCE_ERROR],
TE-493.jpg,UNIVERSAL_HUMAN,[INFERENCE_ERROR],[INFERENCE_ERROR],
TE-494.jpg,UNIVERSAL_HUMAN,[INFERENCE_ERROR],[INFERENCE_ERROR],
TE-495.jpg,UNIVERSAL_HUMAN,[INFERENCE_ERROR],[INFERENCE_ERROR],
TE-496.jpg,UNIVERSAL_HUMAN,[INFERENCE_ERROR],[INFERENCE_ERROR],
TE-498.jpg,UNIVERSAL_HUMAN,[INFERENCE_ERROR],[INFERENCE_ERROR],
TE-499.jpg,UNIVERSAL_HUMAN,[INFERENCE_ERROR],[INFERENCE_ERROR],
TE-5.jpg,UNIVERSAL_HUMAN,[INFERENCE_ERROR],[INFERENCE_ERROR],
TE-500.jpg,UNIVERSAL_HUMAN,[INFERENCE_ERROR],[INFERENCE_ERROR],
TE-501.jpg,UNIVERSAL_HUMAN,[INFERENCE_ERROR],[INFERENCE_ERROR],
TE-502.jpg,UNIVERSAL_HUMAN,[INFERENCE_ERROR],[INFERENCE_ERROR],
TE-503.jpg,UNIVERSAL_HUMAN,[INFERENCE_ERROR],[INFERENCE_ERROR],
TE-504.jpg,UNIVERSAL_HUMAN,[INFERENCE_ERROR],[INFERENCE_ERROR],
TE-507.jpg,UNIVERSAL_HUMAN,[INFERENCE_ERROR],[INFERENCE_ERROR],
TE-508.jpg,UNIVERSAL_HUMAN,[INFERENCE_ERROR],[INFERENCE_ERROR],
TE-51.jpg,UNIVERSAL_HUMAN,[INFERENCE_ERROR],[INFERENCE_ERROR],
TE-510.jpg,UNIVERSAL_HUMAN,[INFERENCE_ERROR],[INFERENCE_ERROR],
TE-511.jpg,UNIVERSAL_HUMAN,[INFERENCE_ERROR],[INFERENCE_ERROR],
TE-513.jpg,UNIVERSAL_HUMAN,[INFERENCE_ERROR],[INFERENCE_ERROR],
TE-514.jpg,UNIVERSAL_HUMAN,[INFERENCE_ERROR],[INFERENCE_ERROR],
TE-515.jpg,UNIVERSAL_HUMAN,[INFERENCE_ERROR],[INFERENCE_ERROR],
TE-516.jpg,UNIVERSAL_HUMAN,[INFERENCE_ERROR],[INFERENCE_ERROR],
TE-517.jpg,UNIVERSAL_HUMAN,[INFERENCE_ERROR],[INFERENCE_ERROR],
TE-518.jpg,UNIVERSAL_HUMAN,[INFERENCE_ERROR],[INFERENCE_ERROR],
TE-52.jpg,UNIVERSAL_HUMAN,[INFERENCE_ERROR],[INFERENCE_ERROR],
TE-520.jpg,UNIVERSAL_HUMAN,[INFERENCE_ERROR],[INFERENCE_ERROR],
TE-522.jpg,UNIVERSAL_HUMAN,[INFERENCE_ERROR],[INFERENCE_ERROR],
TE-523.jpg,UNIVERSAL_HUMAN,[INFERENCE_ERROR],[INFERENCE_ERROR],
TE-524.jpg,UNIVERSAL_HUMAN,[INFERENCE_ERROR],[INFERENCE_ERROR],
TE-527.jpg,UNIVERSAL_HUMAN,[INFERENCE_ERROR],[INFERENCE_ERROR],
TE-528.jpg,UNIVERSAL_HUMAN,[INFERENCE_ERROR],[INFERENCE_ERROR],
TE-529.jpg,UNIVERSAL_HUMAN,[INFERENCE_ERROR],[INFERENCE_ERROR],
TE-53.jpg,UNIVERSAL_HUMAN,[INFERENCE_ERROR],[INFERENCE_ERROR],
TE-530.jpg,UNIVERSAL_HUMAN,[INFERENCE_ERROR],[INFERENCE_ERROR],
TE-531.jpg,UNIVERSAL_HUMAN,[INFERENCE_ERROR],[INFERENCE_ERROR],
TE-532.jpg,UNIVERSAL_HUMAN,[INFERENCE_ERROR],[INFERENCE_ERROR],
TE-534.jpg,UNIVERSAL_HUMAN,[INFERENCE_ERROR],[INFERENCE_ERROR],
TE-535.jpg,UNIVERSAL_HUMAN,[INFERENCE_ERROR],[INFERENCE_ERROR],
TE-536.jpg,UNIVERSAL_HUMAN,[INFERENCE_ERROR],[INFERENCE_ERROR],
TE-537.jpg,UNIVERSAL_HUMAN,[INFERENCE_ERROR],[INFERENCE_ERROR],
TE-538.jpg,UNIVERSAL_HUMAN,[INFERENCE_ERROR],[INFERENCE_ERROR],
TE-539.jpg,UNIVERSAL_HUMAN,[INFERENCE_ERROR],[INFERENCE_ERROR],
TE-54.jpg,UNIVERSAL_HUMAN,[INFERENCE_ERROR],[INFERENCE_ERROR],
TE-541.jpg,UNIVERSAL_HUMAN,[INFERENCE_ERROR],[INFERENCE_ERROR],
TE-542.jpg,UNIVERSAL_HUMAN,[INFERENCE_ERROR],[INFERENCE_ERROR],
TE-543.jpg,UNIVERSAL_HUMAN,[INFERENCE_ERROR],[INFERENCE_ERROR],
TE-544.jpg,UNIVERSAL_HUMAN,[INFERENCE_ERROR],[INFERENCE_ERROR],
TE-545.jpg,UNIVERSAL_HUMAN,[INFERENCE_ERROR],[INFERENCE_ERROR],
TE-547.jpg,UNIVERSAL_HUMAN,[INFERENCE_ERROR],[INFERENCE_ERROR],
TE-548.jpg,UNIVERSAL_HUMAN,[INFERENCE_ERROR],[INFERENCE_ERROR],
TE-55.jpg,UNIVERSAL_HUMAN,[INFERENCE_ERROR],[INFERENCE_ERROR],
TE-551.jpg,UNIVERSAL_HUMAN,[INFERENCE_ERROR],[INFERENCE_ERROR],
TE-552.jpg,UNIVERSAL_HUMAN,[INFERENCE_ERROR],[INFERENCE_ERROR],
TE-553.jpg,UNIVERSAL_HUMAN,[INFERENCE_ERROR],[INFERENCE_ERROR],
TE-554.jpg,UNIVERSAL_HUMAN,[INFERENCE_ERROR],[INFERENCE_ERROR],
TE-555.jpg,UNIVERSAL_HUMAN,[INFERENCE_ERROR],[INFERENCE_ERROR],
TE-556.jpg,UNIVERSAL_HUMAN,[INFERENCE_ERROR],[INFERENCE_ERROR],
TE-557.jpg,UNIVERSAL_HUMAN,[INFERENCE_ERROR],[INFERENCE_ERROR],
TE-558.jpg,UNIVERSAL_HUMAN,[INFERENCE_ERROR],[INFERENCE_ERROR],
TE-559.jpg,UNIVERSAL_HUMAN,[INFERENCE_ERROR],[INFERENCE_ERROR],
TE-56.jpg,UNIVERSAL_HUMAN,[INFERENCE_ERROR],[INFERENCE_ERROR],
TE-560.jpg,UNIVERSAL_HUMAN,[INFERENCE_ERROR],[INFERENCE_ERROR],
TE-561.jpg,UNIVERSAL_HUMAN,[INFERENCE_ERROR],[INFERENCE_ERROR],
TE-562.jpg,UNIVERSAL_HUMAN,[INFERENCE_ERROR],[INFERENCE_ERROR],
TE-563.jpg,UNIVERSAL_HUMAN,[INFERENCE_ERROR],[INFERENCE_ERROR],
TE-564.jpg,UNIVERSAL_HUMAN,[INFERENCE_ERROR],[INFERENCE_ERROR],
TE-565.jpg,UNIVERSAL_HUMAN,[INFERENCE_ERROR],[INFERENCE_ERROR],
TE-566.jpg,UNIVERSAL_HUMAN,[INFERENCE_ERROR],[INFERENCE_ERROR],
TE-567.jpg,UNIVERSAL_HUMAN,[INFERENCE_ERROR],[INFERENCE_ERROR],
TE-568.jpg,UNIVERSAL_HUMAN,[INFERENCE_ERROR],[INFERENCE_ERROR],
TE-569.jpg,UNIVERSAL_HUMAN,[INFERENCE_ERROR],[INFERENCE_ERROR],
TE-57.jpg,UNIVERSAL_HUMAN,[INFERENCE_ERROR],[INFERENCE_ERROR],
TE-570.jpg,UNIVERSAL_HUMAN,[INFERENCE_ERROR],[INFERENCE_ERROR],
TE-571.jpg,UNIVERSAL_HUMAN,[INFERENCE_ERROR],[INFERENCE_ERROR],
TE-572.jpg,UNIVERSAL_HUMAN,[INFERENCE_ERROR],[INFERENCE_ERROR],
TE-573.jpg,UNIVERSAL_HUMAN,[INFERENCE_ERROR],[INFERENCE_ERROR],
TE-574.jpg,UNIVERSAL_HUMAN,[INFERENCE_ERROR],[INFERENCE_ERROR],
TE-575.jpg,UNIVERSAL_HUMAN,[INFERENCE_ERROR],[INFERENCE_ERROR],
TE-576.jpg,UNIVERSAL_HUMAN,[INFERENCE_ERROR],[INFERENCE_ERROR],
TE-577.jpg,UNIVERSAL_HUMAN,[INFERENCE_ERROR],[INFERENCE_ERROR],
TE-578.jpg,UNIVERSAL_HUMAN,[INFERENCE_ERROR],[INFERENCE_ERROR],
TE-579.jpg,UNIVERSAL_HUMAN,[INFERENCE_ERROR],[INFERENCE_ERROR],
TE-58.jpg,UNIVERSAL_HUMAN,[INFERENCE_ERROR],[INFERENCE_ERROR],
TE-580.jpg,UNIVERSAL_HUMAN,[INFERENCE_ERROR],[INFERENCE_ERROR],
TE-581.jpg,UNIVERSAL_HUMAN,[INFERENCE_ERROR],[INFERENCE_ERROR],
TE-582.jpg,UNIVERSAL_HUMAN,[INFERENCE_ERROR],[INFERENCE_ERROR],
TE-584.jpg,UNIVERSAL_HUMAN,[INFERENCE_ERROR],[INFERENCE_ERROR],
TE-585.jpg,UNIVERSAL_HUMAN,[INFERENCE_ERROR],[INFERENCE_ERROR],
TE-587.jpg,UNIVERSAL_HUMAN,[INFERENCE_ERROR],[INFERENCE_ERROR],
TE-59.jpg,UNIVERSAL_HUMAN,[INFERENCE_ERROR],[INFERENCE_ERROR],
TE-590.jpg,UNIVERSAL_HUMAN,[INFERENCE_ERROR],[INFERENCE_ERROR],
TE-592.jpg,UNIVERSAL_HUMAN,[INFERENCE_ERROR],[INFERENCE_ERROR],
TE-593.jpg,UNIVERSAL_HUMAN,[INFERENCE_ERROR],[INFERENCE_ERROR],
TE-594.jpg,UNIVERSAL_HUMAN,[INFERENCE_ERROR],[INFERENCE_ERROR],
TE-596.jpg,UNIVERSAL_HUMAN,[INFERENCE_ERROR],[INFERENCE_ERROR],
TE-597.jpg,UNIVERSAL_HUMAN,[INFERENCE_ERROR],[INFERENCE_ERROR],
TE-598.jpg,UNIVERSAL_HUMAN,[INFERENCE_ERROR],[INFERENCE_ERROR],
TE-599.jpg,UNIVERSAL_HUMAN,[INFERENCE_ERROR],[INFERENCE_ERROR],
TE-6.jpg,UNIVERSAL_HUMAN,[INFERENCE_ERROR],[INFERENCE_ERROR],
TE-60.jpg,UNIVERSAL_HUMAN,[INFERENCE_ERROR],[INFERENCE_ERROR],
TE-600.jpg,UNIVERSAL_HUMAN,[INFERENCE_ERROR],[INFERENCE_ERROR],
TE-601.jpg,UNIVERSAL_HUMAN,[INFERENCE_ERROR],[INFERENCE_ERROR],
TE-603.jpg,UNIVERSAL_HUMAN,[INFERENCE_ERROR],[INFERENCE_ERROR],
TE-604.jpg,UNIVERSAL_HUMAN,[INFERENCE_ERROR],[INFERENCE_ERROR],
TE-605.jpg,UNIVERSAL_HUMAN,[INFERENCE_ERROR],[INFERENCE_ERROR],
TE-606.jpg,UNIVERSAL_HUMAN,[INFERENCE_ERROR],[INFERENCE_ERROR],
TE-607.jpg,UNIVERSAL_HUMAN,[INFERENCE_ERROR],[INFERENCE_ERROR],
TE-608.jpg,UNIVERSAL_HUMAN,[INFERENCE_ERROR],[INFERENCE_ERROR],
TE-609.jpg,UNIVERSAL_HUMAN,[INFERENCE_ERROR],[INFERENCE_ERROR],
TE-61.jpg,UNIVERSAL_HUMAN,[INFERENCE_ERROR],[INFERENCE_ERROR],
TE-610.jpg,UNIVERSAL_HUMAN,[INFERENCE_ERROR],[INFERENCE_ERROR],
TE-612.jpg,UNIVERSAL_HUMAN,[INFERENCE_ERROR],[INFERENCE_ERROR],
TE-613.jpg,UNIVERSAL_HUMAN,[INFERENCE_ERROR],[INFERENCE_ERROR],
TE-614.jpg,UNIVERSAL_HUMAN,[INFERENCE_ERROR],[INFERENCE_ERROR],
TE-616.jpg,UNIVERSAL_HUMAN,[INFERENCE_ERROR],[INFERENCE_ERROR],
TE-617.jpg,UNIVERSAL_HUMAN,[INFERENCE_ERROR],[INFERENCE_ERROR],
TE-618.jpg,UNIVERSAL_HUMAN,[INFERENCE_ERROR],[INFERENCE_ERROR],
TE-62.jpg,UNIVERSAL_HUMAN,[INFERENCE_ERROR],[INFERENCE_ERROR],
TE-620.jpg,UNIVERSAL_HUMAN,[INFERENCE_ERROR],[INFERENCE_ERROR],
TE-621.jpg,UNIVERSAL_HUMAN,[INFERENCE_ERROR],[INFERENCE_ERROR],
TE-622.jpg,UNIVERSAL_HUMAN,[INFERENCE_ERROR],[INFERENCE_ERROR],
TE-623.jpg,UNIVERSAL_HUMAN,[INFERENCE_ERROR],[INFERENCE_ERROR],
TE-624.jpg,UNIVERSAL_HUMAN,[INFERENCE_ERROR],[INFERENCE_ERROR],
TE-625.jpg,UNIVERSAL_HUMAN,[INFERENCE_ERROR],[INFERENCE_ERROR],
TE-626.jpg,UNIVERSAL_HUMAN,[INFERENCE_ERROR],[INFERENCE_ERROR],
TE-627.jpg,UNIVERSAL_HUMAN,[INFERENCE_ERROR],[INFERENCE_ERROR],
TE-628.jpg,UNIVERSAL_HUMAN,[INFERENCE_ERROR],[INFERENCE_ERROR],
TE-63.jpg,UNIVERSAL_HUMAN,[INFERENCE_ERROR],[INFERENCE_ERROR],
TE-630.jpg,UNIVERSAL_HUMAN,[INFERENCE_ERROR],[INFERENCE_ERROR],
TE-631.jpg,UNIVERSAL_HUMAN,[INFERENCE_ERROR],[INFERENCE_ERROR],
TE-633.jpg,UNIVERSAL_HUMAN,[INFERENCE_ERROR],[INFERENCE_ERROR],
TE-634.jpg,UNIVERSAL_HUMAN,[INFERENCE_ERROR],[INFERENCE_ERROR],
TE-635.jpg,UNIVERSAL_HUMAN,[INFERENCE_ERROR],[INFERENCE_ERROR],
TE-636.jpg,UNIVERSAL_HUMAN,[INFERENCE_ERROR],[INFERENCE_ERROR],
TE-637.jpg,UNIVERSAL_HUMAN,[INFERENCE_ERROR],[INFERENCE_ERROR],
TE-638.jpg,UNIVERSAL_HUMAN,[INFERENCE_ERROR],[INFERENCE_ERROR],
TE-639.jpg,UNIVERSAL_HUMAN,[INFERENCE_ERROR],[INFERENCE_ERROR],
TE-64.jpg,UNIVERSAL_HUMAN,[INFERENCE_ERROR],[INFERENCE_ERROR],
TE-640.jpg,UNIVERSAL_HUMAN,[INFERENCE_ERROR],[INFERENCE_ERROR],
TE-641.jpg,UNIVERSAL_HUMAN,[INFERENCE_ERROR],[INFERENCE_ERROR],
TE-642.jpg,UNIVERSAL_HUMAN,[INFERENCE_ERROR],[INFERENCE_ERROR],
TE-643.jpg,UNIVERSAL_HUMAN,[INFERENCE_ERROR],[INFERENCE_ERROR],
TE-645.jpg,UNIVERSAL_HUMAN,[INFERENCE_ERROR],[INFERENCE_ERROR],
TE-646.jpg,UNIVERSAL_HUMAN,[INFERENCE_ERROR],[INFERENCE_ERROR],
TE-647.jpg,UNIVERSAL_HUMAN,[INFERENCE_ERROR],[INFERENCE_ERROR],
TE-648.jpg,UNIVERSAL_HUMAN,[INFERENCE_ERROR],[INFERENCE_ERROR],
TE-649.jpg,UNIVERSAL_HUMAN,[INFERENCE_ERROR],[INFERENCE_ERROR],
TE-65.jpg,UNIVERSAL_HUMAN,[INFERENCE_ERROR],[INFERENCE_ERROR],
TE-651.jpg,UNIVERSAL_HUMAN,[INFERENCE_ERROR],[INFERENCE_ERROR],
TE-652.jpg,UNIVERSAL_HUMAN,[INFERENCE_ERROR],[INFERENCE_ERROR],
TE-653.jpg,UNIVERSAL_HUMAN,[INFERENCE_ERROR],[INFERENCE_ERROR],
TE-654.jpg,UNIVERSAL_HUMAN,[INFERENCE_ERROR],[INFERENCE_ERROR],
TE-655.jpg,UNIVERSAL_HUMAN,[INFERENCE_ERROR],[INFERENCE_ERROR],
TE-656.jpg,UNIVERSAL_HUMAN,[INFERENCE_ERROR],[INFERENCE_ERROR],
TE-657.jpg,UNIVERSAL_HUMAN,[INFERENCE_ERROR],[INFERENCE_ERROR],
TE-658.jpg,UNIVERSAL_HUMAN,[INFERENCE_ERROR],[INFERENCE_ERROR],
TE-659.jpg,UNIVERSAL_HUMAN,[INFERENCE_ERROR],[INFERENCE_ERROR],
TE-66.jpg,UNIVERSAL_HUMAN,[INFERENCE_ERROR],[INFERENCE_ERROR],
TE-660.jpg,UNIVERSAL_HUMAN,[INFERENCE_ERROR],[INFERENCE_ERROR],
TE-661.jpg,UNIVERSAL_HUMAN,[INFERENCE_ERROR],[INFERENCE_ERROR],
TE-662.jpg,UNIVERSAL_HUMAN,[INFERENCE_ERROR],[INFERENCE_ERROR],
TE-67.jpg,UNIVERSAL_HUMAN,[INFERENCE_ERROR],[INFERENCE_ERROR],
TE-68.jpg,UNIVERSAL_HUMAN,[INFERENCE_ERROR],[INFERENCE_ERROR],
TE-69.jpg,UNIVERSAL_HUMAN,[INFERENCE_ERROR],[INFERENCE_ERROR],
TE-7.jpg,UNIVERSAL_HUMAN,[INFERENCE_ERROR],[INFERENCE_ERROR],
TE-71.jpg,UNIVERSAL_HUMAN,[INFERENCE_ERROR],[INFERENCE_ERROR],
TE-72.jpg,UNIVERSAL_HUMAN,[INFERENCE_ERROR],[INFERENCE_ERROR],
TE-73.jpg,UNIVERSAL_HUMAN,[INFERENCE_ERROR],[INFERENCE_ERROR],
TE-75.jpg,UNIVERSAL_HUMAN,[INFERENCE_ERROR],[INFERENCE_ERROR],
TE-76.jpg,UNIVERSAL_HUMAN,[INFERENCE_ERROR],[INFERENCE_ERROR],
TE-77.jpg,UNIVERSAL_HUMAN,[INFERENCE_ERROR],[INFERENCE_ERROR],
TE-79.jpg,UNIVERSAL_HUMAN,[INFERENCE_ERROR],[INFERENCE_ERROR],
TE-80.jpg,UNIVERSAL_HUMAN,[INFERENCE_ERROR],[INFERENCE_ERROR],
TE-81.jpg,UNIVERSAL_HUMAN,[INFERENCE_ERROR],[INFERENCE_ERROR],
TE-82.jpg,UNIVERSAL_HUMAN,[INFERENCE_ERROR],[INFERENCE_ERROR],
TE-83.jpg,UNIVERSAL_HUMAN,[INFERENCE_ERROR],[INFERENCE_ERROR],
TE-84.jpg,UNIVERSAL_HUMAN,[INFERENCE_ERROR],[INFERENCE_ERROR],
TE-85.jpg,UNIVERSAL_HUMAN,[INFERENCE_ERROR],[INFERENCE_ERROR],
TE-86.jpg,UNIVERSAL_HUMAN,[INFERENCE_ERROR],[INFERENCE_ERROR],
TE-89.jpg,UNIVERSAL_HUMAN,[INFERENCE_ERROR],[INFERENCE_ERROR],
TE-91.jpg,UNIVERSAL_HUMAN,[INFERENCE_ERROR],[INFERENCE_ERROR],
TE-92.jpg,UNIVERSAL_HUMAN,[INFERENCE_ERROR],[INFERENCE_ERROR],
TE-93.jpg,UNIVERSAL_HUMAN,[INFERENCE_ERROR],[INFERENCE_ERROR],
TE-94.jpg,UNIVERSAL_HUMAN,[INFERENCE_ERROR],[INFERENCE_ERROR],
TE-95.jpg,UNIVERSAL_HUMAN,[INFERENCE_ERROR],[INFERENCE_ERROR],
TE-96.jpg,UNIVERSAL_HUMAN,[INFERENCE_ERROR],[INFERENCE_ERROR],
TE-97.jpg,UNIVERSAL_HUMAN,[INFERENCE_ERROR],[INFERENCE_ERROR],
TE-205.jpg,VISUAL_SYMBOL_DEPENDENT,[INFERENCE_ERROR],[INFERENCE_ERROR],
TE-276.jpg,VISUAL_SYMBOL_DEPENDENT,[INFERENCE_ERROR],[INFERENCE_ERROR],
TE-461.jpg,VISUAL_SYMBOL_DEPENDENT,[INFERENCE_ERROR],[INFERENCE_ERROR],
TE-512.jpg,VISUAL_SYMBOL_DEPENDENT,[INFERENCE_ERROR],[INFERENCE_ERROR],
TE-87.jpg,VISUAL_SYMBOL_DEPENDENT,[INFERENCE_ERROR],[INFERENCE_ERROR],
