image_id,category,gold_labels,predicted_labels,raw_scores,predicted_labels_adaptive
TE-104.jpg,BRAND_DEPENDENT,"[1,0,0,0,0,0,0]","[0,1,1,1,1,1,1]","[0.1326,0.4667,0.4965,0.3202,0.3255,0.5121,0.4495]","[0,0,1,0,0,1,0]"
TE-177.jpg,BRAND_DEPENDENT,"[1,0,0,0,1,0,0]","[0,1,1,1,1,1,1]","[0.1443,0.4701,0.4577,0.3711,0.3803,0.4566,0.4722]","[0,0,1,1,1,0,1]"
TE-184.jpg,BRAND_DEPENDENT,"[1,0,1,0,0,0,0]","[0,1,1,1,1,1,1]","[0.1498,0.4231,0.4789,0.3512,0.3321,0.4998,0.5379]","[0,0,1,1,1,1,1]"
TE-195.jpg,BRAND_DEPENDENT,"[0,0,0,1,1,0,0]","[0,1,1,1,1,1,1]","[0.1521,0.4141,0.5108,0.3327,0.3054,0.5148,0.4771]","[0,0,1,0,0,1,1]"
TE-285.jpg,BRAND_DEPENDENT,"[1,0,1,0,0,0,0]","[0,1,1,0,1,1,1]","[0.1832,0.4551,0.4520,0.2551,0.3343,0.4713,0.4490]","[1,0,0,0,1,0,0]"
TE-303.jpg,BRAND_DEPENDENT,"[1,0,0,0,0,0,0]","[0,1,1,1,1,1,1]","[0.1544,0.4497,0.4154,0.3353,0.3334,0.4966,0.4478]","[0,0,0,1,1,0,0]"
TE-343.jpg,BRAND_DEPENDENT,"[0,0,0,1,0,0,0]","[0,1,1,1,0,1,1]","[0.1450,0.4998,0.4742,0.3239,0.2806,0.5475,0.4737]","[0,1,1,0,0,1,1]"
TE-378.jpg,BRAND_DEPENDENT,"[0,0,0,1,0,0,0]","[0,1,1,0,0,1,1]","[0.1421,0.4393,0.5181,0.2987,0.2877,0.5622,0.5051]","[0,0,1,0,0,1,1]"
TE-425.jpg,BRAND_DEPENDENT,"[1,0,0,0,1,0,0]","[0,1,1,1,1,1,1]","[0.1496,0.4467,0.5052,0.3363,0.3280,0.4490,0.4678]","[0,0,1,1,1,0,1]"
TE-549.jpg,BRAND_DEPENDENT,"[0,0,0,0,0,1,0]","[0,1,1,1,0,1,1]","[0.1784,0.4717,0.4455,0.3708,0.2804,0.5481,0.4380]","[1,1,0,1,0,1,0]"
TE-583.jpg,BRAND_DEPENDENT,"[0,0,0,1,0,0,0]","[0,1,1,1,1,1,1]","[0.1460,0.4710,0.4291,0.3259,0.3056,0.4841,0.4401]","[0,1,0,0,0,0,0]"
TE-586.jpg,BRAND_DEPENDENT,"[0,0,0,1,0,0,0]","[0,1,1,1,1,1,1]","[0.1671,0.4867,0.4858,0.3177,0.3035,0.5200,0.5226]","[1,1,1,0,0,1,1]"
TE-629.jpg,BRAND_DEPENDENT,"[0,0,0,0,0,0,0]","[0,1,1,1,1,1,1]","[0.1530,0.4464,0.4511,0.3582,0.3175,0.5058,0.4645]","[0,0,0,1,0,1,1]"
TE-8.jpg,BRAND_DEPENDENT,"[1,0,0,0,0,0,0]","[0,1,1,1,1,1,1]","[0.1768,0.4935,0.4212,0.3341,0.3448,0.5122,0.4471]","[1,1,0,0,1,1,0]"
TE-149.jpg,CELEBRITY_DEPENDENT,"[0,0,0,1,0,0,0]","[0,1,1,1,1,1,1]","[0.2024,0.4839,0.4731,0.3511,0.3529,0.5381,0.4643]","[1,1,1,1,1,1,1]"
TE-158.jpg,CELEBRITY_DEPENDENT,"[0,0,0,0,0,1,0]","[0,1,1,1,1,1,1]","[0.1820,0.4444,0.4566,0.3283,0.3214,0.5302,0.4786]","[1,0,1,0,0,1,1]"
TE-185.jpg,CELEBRITY_DEPENDENT,"[0,0,0,0,1,0,0]","[0,1,1,1,1,1,1]","[0.1543,0.4317,0.4886,0.3616,0.3602,0.4661,0.4835]","[0,0,1,1,1,0,1]"
TE-21.jpg,CELEBRITY_DEPENDENT,"[1,0,0,0,0,0,0]","[0,1,1,1,1,1,1]","[0.1513,0.5151,0.4530,0.3317,0.3278,0.5064,0.4451]","[0,1,0,0,1,1,0]"
TE-238.jpg,CELEBRITY_DEPENDENT,"[0,0,0,1,1,0,0]","[0,1,1,1,1,1,1]","[0.1591,0.4345,0.4488,0.3482,0.3421,0.5274,0.4577]","[1,0,0,1,1,1,0]"
TE-26.jpg,CELEBRITY_DEPENDENT,"[1,0,0,0,0,0,0]","[0,1,1,1,1,1,1]","[0.1476,0.5312,0.4713,0.3276,0.3232,0.5121,0.4558]","[0,1,1,0,0,1,0]"
TE-40.jpg,CELEBRITY_DEPENDENT,"[0,0,0,0,0,0,1]","[0,1,1,1,1,1,1]","[0.1720,0.4908,0.4532,0.3459,0.3631,0.5127,0.4792]","[1,1,0,1,1,1,1]"
TE-141.jpg,CULTURAL_REFERENCE_DEPENDENT,"[0,0,0,0,0,0,1]","[0,1,1,1,1,1,1]","[0.1631,0.4840,0.4539,0.3209,0.3361,0.5306,0.4297]","[1,1,0,0,1,1,0]"
TE-147.jpg,CULTURAL_REFERENCE_DEPENDENT,"[1,1,0,0,0,0,0]","[0,1,1,1,1,1,1]","[0.1532,0.4682,0.3817,0.3491,0.3266,0.5192,0.4660]","[0,0,0,1,1,1,1]"
TE-197.jpg,CULTURAL_REFERENCE_DEPENDENT,"[1,0,1,0,0,0,0]","[0,1,1,1,1,1,1]","[0.1253,0.4018,0.4729,0.3319,0.3219,0.5035,0.5772]","[0,0,1,0,0,1,1]"
TE-232.jpg,CULTURAL_REFERENCE_DEPENDENT,"[1,0,0,0,1,0,0]","[0,1,1,1,1,1,1]","[0.1274,0.4470,0.3935,0.3556,0.3344,0.5208,0.4683]","[0,0,0,1,1,1,1]"
TE-299.jpg,CULTURAL_REFERENCE_DEPENDENT,"[0,0,1,0,0,0,0]","[0,1,1,1,1,1,1]","[0.1199,0.5137,0.4375,0.3505,0.3010,0.4884,0.4878]","[0,1,0,1,0,0,1]"
TE-309.jpg,CULTURAL_REFERENCE_DEPENDENT,"[0,0,0,1,1,0,0]","[0,1,1,1,1,1,1]","[0.1522,0.4764,0.4076,0.3447,0.3176,0.4843,0.4676]","[0,1,0,1,0,0,1]"
TE-33.jpg,CULTURAL_REFERENCE_DEPENDENT,"[0,0,0,0,0,0,0]","[0,1,1,1,1,1,1]","[0.1615,0.5238,0.4130,0.3113,0.3489,0.4902,0.4564]","[1,1,0,0,1,0,0]"
TE-333.jpg,CULTURAL_REFERENCE_DEPENDENT,"[0,0,1,0,0,0,0]","[0,1,1,1,1,1,1]","[0.1851,0.4780,0.4480,0.3496,0.3123,0.5337,0.4503]","[1,1,0,1,0,1,0]"
TE-342.jpg,CULTURAL_REFERENCE_DEPENDENT,"[1,0,1,0,0,0,0]","[0,1,1,1,0,1,1]","[0.1614,0.5047,0.5059,0.3410,0.2897,0.5238,0.4582]","[1,1,1,1,0,1,1]"
TE-374.jpg,CULTURAL_REFERENCE_DEPENDENT,"[0,1,0,0,0,1,0]","[0,1,1,1,1,1,1]","[0.1898,0.4821,0.4260,0.3350,0.3057,0.4954,0.4544]","[1,1,0,1,0,0,0]"
TE-385.jpg,CULTURAL_REFERENCE_DEPENDENT,"[0,0,0,0,0,0,0]","[0,1,1,1,1,1,1]","[0.1581,0.4570,0.4862,0.3582,0.4058,0.4847,0.4830]","[1,0,1,1,1,0,1]"
TE-506.jpg,CULTURAL_REFERENCE_DEPENDENT,"[0,0,0,0,0,0,0]","[0,1,1,1,0,1,1]","[0.1864,0.4850,0.4470,0.3411,0.2855,0.5089,0.4228]","[1,1,0,1,0,1,0]"
TE-619.jpg,CULTURAL_REFERENCE_DEPENDENT,"[0,0,0,1,0,0,0]","[0,1,1,1,1,1,1]","[0.1471,0.4516,0.4740,0.3150,0.3458,0.4817,0.4966]","[0,0,1,0,1,0,1]"
TE-70.jpg,CULTURAL_REFERENCE_DEPENDENT,"[1,0,0,0,0,0,0]","[0,1,1,1,0,1,1]","[0.1347,0.4448,0.4677,0.3576,0.2692,0.4992,0.4700]","[0,0,1,1,0,1,1]"
TE-74.jpg,CULTURAL_REFERENCE_DEPENDENT,"[1,0,1,0,0,0,0]","[0,1,1,1,1,1,1]","[0.1596,0.4326,0.4931,0.3523,0.3052,0.4794,0.4700]","[1,0,1,1,0,0,1]"
TE-256.jpg,INTERNET_CULTURE_DEPENDENT,"[0,0,0,0,0,0,0]","[0,1,1,1,1,1,1]","[0.1705,0.4804,0.4111,0.3342,0.3478,0.5040,0.4628]","[1,1,0,0,1,1,1]"
TE-611.jpg,INTERNET_CULTURE_DEPENDENT,"[0,0,0,1,0,0,0]","[0,1,1,1,0,1,1]","[0.1583,0.4634,0.4236,0.3372,0.2967,0.5201,0.4481]","[1,0,0,1,0,1,0]"
TE-90.jpg,INTERNET_CULTURE_DEPENDENT,"[1,0,0,0,0,0,0]","[0,1,1,1,1,1,1]","[0.1757,0.4855,0.3689,0.3569,0.3710,0.4790,0.4522]","[1,1,0,1,1,0,0]"
TE-14.jpg,LANGUAGE_DEPENDENT,"[0,0,0,0,0,0,0]","[0,1,1,1,1,1,1]","[0.1854,0.4505,0.4580,0.3192,0.3490,0.5012,0.4379]","[1,0,1,0,1,1,0]"
TE-170.jpg,LANGUAGE_DEPENDENT,"[1,0,0,0,1,0,0]","[0,1,1,1,1,1,1]","[0.1892,0.5096,0.4254,0.3256,0.3381,0.5015,0.4565]","[1,1,0,0,1,1,0]"
TE-175.jpg,LANGUAGE_DEPENDENT,"[0,0,0,0,0,0,0]","[0,1,1,1,1,1,1]","[0.1478,0.4519,0.4944,0.3227,0.3430,0.5141,0.4856]","[0,0,1,0,1,1,1]"
TE-251.jpg,LANGUAGE_DEPENDENT,"[1,1,0,0,0,0,0]","[0,1,1,1,1,1,1]","[0.1735,0.4402,0.3966,0.3252,0.3454,0.5017,0.4559]","[1,0,0,0,1,1,0]"
TE-259.jpg,LANGUAGE_DEPENDENT,"[0,0,1,0,0,0,0]","[0,1,1,1,1,1,1]","[0.1357,0.4342,0.4677,0.3559,0.3163,0.4847,0.4878]","[0,0,1,1,0,0,1]"
TE-268.jpg,LANGUAGE_DEPENDENT,"[0,0,0,1,0,0,0]","[0,1,1,1,1,1,1]","[0.1430,0.5075,0.4795,0.3440,0.3192,0.4671,0.4803]","[0,1,1,1,0,0,1]"
TE-306.jpg,LANGUAGE_DEPENDENT,"[0,0,0,1,0,0,0]","[0,1,1,1,1,1,1]","[0.1543,0.4680,0.4115,0.3347,0.3235,0.4933,0.4529]","[0,0,0,0,0,0,0]"
TE-362.jpg,LANGUAGE_DEPENDENT,"[1,0,1,0,0,0,0]","[0,1,1,1,1,1,1]","[0.1404,0.4752,0.4527,0.3119,0.3779,0.4802,0.4778]","[0,1,0,0,1,0,1]"
TE-370.jpg,LANGUAGE_DEPENDENT,"[0,0,0,1,0,0,0]","[0,1,1,1,0,1,1]","[0.1384,0.4332,0.4612,0.3403,0.2866,0.4959,0.4752]","[0,0,1,1,0,0,1]"
TE-418.jpg,LANGUAGE_DEPENDENT,"[0,0,0,0,0,1,0]","[0,1,1,1,1,1,1]","[0.1379,0.5253,0.4634,0.3067,0.3168,0.4887,0.4890]","[0,1,1,0,0,0,1]"
TE-431.jpg,LANGUAGE_DEPENDENT,"[0,0,0,0,0,0,1]","[0,1,1,1,1,1,1]","[0.1487,0.4491,0.4129,0.3643,0.3585,0.4829,0.4923]","[0,0,0,1,1,0,1]"
TE-434.jpg,LANGUAGE_DEPENDENT,"[0,0,0,0,0,0,0]","[0,1,1,1,1,1,1]","[0.1737,0.4689,0.3987,0.3394,0.3385,0.5139,0.4640]","[1,0,0,1,1,1,1]"
TE-446.jpg,LANGUAGE_DEPENDENT,"[1,0,0,0,0,0,0]","[0,1,1,1,1,1,1]","[0.1642,0.5125,0.4194,0.3441,0.3449,0.4841,0.4579]","[1,1,0,1,1,0,1]"
TE-457.jpg,LANGUAGE_DEPENDENT,"[0,0,0,0,0,0,0]","[0,1,1,1,1,1,1]","[0.1742,0.4373,0.5081,0.3967,0.3469,0.5045,0.4801]","[1,0,1,1,1,1,1]"
TE-471.jpg,LANGUAGE_DEPENDENT,"[0,0,0,0,0,1,0]","[0,1,1,1,1,1,1]","[0.1521,0.4783,0.4352,0.3772,0.3320,0.5253,0.4431]","[0,1,0,1,1,1,0]"
TE-479.jpg,LANGUAGE_DEPENDENT,"[1,0,0,0,0,0,0]","[0,1,1,1,1,1,1]","[0.1434,0.4688,0.4727,0.3652,0.3460,0.4774,0.4545]","[0,0,1,1,1,0,0]"
TE-492.jpg,LANGUAGE_DEPENDENT,"[0,0,0,1,0,0,0]","[0,1,1,1,1,1,1]","[0.1766,0.4803,0.4432,0.3463,0.3008,0.5176,0.4407]","[1,1,0,1,0,1,0]"
TE-509.jpg,LANGUAGE_DEPENDENT,"[0,0,0,0,0,0,0]","[0,1,1,1,1,1,1]","[0.1841,0.4632,0.4645,0.3501,0.3013,0.5221,0.4362]","[1,0,1,1,0,1,0]"
TE-519.jpg,LANGUAGE_DEPENDENT,"[0,0,0,1,0,0,0]","[0,1,1,1,1,1,1]","[0.1593,0.4926,0.4486,0.3701,0.3255,0.4990,0.4824]","[1,1,0,1,0,1,1]"
TE-526.jpg,LANGUAGE_DEPENDENT,"[0,0,0,0,0,0,0]","[0,1,1,1,1,1,1]","[0.2034,0.4834,0.4504,0.3489,0.3001,0.5183,0.4268]","[1,1,0,1,0,1,0]"
TE-615.jpg,LANGUAGE_DEPENDENT,"[0,0,0,1,0,0,0]","[0,1,1,1,1,1,1]","[0.1906,0.4734,0.4410,0.3532,0.3212,0.5413,0.4508]","[1,1,0,1,0,1,0]"
TE-632.jpg,LANGUAGE_DEPENDENT,"[0,0,0,0,0,0,0]","[0,1,1,1,1,1,1]","[0.1633,0.4375,0.4933,0.3217,0.3142,0.4961,0.5124]","[1,0,1,0,0,0,1]"
TE-9.jpg,LANGUAGE_DEPENDENT,"[1,0,1,0,0,0,0]","[0,1,1,1,1,1,1]","[0.1749,0.4408,0.4510,0.3446,0.3367,0.5250,0.4464]","[1,0,0,1,1,1,0]"
TE-201.jpg,LIFESTYLE_CONTEXT_DEPENDENT,"[0,0,0,1,0,0,0]","[0,1,1,1,1,1,1]","[0.1586,0.4778,0.4549,0.3889,0.3697,0.5275,0.4733]","[1,1,1,1,1,1,1]"
TE-296.jpg,LIFESTYLE_CONTEXT_DEPENDENT,"[1,0,0,0,0,0,1]","[0,1,1,1,1,1,1]","[0.1755,0.4944,0.4575,0.3252,0.3032,0.5089,0.4668]","[1,1,1,0,0,1,1]"
TE-226.jpg,MEDIA_CONTEXT_DEPENDENT,"[1,0,0,0,0,0,0]","[0,1,1,1,1,1,1]","[0.1693,0.4801,0.4220,0.3167,0.3044,0.4939,0.4326]","[1,1,0,0,0,0,0]"
TE-323.jpg,MEDIA_CONTEXT_DEPENDENT,"[0,1,0,0,0,0,0]","[0,1,1,1,0,1,1]","[0.1800,0.4813,0.4363,0.3523,0.2951,0.5247,0.4327]","[1,1,0,1,0,1,0]"
TE-336.jpg,MEDIA_CONTEXT_DEPENDENT,"[1,0,1,0,0,0,0]","[0,1,1,1,1,1,1]","[0.1585,0.4343,0.5106,0.3502,0.3334,0.4983,0.4778]","[1,0,1,1,1,1,1]"
TE-354.jpg,MEDIA_CONTEXT_DEPENDENT,"[1,0,0,0,0,0,0]","[0,1,1,1,0,1,1]","[0.1528,0.4763,0.4484,0.3617,0.2955,0.5309,0.4516]","[0,1,0,1,0,1,0]"
TE-47.jpg,MEDIA_CONTEXT_DEPENDENT,"[1,0,0,0,1,0,0]","[0,1,1,0,1,1,1]","[0.1398,0.4920,0.4998,0.2986,0.3681,0.4785,0.5114]","[0,1,1,0,1,0,1]"
TE-497.jpg,MEDIA_CONTEXT_DEPENDENT,"[0,0,0,0,0,0,1]","[0,1,1,1,0,1,1]","[0.1556,0.4767,0.4880,0.3289,0.2747,0.5030,0.4621]","[0,1,1,0,0,1,1]"
TE-505.jpg,MEDIA_CONTEXT_DEPENDENT,"[0,0,0,1,0,0,0]","[0,1,1,1,1,1,1]","[0.1536,0.4821,0.5279,0.3392,0.3236,0.5329,0.5054]","[0,1,1,1,0,1,1]"
TE-525.jpg,MEDIA_CONTEXT_DEPENDENT,"[1,0,0,0,0,0,0]","[0,1,1,0,1,1,1]","[0.1398,0.4920,0.4998,0.2986,0.3681,0.4785,0.5114]","[0,1,1,0,1,0,1]"
TE-98.jpg,MEDIA_CONTEXT_DEPENDENT,"[1,0,0,0,0,0,0]","[0,1,1,1,1,1,1]","[0.1591,0.4678,0.3501,0.3173,0.3394,0.5024,0.4395]","[1,0,0,0,1,1,0]"
TE-140.jpg,MEME_FORMAT_DEPENDENT,"[0,0,0,0,1,0,0]","[0,1,1,1,1,1,1]","[0.1790,0.4701,0.4256,0.3328,0.3526,0.4905,0.4395]","[1,0,0,0,1,0,0]"
TE-196.jpg,MEME_FORMAT_DEPENDENT,"[1,0,1,0,0,0,0]","[0,1,1,1,0,1,1]","[0.1574,0.5069,0.4229,0.3358,0.2909,0.5327,0.4288]","[1,1,0,1,0,1,0]"
TE-484.jpg,MEME_FORMAT_DEPENDENT,"[0,0,0,0,0,0,0]","[0,1,1,1,1,1,1]","[0.1442,0.4345,0.4132,0.3211,0.3353,0.4926,0.5074]","[0,0,0,0,1,0,1]"
TE-550.jpg,MEME_FORMAT_DEPENDENT,"[0,0,0,1,0,0,0]","[0,1,1,1,1,1,1]","[0.1391,0.4187,0.4722,0.3155,0.3330,0.4902,0.4698]","[0,0,1,0,1,0,1]"
TE-589.jpg,MEME_FORMAT_DEPENDENT,"[0,0,0,1,0,0,0]","[0,1,1,1,1,1,1]","[0.1379,0.4848,0.4833,0.3196,0.3060,0.4845,0.4357]","[0,1,1,0,0,0,0]"
TE-591.jpg,MEME_FORMAT_DEPENDENT,"[0,0,0,0,0,1,0]","[0,1,1,1,1,1,1]","[0.1607,0.4670,0.4340,0.3264,0.3211,0.4773,0.4346]","[1,0,0,0,0,0,0]"
TE-112.jpg,NICHE_SUBCULTURE_DEPENDENT,"[1,0,1,0,0,0,0]","[0,1,1,1,1,1,1]","[0.1732,0.4847,0.4187,0.3408,0.3098,0.5129,0.4311]","[1,1,0,1,0,1,0]"
TE-172.jpg,NICHE_SUBCULTURE_DEPENDENT,"[0,0,0,0,1,0,0]","[0,1,1,1,1,1,1]","[0.1499,0.4656,0.4536,0.3533,0.3205,0.4782,0.5006]","[0,0,0,1,0,0,1]"
TE-249.jpg,NICHE_SUBCULTURE_DEPENDENT,"[0,0,0,0,1,0,0]","[0,1,1,1,0,1,1]","[0.1749,0.4665,0.5383,0.3550,0.2860,0.4766,0.4839]","[1,0,1,1,0,0,1]"
TE-346.jpg,NICHE_SUBCULTURE_DEPENDENT,"[0,0,1,0,0,0,0]","[0,1,1,1,0,1,1]","[0.1839,0.4974,0.4424,0.3355,0.2898,0.4987,0.4357]","[1,1,0,1,0,1,0]"
TE-37.jpg,NICHE_SUBCULTURE_DEPENDENT,"[0,1,0,0,0,0,0]","[0,1,1,1,1,1,1]","[0.1150,0.4931,0.4610,0.3383,0.3315,0.5090,0.4689]","[0,1,1,1,1,1,1]"
TE-595.jpg,NICHE_SUBCULTURE_DEPENDENT,"[0,0,0,1,1,0,0]","[0,1,1,1,1,1,1]","[0.1625,0.4833,0.4192,0.3433,0.3469,0.4839,0.4541]","[1,1,0,1,1,0,0]"
TE-78.jpg,NICHE_SUBCULTURE_DEPENDENT,"[0,0,0,0,1,0,0]","[0,1,1,1,1,1,1]","[0.1508,0.4678,0.4213,0.3345,0.3434,0.4844,0.4627]","[0,0,0,0,1,0,1]"
TE-88.jpg,NICHE_SUBCULTURE_DEPENDENT,"[0,0,0,0,1,0,0]","[0,1,1,1,1,1,1]","[0.1530,0.4238,0.4700,0.3230,0.3974,0.4122,0.4568]","[0,0,1,0,1,0,0]"
TE-174.jpg,POP_CULTURE_DEPENDENT,"[0,0,0,0,1,0,0]","[0,1,1,1,0,1,1]","[0.1741,0.4614,0.4725,0.3345,0.2942,0.5112,0.4441]","[1,0,1,0,0,1,0]"
TE-178.jpg,POP_CULTURE_DEPENDENT,"[1,0,1,0,0,0,0]","[0,1,1,1,1,1,1]","[0.1609,0.4970,0.4864,0.3512,0.3421,0.4976,0.4970]","[1,1,1,1,1,0,1]"
TE-188.jpg,POP_CULTURE_DEPENDENT,"[0,0,0,0,1,0,0]","[0,1,1,1,1,1,1]","[0.1738,0.4580,0.4809,0.3452,0.3169,0.5205,0.4421]","[1,0,1,1,0,1,0]"
TE-200.jpg,POP_CULTURE_DEPENDENT,"[0,0,0,0,0,0,0]","[0,1,1,1,1,1,1]","[0.1514,0.4665,0.4714,0.3397,0.3062,0.4973,0.4653]","[0,0,1,1,0,0,1]"
TE-213.jpg,POP_CULTURE_DEPENDENT,"[0,0,0,0,0,0,0]","[0,1,1,1,1,1,1]","[0.1505,0.4627,0.4985,0.3079,0.3401,0.4949,0.5111]","[0,0,1,0,1,0,1]"
TE-222.jpg,POP_CULTURE_DEPENDENT,"[1,0,0,0,0,0,0]","[0,1,1,1,1,1,1]","[0.1586,0.4742,0.4586,0.3647,0.3359,0.4845,0.4625]","[1,1,1,1,1,0,1]"
TE-236.jpg,POP_CULTURE_DEPENDENT,"[0,0,0,0,1,0,0]","[0,1,1,1,0,1,1]","[0.1789,0.4513,0.4657,0.3627,0.2557,0.5200,0.4332]","[1,0,1,1,0,1,0]"
TE-244.jpg,POP_CULTURE_DEPENDENT,"[1,0,0,0,0,0,0]","[0,1,1,1,1,1,1]","[0.1694,0.4879,0.4611,0.3828,0.3119,0.5467,0.4839]","[1,1,1,1,0,1,1]"
TE-255.jpg,POP_CULTURE_DEPENDENT,"[1,0,0,0,0,0,0]","[0,1,1,1,1,1,1]","[0.1633,0.4533,0.4742,0.3060,0.3476,0.4755,0.4450]","[1,0,1,0,1,0,0]"
TE-275.jpg,POP_CULTURE_DEPENDENT,"[1,0,0,0,0,0,0]","[0,1,1,1,1,1,1]","[0.1809,0.4634,0.4388,0.3552,0.3288,0.4787,0.4397]","[1,0,0,1,1,0,0]"
TE-291.jpg,POP_CULTURE_DEPENDENT,"[1,0,0,0,0,0,0]","[0,1,1,1,1,1,1]","[0.1719,0.4822,0.4425,0.3720,0.3227,0.5367,0.4264]","[1,1,0,1,0,1,0]"
TE-34.jpg,POP_CULTURE_DEPENDENT,"[0,0,0,0,1,0,0]","[0,1,1,1,1,1,1]","[0.1554,0.4681,0.4973,0.3141,0.3083,0.5366,0.4885]","[0,0,1,0,0,1,1]"
TE-379.jpg,POP_CULTURE_DEPENDENT,"[1,0,1,0,1,0,0]","[0,1,1,1,1,1,1]","[0.1706,0.5015,0.4538,0.3266,0.3398,0.4845,0.4473]","[1,1,0,0,1,0,0]"
TE-467.jpg,POP_CULTURE_DEPENDENT,"[1,0,0,0,0,0,0]","[0,1,1,1,0,1,1]","[0.1394,0.4807,0.5140,0.3068,0.2990,0.5258,0.4287]","[0,1,1,0,0,1,0]"
TE-50.jpg,POP_CULTURE_DEPENDENT,"[0,0,0,1,1,0,0]","[0,1,1,0,1,1,1]","[0.1438,0.4684,0.5156,0.2819,0.4384,0.4970,0.5016]","[0,0,1,0,1,0,1]"
TE-540.jpg,POP_CULTURE_DEPENDENT,"[0,1,0,0,0,0,0]","[0,1,1,1,1,1,1]","[0.1757,0.4863,0.4491,0.3298,0.3038,0.5014,0.4233]","[1,1,0,0,0,1,0]"
TE-546.jpg,POP_CULTURE_DEPENDENT,"[0,0,0,0,1,0,0]","[0,1,1,0,1,1,1]","[0.1423,0.4321,0.4926,0.2996,0.3455,0.4840,0.4753]","[0,0,1,0,1,0,1]"
TE-650.jpg,POP_CULTURE_DEPENDENT,"[0,1,0,0,0,0,0]","[0,1,1,0,1,1,1]","[0.1219,0.4715,0.4387,0.2577,0.3482,0.4721,0.4926]","[0,1,0,0,1,0,1]"
TE-99.jpg,POP_CULTURE_DEPENDENT,"[1,0,0,0,0,0,0]","[0,1,1,0,1,1,1]","[0.1369,0.4667,0.4653,0.2928,0.3863,0.5038,0.4982]","[0,0,1,0,1,1,1]"
TE-32.jpg,REFERENCE_DEPENDENT,"[1,0,0,0,0,0,0]","[0,1,1,1,1,1,1]","[0.1743,0.4883,0.3911,0.3320,0.3331,0.5343,0.4334]","[1,1,0,0,1,1,0]"
TE-44.jpg,REFERENCE_DEPENDENT,"[0,0,0,0,0,0,0]","[0,1,1,1,1,1,1]","[0.1609,0.4782,0.4385,0.3685,0.3502,0.5035,0.4573]","[1,1,0,1,1,1,0]"
TE-442.jpg,REFERENCE_DEPENDENT,"[0,0,0,0,0,0,0]","[0,1,1,0,1,1,1]","[0.1410,0.4948,0.3932,0.2838,0.3509,0.4765,0.4975]","[0,1,0,0,1,0,1]"
TE-602.jpg,REFERENCE_DEPENDENT,"[0,0,0,0,0,0,1]","[0,1,1,1,1,1,1]","[0.1656,0.4521,0.4099,0.3253,0.3331,0.4855,0.4417]","[1,0,0,0,1,0,0]"
TE-644.jpg,REFERENCE_DEPENDENT,"[0,0,1,0,0,1,0]","[0,1,1,0,1,1,1]","[0.1427,0.4516,0.4895,0.2428,0.4173,0.4474,0.4798]","[0,0,1,0,1,0,1]"
TE-1.jpg,UNIVERSAL_HUMAN,"[1,0,0,0,0,0,0]","[0,1,1,1,0,1,1]","[0.1828,0.4551,0.4292,0.3416,0.2973,0.5178,0.4388]","[1,0,0,1,0,1,0]"
TE-10.jpg,UNIVERSAL_HUMAN,"[0,0,0,1,0,0,0]","[0,1,1,1,1,1,1]","[0.1652,0.5057,0.4175,0.3569,0.3069,0.4843,0.4243]","[1,1,0,1,0,0,0]"
TE-100.jpg,UNIVERSAL_HUMAN,"[1,0,0,0,0,0,0]","[0,1,1,1,1,1,1]","[0.1708,0.4738,0.4350,0.3447,0.3638,0.5019,0.4572]","[1,1,0,1,1,1,0]"
TE-101.jpg,UNIVERSAL_HUMAN,"[1,0,1,0,0,0,0]","[0,1,1,1,1,1,1]","[0.1184,0.4089,0.4886,0.3479,0.3639,0.4860,0.4747]","[0,0,1,1,1,0,1]"
TE-102.jpg,UNIVERSAL_HUMAN,"[1,0,1,0,0,0,0]","[0,1,1,1,1,1,1]","[0.1674,0.4336,0.5365,0.3425,0.3226,0.5080,0.5072]","[1,0,1,1,0,1,1]"
TE-103.jpg,UNIVERSAL_HUMAN,"[0,0,0,0,0,0,0]","[0,1,1,1,1,1,1]","[0.1430,0.4251,0.4897,0.3310,0.3559,0.4695,0.4856]","[0,0,1,0,1,0,1]"
TE-105.jpg,UNIVERSAL_HUMAN,"[0,0,0,0,1,0,0]","[0,1,1,1,1,1,1]","[0.1412,0.4398,0.4906,0.3185,0.3237,0.4772,0.4655]","[0,0,1,0,0,0,1]"
TE-106.jpg,UNIVERSAL_HUMAN,"[0,0,0,0,1,1,0]","[0,1,1,0,1,1,1]","[0.1367,0.4811,0.4610,0.2980,0.3958,0.4843,0.5036]","[0,1,1,0,1,0,1]"
TE-108.jpg,UNIVERSAL_HUMAN,"[0,0,0,1,0,0,0]","[0,1,1,1,1,1,1]","[0.1205,0.4626,0.4222,0.3114,0.3632,0.4791,0.4398]","[0,0,0,0,1,0,0]"
TE-109.jpg,UNIVERSAL_HUMAN,"[1,0,0,0,1,0,1]","[0,1,1,1,1,1,1]","[0.1702,0.4858,0.4861,0.3399,0.3383,0.5039,0.4373]","[1,1,1,1,1,1,0]"
TE-11.jpg,UNIVERSAL_HUMAN,"[1,0,0,0,0,0,0]","[0,1,1,1,1,1,1]","[0.1575,0.4590,0.4971,0.3566,0.3407,0.4943,0.4848]","[1,0,1,1,1,0,1]"
TE-110.jpg,UNIVERSAL_HUMAN,"[1,0,0,0,0,0,0]","[0,1,1,0,1,1,1]","[0.1465,0.4317,0.4135,0.2501,0.3603,0.4306,0.5053]","[0,0,0,0,1,0,1]"
TE-111.jpg,UNIVERSAL_HUMAN,"[1,0,0,0,0,0,0]","[0,1,1,1,1,1,1]","[0.1675,0.4778,0.3887,0.3128,0.3207,0.5013,0.4781]","[1,1,0,0,0,1,1]"
TE-113.jpg,UNIVERSAL_HUMAN,"[1,0,0,0,0,0,0]","[0,1,1,1,1,1,1]","[0.1838,0.4967,0.4435,0.3344,0.3060,0.5170,0.4221]","[1,1,0,0,0,1,0]"
TE-114.jpg,UNIVERSAL_HUMAN,"[1,1,0,0,1,0,0]","[0,1,1,1,1,1,1]","[0.1742,0.4864,0.4208,0.3207,0.3082,0.4898,0.4262]","[1,1,0,0,0,0,0]"
TE-115.jpg,UNIVERSAL_HUMAN,"[1,0,0,0,0,0,0]","[0,1,1,1,1,1,1]","[0.1520,0.4750,0.4390,0.3462,0.3076,0.5347,0.4590]","[0,1,0,1,0,1,1]"
TE-116.jpg,UNIVERSAL_HUMAN,"[0,0,1,0,1,0,0]","[0,1,1,1,1,1,1]","[0.1536,0.5022,0.4500,0.3686,0.3191,0.4822,0.4374]","[0,1,0,1,0,0,0]"
TE-117.jpg,UNIVERSAL_HUMAN,"[0,0,0,0,0,0,0]","[0,1,1,1,1,1,1]","[0.1335,0.4734,0.4359,0.3664,0.3073,0.5128,0.4666]","[0,1,0,1,0,1,1]"
TE-118.jpg,UNIVERSAL_HUMAN,"[1,0,0,0,0,0,0]","[0,1,1,1,1,1,1]","[0.1470,0.4638,0.4617,0.3441,0.3228,0.4812,0.4662]","[0,0,1,1,0,0,1]"
TE-120.jpg,UNIVERSAL_HUMAN,"[1,0,0,0,1,0,0]","[0,1,1,1,1,1,1]","[0.1738,0.4851,0.4740,0.3487,0.3031,0.5162,0.4444]","[1,1,1,1,0,1,0]"
TE-121.jpg,UNIVERSAL_HUMAN,"[0,0,0,0,0,0,0]","[0,1,1,1,1,1,1]","[0.1481,0.4751,0.3621,0.3578,0.3473,0.5132,0.4782]","[0,1,0,1,1,1,1]"
TE-122.jpg,UNIVERSAL_HUMAN,"[0,0,0,0,0,0,0]","[0,1,1,1,1,1,1]","[0.1606,0.4257,0.4763,0.3396,0.3201,0.5030,0.4774]","[1,0,1,1,0,1,1]"
TE-123.jpg,UNIVERSAL_HUMAN,"[1,0,1,0,0,0,0]","[0,1,1,1,1,1,1]","[0.1372,0.4305,0.4565,0.3294,0.3211,0.5224,0.4763]","[0,0,1,0,0,1,1]"
TE-125.jpg,UNIVERSAL_HUMAN,"[1,0,0,0,0,0,0]","[0,1,1,1,0,1,1]","[0.1615,0.4496,0.4676,0.3365,0.2982,0.4938,0.4403]","[1,0,1,1,0,0,0]"
TE-126.jpg,UNIVERSAL_HUMAN,"[0,0,0,0,1,0,0]","[0,1,1,0,1,1,1]","[0.1251,0.4790,0.4793,0.2871,0.4181,0.5071,0.5190]","[0,1,1,0,1,1,1]"
TE-127.jpg,UNIVERSAL_HUMAN,"[0,0,0,0,0,1,0]","[0,1,1,1,1,1,1]","[0.1267,0.4282,0.4126,0.3258,0.3491,0.4858,0.4935]","[0,0,0,0,1,0,1]"
TE-128.jpg,UNIVERSAL_HUMAN,"[0,0,1,0,0,0,0]","[0,1,1,1,1,1,1]","[0.1725,0.4806,0.4655,0.3371,0.3001,0.4905,0.4280]","[1,1,1,1,0,0,0]"
TE-129.jpg,UNIVERSAL_HUMAN,"[1,0,0,0,0,0,0]","[0,1,1,1,1,1,1]","[0.1497,0.4306,0.4805,0.3331,0.3142,0.4987,0.4897]","[0,0,1,0,0,1,1]"
TE-13.jpg,UNIVERSAL_HUMAN,"[0,0,0,1,0,0,0]","[0,1,1,0,1,1,1]","[0.1566,0.4788,0.4561,0.2925,0.3336,0.4614,0.4782]","[0,1,1,0,1,0,1]"
TE-130.jpg,UNIVERSAL_HUMAN,"[1,0,0,0,0,0,0]","[0,1,1,1,1,1,1]","[0.1676,0.4634,0.3771,0.3236,0.3527,0.5001,0.4505]","[1,0,0,0,1,1,0]"
TE-131.jpg,UNIVERSAL_HUMAN,"[0,0,0,0,0,0,0]","[0,1,1,1,1,1,1]","[0.1822,0.4898,0.4482,0.3402,0.3162,0.5153,0.4602]","[1,1,0,1,0,1,1]"
TE-132.jpg,UNIVERSAL_HUMAN,"[0,0,0,0,0,0,0]","[0,1,1,1,1,1,1]","[0.1542,0.4703,0.4258,0.3381,0.3240,0.5181,0.4627]","[0,1,0,1,0,1,1]"
TE-133.jpg,UNIVERSAL_HUMAN,"[0,0,0,0,0,0,0]","[0,1,1,1,1,1,1]","[0.1497,0.4570,0.4328,0.3408,0.3385,0.4937,0.4510]","[0,0,0,1,1,0,0]"
TE-134.jpg,UNIVERSAL_HUMAN,"[1,0,0,0,0,0,0]","[0,1,1,0,1,1,1]","[0.1463,0.4872,0.4229,0.2973,0.3112,0.5042,0.4889]","[0,1,0,0,0,1,1]"
TE-135.jpg,UNIVERSAL_HUMAN,"[1,0,0,0,1,0,0]","[0,1,1,1,0,1,1]","[0.1645,0.4704,0.4843,0.3637,0.2794,0.4670,0.4606]","[1,1,1,1,0,0,1]"
TE-136.jpg,UNIVERSAL_HUMAN,"[0,1,0,0,0,0,0]","[0,1,1,1,1,1,1]","[0.1777,0.5016,0.3769,0.3102,0.3269,0.5359,0.4302]","[1,1,0,0,1,1,0]"
TE-137.jpg,UNIVERSAL_HUMAN,"[0,0,0,0,0,0,1]","[0,1,1,1,0,1,1]","[0.1225,0.4308,0.4153,0.3406,0.2994,0.4586,0.4441]","[0,0,0,1,0,0,0]"
TE-138.jpg,UNIVERSAL_HUMAN,"[0,0,0,0,0,0,0]","[0,1,1,1,1,1,1]","[0.1604,0.4911,0.4788,0.3454,0.3006,0.4554,0.4383]","[1,1,1,1,0,0,0]"
TE-139.jpg,UNIVERSAL_HUMAN,"[1,0,0,0,0,0,0]","[0,1,1,1,1,1,1]","[0.1828,0.4688,0.4450,0.3259,0.3516,0.4946,0.4136]","[1,0,0,0,1,0,0]"
TE-142.jpg,UNIVERSAL_HUMAN,"[1,0,0,0,0,0,0]","[0,1,1,1,1,1,1]","[0.1275,0.4380,0.4869,0.3493,0.3603,0.4893,0.4704]","[0,0,1,1,1,0,1]"
TE-143.jpg,UNIVERSAL_HUMAN,"[0,0,1,0,1,0,0]","[0,1,1,1,1,1,1]","[0.1587,0.4660,0.4400,0.3495,0.3338,0.5037,0.4454]","[1,0,0,1,1,1,0]"
TE-144.jpg,UNIVERSAL_HUMAN,"[0,0,0,1,0,0,0]","[0,1,1,1,1,1,1]","[0.1442,0.4318,0.4891,0.3329,0.3415,0.4884,0.4813]","[0,0,1,0,1,0,1]"
TE-145.jpg,UNIVERSAL_HUMAN,"[0,0,0,0,1,0,0]","[0,1,1,1,1,1,1]","[0.1680,0.4607,0.4473,0.3431,0.3181,0.5207,0.4433]","[1,0,0,1,0,1,0]"
TE-146.jpg,UNIVERSAL_HUMAN,"[0,1,0,0,0,0,0]","[0,1,1,1,0,1,1]","[0.1527,0.4899,0.4708,0.3705,0.2856,0.5156,0.4257]","[0,1,1,1,0,1,0]"
TE-148.jpg,UNIVERSAL_HUMAN,"[0,0,0,0,1,0,0]","[0,1,1,1,1,1,1]","[0.1712,0.5056,0.4185,0.3272,0.3516,0.5034,0.4560]","[1,1,0,0,1,1,0]"
TE-15.jpg,UNIVERSAL_HUMAN,"[0,0,0,0,0,0,0]","[0,1,1,0,1,1,1]","[0.1438,0.4684,0.5156,0.2819,0.4384,0.4970,0.5016]","[0,0,1,0,1,0,1]"
TE-150.jpg,UNIVERSAL_HUMAN,"[0,0,0,1,1,0,0]","[0,1,1,0,1,1,1]","[0.1930,0.4115,0.4549,0.2509,0.3171,0.4745,0.4276]","[1,0,1,0,0,0,0]"
TE-151.jpg,UNIVERSAL_HUMAN,"[0,0,1,0,0,0,0]","[0,1,1,1,1,1,1]","[0.1555,0.4721,0.4663,0.3297,0.3043,0.4936,0.4502]","[0,1,1,0,0,0,0]"
TE-152.jpg,UNIVERSAL_HUMAN,"[0,0,0,0,0,0,0]","[0,1,1,1,0,1,1]","[0.1850,0.4674,0.4478,0.3492,0.2989,0.5277,0.4263]","[1,0,0,1,0,1,0]"
TE-154.jpg,UNIVERSAL_HUMAN,"[1,0,0,0,0,0,0]","[0,1,1,1,1,1,1]","[0.1523,0.4694,0.4270,0.3786,0.3839,0.5051,0.4704]","[0,0,0,1,1,1,1]"
TE-155.jpg,UNIVERSAL_HUMAN,"[0,0,1,0,0,0,0]","[0,1,1,1,0,1,1]","[0.1554,0.4561,0.4342,0.3500,0.2896,0.5323,0.4570]","[0,0,0,1,0,1,0]"
TE-157.jpg,UNIVERSAL_HUMAN,"[0,0,0,0,0,0,0]","[0,1,1,1,1,1,1]","[0.1438,0.4694,0.4636,0.3138,0.3546,0.4474,0.4877]","[0,0,1,0,1,0,1]"
TE-16.jpg,UNIVERSAL_HUMAN,"[0,0,0,0,0,0,0]","[0,1,1,1,0,1,1]","[0.1558,0.4487,0.4856,0.3212,0.2906,0.4741,0.4604]","[0,0,1,0,0,0,1]"
TE-161.jpg,UNIVERSAL_HUMAN,"[0,0,1,0,0,0,0]","[0,1,1,1,1,1,1]","[0.1495,0.4393,0.4930,0.3612,0.3173,0.4756,0.4855]","[0,0,1,1,0,0,1]"
TE-162.jpg,UNIVERSAL_HUMAN,"[0,0,0,0,0,0,0]","[0,1,1,0,1,1,1]","[0.1295,0.4014,0.4451,0.2744,0.3269,0.4547,0.4969]","[0,0,0,0,1,0,1]"
TE-163.jpg,UNIVERSAL_HUMAN,"[1,0,0,0,1,0,0]","[0,1,1,1,1,1,1]","[0.1827,0.4525,0.4680,0.3472,0.3252,0.5231,0.4286]","[1,0,1,1,0,1,0]"
TE-164.jpg,UNIVERSAL_HUMAN,"[0,0,0,1,0,0,0]","[0,1,1,1,1,1,1]","[0.1622,0.4497,0.4434,0.3166,0.3327,0.4575,0.4686]","[1,0,0,0,1,0,1]"
TE-167.jpg,UNIVERSAL_HUMAN,"[1,0,0,0,1,0,0]","[0,1,1,1,1,1,1]","[0.1523,0.4303,0.4472,0.3538,0.3363,0.4926,0.4807]","[0,0,0,1,1,0,1]"
TE-169.jpg,UNIVERSAL_HUMAN,"[0,0,0,0,1,0,0]","[0,1,1,1,0,1,1]","[0.1510,0.4562,0.4860,0.3421,0.2954,0.5084,0.4732]","[0,0,1,1,0,1,1]"
TE-17.jpg,UNIVERSAL_HUMAN,"[1,0,0,0,0,0,0]","[0,1,1,1,1,1,1]","[0.1573,0.4548,0.3823,0.3547,0.3255,0.4963,0.4514]","[1,0,0,1,0,0,0]"
TE-171.jpg,UNIVERSAL_HUMAN,"[0,0,0,0,0,1,0]","[0,1,1,1,1,1,1]","[0.1399,0.4562,0.4937,0.3217,0.3605,0.5244,0.5614]","[0,0,1,0,1,1,1]"
TE-173.jpg,UNIVERSAL_HUMAN,"[0,0,0,0,0,0,0]","[0,1,1,0,1,1,1]","[0.1398,0.4920,0.4998,0.2986,0.3681,0.4785,0.5114]","[0,1,1,0,1,0,1]"
TE-176.jpg,UNIVERSAL_HUMAN,"[0,0,0,1,0,0,0]","[0,1,1,1,1,1,1]","[0.1885,0.4714,0.5271,0.3176,0.3247,0.5389,0.4330]","[1,1,1,0,0,1,0]"
TE-18.jpg,UNIVERSAL_HUMAN,"[0,0,0,1,0,0,0]","[0,1,1,1,1,1,1]","[0.1402,0.4065,0.4471,0.3442,0.3148,0.4733,0.4790]","[0,0,0,1,0,0,1]"
TE-180.jpg,UNIVERSAL_HUMAN,"[0,0,0,0,0,0,0]","[0,1,1,1,1,1,1]","[0.1519,0.4844,0.4277,0.3401,0.3490,0.4863,0.4947]","[0,1,0,1,1,0,1]"
TE-181.jpg,UNIVERSAL_HUMAN,"[1,0,0,0,1,0,0]","[0,1,1,1,1,1,1]","[0.1303,0.4845,0.4367,0.3074,0.3832,0.4911,0.5075]","[0,1,0,0,1,0,1]"
TE-182.jpg,UNIVERSAL_HUMAN,"[0,0,0,0,0,0,1]","[0,1,1,1,0,1,1]","[0.1484,0.4946,0.4574,0.3442,0.2917,0.4600,0.4744]","[0,1,1,1,0,0,1]"
TE-183.jpg,UNIVERSAL_HUMAN,"[1,0,0,0,0,0,0]","[0,1,1,1,1,1,1]","[0.1472,0.4582,0.4268,0.3347,0.3216,0.5153,0.4688]","[0,0,0,0,0,1,1]"
TE-187.jpg,UNIVERSAL_HUMAN,"[0,1,0,0,0,0,0]","[0,1,1,1,1,1,1]","[0.1549,0.5005,0.4753,0.3410,0.3500,0.5180,0.4419]","[0,1,1,1,1,1,0]"
TE-189.jpg,UNIVERSAL_HUMAN,"[0,0,0,0,0,0,0]","[0,1,1,1,1,1,1]","[0.1478,0.4556,0.4626,0.3706,0.3125,0.4893,0.4471]","[0,0,1,1,0,0,0]"
TE-19.jpg,UNIVERSAL_HUMAN,"[1,0,0,0,0,0,0]","[0,1,1,1,1,1,1]","[0.1688,0.5125,0.4301,0.3165,0.3448,0.5041,0.4408]","[1,1,0,0,1,1,0]"
TE-190.jpg,UNIVERSAL_HUMAN,"[1,0,0,0,1,0,0]","[0,1,1,1,1,1,1]","[0.1450,0.4500,0.3689,0.3632,0.3647,0.5323,0.4419]","[0,0,0,1,1,1,0]"
TE-191.jpg,UNIVERSAL_HUMAN,"[1,0,0,0,1,0,0]","[0,1,1,1,0,1,1]","[0.1451,0.4854,0.4747,0.3309,0.2954,0.4764,0.4657]","[0,1,1,0,0,0,1]"
TE-192.jpg,UNIVERSAL_HUMAN,"[0,0,0,0,0,0,0]","[0,1,1,0,1,1,1]","[0.1380,0.4641,0.5349,0.2971,0.3589,0.5080,0.4869]","[0,0,1,0,1,1,1]"
TE-194.jpg,UNIVERSAL_HUMAN,"[0,0,0,0,0,0,0]","[0,1,1,1,1,1,1]","[0.1596,0.4699,0.4465,0.3427,0.3057,0.5361,0.4589]","[1,0,0,1,0,1,1]"
TE-198.jpg,UNIVERSAL_HUMAN,"[0,0,1,0,0,0,0]","[0,1,1,1,1,1,1]","[0.1705,0.4469,0.3807,0.3573,0.3204,0.5289,0.4202]","[1,0,0,1,0,1,0]"
TE-199.jpg,UNIVERSAL_HUMAN,"[0,0,0,0,0,0,0]","[0,1,1,1,1,1,1]","[0.1744,0.4885,0.4021,0.3109,0.3360,0.4933,0.4318]","[1,1,0,0,1,0,0]"
TE-2.jpg,UNIVERSAL_HUMAN,"[1,0,0,0,1,0,0]","[0,1,1,1,0,1,1]","[0.1641,0.4432,0.4883,0.3423,0.2642,0.5314,0.4302]","[1,0,1,1,0,1,0]"
TE-20.jpg,UNIVERSAL_HUMAN,"[0,0,1,0,0,0,0]","[0,1,1,0,1,1,1]","[0.1172,0.4491,0.4219,0.2852,0.3860,0.4817,0.4301]","[0,0,0,0,1,0,0]"
TE-203.jpg,UNIVERSAL_HUMAN,"[0,0,0,0,0,0,1]","[0,1,1,1,1,1,1]","[0.1905,0.4691,0.4512,0.3727,0.3350,0.5349,0.4595]","[1,0,0,1,1,1,1]"
TE-204.jpg,UNIVERSAL_HUMAN,"[0,0,0,0,0,0,0]","[0,1,1,1,0,1,1]","[0.1508,0.4719,0.4891,0.3219,0.2625,0.4994,0.4449]","[0,1,1,0,0,1,0]"
TE-206.jpg,UNIVERSAL_HUMAN,"[1,1,0,0,0,0,0]","[0,1,1,1,1,1,1]","[0.1606,0.4573,0.4790,0.3528,0.3141,0.5173,0.4632]","[1,0,1,1,0,1,1]"
TE-207.jpg,UNIVERSAL_HUMAN,"[1,0,0,0,1,0,0]","[0,1,1,1,1,1,1]","[0.1169,0.4195,0.4400,0.3304,0.3524,0.5610,0.4392]","[0,0,0,0,1,1,0]"
TE-208.jpg,UNIVERSAL_HUMAN,"[0,0,0,0,0,1,0]","[0,1,1,1,1,1,1]","[0.1871,0.4758,0.4598,0.3171,0.3274,0.4818,0.4724]","[1,1,1,0,1,0,1]"
TE-209.jpg,UNIVERSAL_HUMAN,"[0,0,0,0,0,0,0]","[0,1,1,1,1,1,1]","[0.1501,0.4378,0.4436,0.3136,0.3326,0.4817,0.4523]","[0,0,0,0,1,0,0]"
TE-210.jpg,UNIVERSAL_HUMAN,"[1,0,0,0,1,0,0]","[0,1,1,1,0,1,1]","[0.1469,0.4824,0.4088,0.3223,0.2698,0.5248,0.4530]","[0,1,0,0,0,1,0]"
TE-211.jpg,UNIVERSAL_HUMAN,"[0,0,0,0,0,0,0]","[0,1,1,1,1,1,1]","[0.1730,0.4757,0.4456,0.3706,0.3133,0.5321,0.4570]","[1,1,0,1,0,1,0]"
TE-212.jpg,UNIVERSAL_HUMAN,"[0,0,0,0,0,0,0]","[0,1,1,1,1,1,1]","[0.1661,0.4413,0.4488,0.3071,0.3027,0.4978,0.5151]","[1,0,0,0,0,0,1]"
TE-215.jpg,UNIVERSAL_HUMAN,"[0,0,0,0,1,0,0]","[0,1,1,1,1,1,1]","[0.1417,0.4544,0.3890,0.3460,0.3601,0.4992,0.4511]","[0,0,0,1,1,1,0]"
TE-216.jpg,UNIVERSAL_HUMAN,"[1,0,0,1,0,0,0]","[0,1,1,1,1,1,1]","[0.1568,0.4745,0.4354,0.3808,0.3421,0.4684,0.4528]","[1,1,0,1,1,0,0]"
TE-217.jpg,UNIVERSAL_HUMAN,"[0,0,0,0,0,1,0]","[0,1,1,1,1,1,1]","[0.1398,0.4876,0.3982,0.3682,0.3207,0.4847,0.4626]","[0,1,0,1,0,0,1]"
TE-218.jpg,UNIVERSAL_HUMAN,"[0,0,0,0,0,0,0]","[0,1,1,1,1,1,1]","[0.1534,0.4653,0.4343,0.3452,0.3439,0.4906,0.4593]","[0,0,0,1,1,0,1]"
TE-220.jpg,UNIVERSAL_HUMAN,"[1,0,0,0,0,0,0]","[0,1,1,1,1,1,1]","[0.1749,0.5168,0.3931,0.3090,0.3391,0.4950,0.4385]","[1,1,0,0,1,0,0]"
TE-221.jpg,UNIVERSAL_HUMAN,"[0,0,0,0,1,0,0]","[0,1,1,1,1,1,1]","[0.1395,0.4693,0.4717,0.3204,0.3602,0.4503,0.4861]","[0,0,1,0,1,0,1]"
TE-223.jpg,UNIVERSAL_HUMAN,"[0,0,0,0,0,0,0]","[0,1,1,1,0,1,1]","[0.1677,0.4709,0.4281,0.3710,0.2837,0.5515,0.4283]","[1,1,0,1,0,1,0]"
TE-225.jpg,UNIVERSAL_HUMAN,"[1,0,0,0,0,0,0]","[0,1,1,1,1,1,1]","[0.1589,0.4893,0.3866,0.3235,0.3446,0.4906,0.4527]","[1,1,0,0,1,0,0]"
TE-227.jpg,UNIVERSAL_HUMAN,"[0,0,0,0,1,0,0]","[0,1,1,1,1,1,1]","[0.1483,0.4663,0.4021,0.3487,0.3598,0.5015,0.4431]","[0,0,0,1,1,1,0]"
TE-228.jpg,UNIVERSAL_HUMAN,"[1,0,0,0,1,0,0]","[0,1,1,1,1,1,1]","[0.1765,0.4712,0.4465,0.3423,0.3101,0.4984,0.4213]","[1,1,0,1,0,1,0]"
TE-229.jpg,UNIVERSAL_HUMAN,"[1,0,0,0,0,0,0]","[0,1,1,1,1,1,1]","[0.1525,0.4510,0.4739,0.3395,0.3761,0.4623,0.5177]","[0,0,1,1,1,0,1]"
TE-23.jpg,UNIVERSAL_HUMAN,"[1,0,0,0,1,0,0]","[0,1,1,1,1,1,1]","[0.1553,0.4728,0.4885,0.3530,0.3242,0.5387,0.4499]","[0,1,1,1,0,1,0]"
TE-230.jpg,UNIVERSAL_HUMAN,"[1,0,1,0,0,0,0]","[0,1,1,1,1,1,1]","[0.1766,0.4900,0.4155,0.3311,0.3043,0.5467,0.4391]","[1,1,0,0,0,1,0]"
TE-231.jpg,UNIVERSAL_HUMAN,"[0,1,0,0,0,0,0]","[0,1,1,1,1,1,1]","[0.1614,0.4634,0.4078,0.3069,0.3223,0.4984,0.4386]","[1,0,0,0,0,1,0]"
TE-233.jpg,UNIVERSAL_HUMAN,"[0,0,0,0,0,0,0]","[0,1,1,1,1,1,1]","[0.1652,0.4862,0.4577,0.3095,0.3328,0.4756,0.4352]","[1,1,1,0,1,0,0]"
TE-234.jpg,UNIVERSAL_HUMAN,"[0,0,0,0,0,0,0]","[0,1,1,1,1,1,1]","[0.1707,0.4575,0.4517,0.3571,0.3140,0.5116,0.4479]","[1,0,0,1,0,1,0]"
TE-235.jpg,UNIVERSAL_HUMAN,"[0,0,0,0,0,0,0]","[0,1,1,1,1,1,1]","[0.1599,0.4649,0.5148,0.3329,0.3230,0.5327,0.5380]","[1,0,1,0,0,1,1]"
TE-237.jpg,UNIVERSAL_HUMAN,"[0,0,0,0,1,0,0]","[0,1,1,1,1,1,1]","[0.1508,0.4580,0.4272,0.3268,0.3070,0.5035,0.4178]","[0,0,0,0,0,1,0]"
TE-239.jpg,UNIVERSAL_HUMAN,"[0,0,0,0,1,0,0]","[0,1,1,1,1,1,1]","[0.1655,0.4495,0.3965,0.3576,0.3592,0.5255,0.4409]","[1,0,0,1,1,1,0]"
TE-24.jpg,UNIVERSAL_HUMAN,"[1,0,0,0,0,0,1]","[0,1,1,1,1,1,1]","[0.1652,0.5115,0.4425,0.3145,0.3448,0.4519,0.4258]","[1,1,0,0,1,0,0]"
TE-240.jpg,UNIVERSAL_HUMAN,"[0,1,0,1,0,0,0]","[0,1,1,1,1,1,1]","[0.1530,0.4641,0.4635,0.3377,0.3737,0.4118,0.4310]","[0,0,1,1,1,0,0]"
TE-241.jpg,UNIVERSAL_HUMAN,"[1,0,0,0,1,0,0]","[0,1,1,0,1,1,1]","[0.1453,0.4311,0.4670,0.2873,0.3518,0.4080,0.4506]","[0,0,1,0,1,0,0]"
TE-242.jpg,UNIVERSAL_HUMAN,"[1,0,0,0,0,0,0]","[0,1,1,1,1,1,1]","[0.1605,0.4757,0.5177,0.3573,0.3224,0.5209,0.4663]","[1,1,1,1,0,1,1]"
TE-243.jpg,UNIVERSAL_HUMAN,"[1,0,0,0,0,0,0]","[0,1,1,1,1,1,1]","[0.1098,0.4440,0.4384,0.3354,0.3787,0.4672,0.4842]","[0,0,0,1,1,0,1]"
TE-245.jpg,UNIVERSAL_HUMAN,"[0,0,1,0,0,0,1]","[0,1,1,1,0,1,1]","[0.1365,0.4624,0.4865,0.3206,0.2931,0.5258,0.4714]","[0,0,1,0,0,1,1]"
TE-246.jpg,UNIVERSAL_HUMAN,"[0,0,0,0,0,0,0]","[0,1,1,1,1,1,1]","[0.1531,0.4361,0.4718,0.3245,0.3208,0.5054,0.4637]","[0,0,1,0,0,1,1]"
TE-247.jpg,UNIVERSAL_HUMAN,"[0,0,0,1,0,0,0]","[0,1,1,1,1,1,1]","[0.1644,0.4852,0.4401,0.3718,0.3852,0.4826,0.4441]","[1,1,0,1,1,0,0]"
TE-248.jpg,UNIVERSAL_HUMAN,"[0,0,0,0,0,1,0]","[0,1,1,1,1,1,1]","[0.1787,0.4759,0.3903,0.3556,0.3386,0.5146,0.4510]","[1,1,0,1,1,1,0]"
TE-25.jpg,UNIVERSAL_HUMAN,"[1,0,0,0,0,0,0]","[0,1,1,1,1,1,1]","[0.1575,0.4768,0.3904,0.3488,0.3246,0.4886,0.4497]","[1,1,0,1,0,0,0]"
TE-253.jpg,UNIVERSAL_HUMAN,"[0,0,0,1,1,0,0]","[0,1,1,1,1,1,1]","[0.1602,0.4534,0.4642,0.3356,0.3446,0.5051,0.4357]","[1,0,1,1,1,1,0]"
TE-254.jpg,UNIVERSAL_HUMAN,"[0,0,0,0,0,0,0]","[0,1,1,1,1,1,1]","[0.1592,0.4738,0.4060,0.3580,0.3371,0.5191,0.4560]","[1,1,0,1,1,1,0]"
TE-257.jpg,UNIVERSAL_HUMAN,"[0,0,0,0,0,0,0]","[0,1,1,0,1,1,1]","[0.1224,0.4821,0.4829,0.2726,0.4162,0.5164,0.5170]","[0,1,1,0,1,1,1]"
TE-258.jpg,UNIVERSAL_HUMAN,"[0,0,0,0,0,0,1]","[0,1,1,1,1,1,1]","[0.1649,0.4928,0.4431,0.3175,0.3447,0.4897,0.4368]","[1,1,0,0,1,0,0]"
TE-260.jpg,UNIVERSAL_HUMAN,"[0,0,0,0,1,0,0]","[0,1,1,1,1,1,1]","[0.1516,0.4402,0.4433,0.3467,0.3245,0.4618,0.4356]","[0,0,0,1,0,0,0]"
TE-261.jpg,UNIVERSAL_HUMAN,"[1,1,0,0,1,1,0]","[0,1,1,0,1,1,1]","[0.1448,0.4804,0.4860,0.2843,0.3573,0.5186,0.5019]","[0,1,1,0,1,1,1]"
TE-262.jpg,UNIVERSAL_HUMAN,"[0,0,0,0,0,1,0]","[0,1,1,1,1,1,1]","[0.1871,0.4938,0.4670,0.3516,0.3346,0.5356,0.4602]","[1,1,1,1,1,1,1]"
TE-264.jpg,UNIVERSAL_HUMAN,"[0,0,0,0,0,0,0]","[0,1,1,1,1,1,1]","[0.1437,0.4403,0.3799,0.3691,0.3571,0.4968,0.4747]","[0,0,0,1,1,0,1]"
TE-265.jpg,UNIVERSAL_HUMAN,"[0,0,0,0,1,0,0]","[0,1,1,1,1,1,1]","[0.1336,0.4531,0.4581,0.3239,0.3218,0.4893,0.4918]","[0,0,1,0,0,0,1]"
TE-266.jpg,UNIVERSAL_HUMAN,"[0,0,0,0,1,0,0]","[0,1,1,1,1,1,1]","[0.1394,0.4637,0.4332,0.3787,0.3759,0.4616,0.4872]","[0,0,0,1,1,0,1]"
TE-267.jpg,UNIVERSAL_HUMAN,"[0,1,0,0,0,0,0]","[0,1,1,1,0,1,1]","[0.1953,0.4599,0.4681,0.3179,0.2982,0.5401,0.4267]","[1,0,1,0,0,1,0]"
TE-269.jpg,UNIVERSAL_HUMAN,"[1,0,1,0,0,0,0]","[0,1,1,0,1,1,1]","[0.1333,0.4894,0.4167,0.2929,0.3713,0.4753,0.4795]","[0,1,0,0,1,0,1]"
TE-27.jpg,UNIVERSAL_HUMAN,"[1,0,0,0,0,0,0]","[0,1,1,0,1,1,1]","[0.1332,0.4586,0.5197,0.2770,0.4538,0.4855,0.4843]","[0,0,1,0,1,0,1]"
TE-270.jpg,UNIVERSAL_HUMAN,"[0,0,0,0,0,1,0]","[0,1,1,1,1,1,1]","[0.1819,0.4648,0.4646,0.3327,0.3597,0.5212,0.4838]","[1,0,1,0,1,1,1]"
TE-271.jpg,UNIVERSAL_HUMAN,"[0,0,1,0,0,0,0]","[0,1,1,1,1,1,1]","[0.1545,0.4431,0.4854,0.3356,0.3190,0.4796,0.4899]","[0,0,1,1,0,0,1]"
TE-272.jpg,UNIVERSAL_HUMAN,"[0,0,0,0,0,0,1]","[0,1,1,1,1,1,1]","[0.1353,0.4514,0.4896,0.3283,0.3259,0.5104,0.4851]","[0,0,1,0,1,1,1]"
TE-274.jpg,UNIVERSAL_HUMAN,"[0,0,0,0,0,0,0]","[0,1,1,1,1,1,1]","[0.1702,0.4519,0.4228,0.3444,0.3069,0.5227,0.4076]","[1,0,0,1,0,1,0]"
TE-277.jpg,UNIVERSAL_HUMAN,"[0,0,0,1,0,0,0]","[0,1,1,1,1,1,1]","[0.1711,0.4683,0.3995,0.3396,0.3136,0.5202,0.4526]","[1,0,0,1,0,1,0]"
TE-278.jpg,UNIVERSAL_HUMAN,"[1,0,0,0,0,1,0]","[0,1,1,0,1,1,1]","[0.1170,0.4408,0.5270,0.2992,0.4073,0.5090,0.4801]","[0,0,1,0,1,1,1]"
TE-28.jpg,UNIVERSAL_HUMAN,"[0,0,0,0,0,0,0]","[0,1,1,1,1,1,1]","[0.1380,0.4553,0.4631,0.3609,0.3334,0.5302,0.4614]","[0,0,1,1,1,1,1]"
TE-280.jpg,UNIVERSAL_HUMAN,"[0,0,0,0,0,0,0]","[0,1,1,1,1,1,1]","[0.1929,0.4653,0.4383,0.3521,0.3482,0.5030,0.4524]","[1,0,0,1,1,1,0]"
TE-281.jpg,UNIVERSAL_HUMAN,"[1,0,0,0,1,0,0]","[0,1,1,1,1,1,1]","[0.1424,0.5042,0.4519,0.3260,0.3229,0.5016,0.4376]","[0,1,0,0,0,1,0]"
TE-282.jpg,UNIVERSAL_HUMAN,"[1,1,0,0,0,0,0]","[0,1,1,1,1,1,1]","[0.1431,0.4367,0.3979,0.3105,0.3344,0.4500,0.4864]","[0,0,0,0,1,0,1]"
TE-283.jpg,UNIVERSAL_HUMAN,"[0,0,0,0,0,0,1]","[0,1,1,1,1,1,1]","[0.1660,0.4487,0.4534,0.3285,0.3220,0.4788,0.4227]","[1,0,0,0,0,0,0]"
TE-284.jpg,UNIVERSAL_HUMAN,"[0,0,0,0,0,0,1]","[0,1,1,1,0,1,1]","[0.1889,0.4969,0.4599,0.3519,0.2928,0.5259,0.4590]","[1,1,1,1,0,1,1]"
TE-286.jpg,UNIVERSAL_HUMAN,"[0,0,0,0,1,0,0]","[0,1,1,1,1,1,1]","[0.1483,0.4623,0.3914,0.3321,0.3483,0.5177,0.4270]","[0,0,0,0,1,1,0]"
TE-288.jpg,UNIVERSAL_HUMAN,"[0,0,0,0,0,0,0]","[0,1,1,1,1,1,1]","[0.1149,0.4769,0.3961,0.3009,0.3806,0.4721,0.4831]","[0,1,0,0,1,0,1]"
TE-289.jpg,UNIVERSAL_HUMAN,"[0,0,0,0,1,0,0]","[0,1,1,1,1,1,1]","[0.1270,0.4625,0.4780,0.3214,0.3710,0.5077,0.4758]","[0,0,1,0,1,1,1]"
TE-29.jpg,UNIVERSAL_HUMAN,"[1,0,0,0,1,0,0]","[0,1,1,1,1,1,1]","[0.1710,0.4785,0.4097,0.3495,0.3257,0.5105,0.4559]","[1,1,0,1,1,1,0]"
TE-290.jpg,UNIVERSAL_HUMAN,"[1,0,1,0,0,0,0]","[0,1,1,1,1,1,1]","[0.1603,0.4459,0.4653,0.3291,0.3075,0.4931,0.5075]","[1,0,1,0,0,0,1]"
TE-292.jpg,UNIVERSAL_HUMAN,"[0,1,0,0,0,1,0]","[0,1,1,1,1,1,1]","[0.1648,0.4891,0.3979,0.3287,0.3346,0.5064,0.4419]","[1,1,0,0,1,1,0]"
TE-293.jpg,UNIVERSAL_HUMAN,"[0,0,0,0,0,1,0]","[0,1,1,1,1,1,1]","[0.1745,0.4967,0.4478,0.3554,0.3207,0.4625,0.4368]","[1,1,0,1,0,0,0]"
TE-295.jpg,UNIVERSAL_HUMAN,"[1,0,0,0,1,0,1]","[0,1,1,1,1,1,1]","[0.1489,0.4502,0.5136,0.3442,0.3024,0.4730,0.5012]","[0,0,1,1,0,0,1]"
TE-297.jpg,UNIVERSAL_HUMAN,"[0,0,0,0,1,0,0]","[0,1,1,1,1,1,1]","[0.1462,0.4971,0.4203,0.3446,0.3585,0.5026,0.4465]","[0,1,0,1,1,1,0]"
TE-298.jpg,UNIVERSAL_HUMAN,"[0,0,0,0,0,0,1]","[0,1,1,1,1,1,1]","[0.1477,0.4460,0.4453,0.3044,0.3495,0.4867,0.4865]","[0,0,0,0,1,0,1]"
TE-3.jpg,UNIVERSAL_HUMAN,"[0,0,0,0,0,0,0]","[0,1,1,1,1,1,1]","[0.1699,0.4557,0.4007,0.3445,0.3052,0.5261,0.4126]","[1,0,0,1,0,1,0]"
TE-300.jpg,UNIVERSAL_HUMAN,"[1,0,0,0,0,0,0]","[0,1,1,1,1,1,1]","[0.1458,0.4672,0.3982,0.3601,0.3386,0.4743,0.4474]","[0,0,0,1,1,0,0]"
TE-301.jpg,UNIVERSAL_HUMAN,"[0,0,1,0,0,0,0]","[0,1,1,0,1,1,1]","[0.1242,0.4700,0.4974,0.2650,0.3964,0.4861,0.5102]","[0,0,1,0,1,0,1]"
TE-302.jpg,UNIVERSAL_HUMAN,"[0,0,0,0,0,0,0]","[0,1,1,1,1,1,1]","[0.1759,0.4400,0.5305,0.3122,0.3039,0.5170,0.4466]","[1,0,1,0,0,1,0]"
TE-304.jpg,UNIVERSAL_HUMAN,"[0,0,0,0,0,0,0]","[0,1,1,1,0,1,1]","[0.1648,0.4784,0.4479,0.3446,0.2841,0.5050,0.4654]","[1,1,0,1,0,1,1]"
TE-305.jpg,UNIVERSAL_HUMAN,"[1,0,0,0,1,0,0]","[0,1,1,1,1,1,1]","[0.1574,0.4740,0.4548,0.3465,0.3101,0.4956,0.4440]","[1,1,1,1,0,0,0]"
TE-307.jpg,UNIVERSAL_HUMAN,"[1,0,0,0,1,0,0]","[0,1,1,1,1,1,1]","[0.1598,0.4530,0.4336,0.3174,0.3168,0.5327,0.4596]","[1,0,0,0,0,1,1]"
TE-31.jpg,UNIVERSAL_HUMAN,"[1,0,0,0,0,0,0]","[0,1,1,1,1,1,1]","[0.1408,0.4643,0.4756,0.3193,0.3505,0.4895,0.4797]","[0,0,1,0,1,0,1]"
TE-310.jpg,UNIVERSAL_HUMAN,"[0,1,0,1,0,0,0]","[0,1,1,1,1,1,1]","[0.1602,0.4983,0.4641,0.3702,0.3266,0.5291,0.4991]","[1,1,1,1,1,1,1]"
TE-312.jpg,UNIVERSAL_HUMAN,"[0,0,0,0,0,0,0]","[0,1,1,1,1,1,1]","[0.1730,0.4769,0.3860,0.3408,0.3219,0.5114,0.4554]","[1,1,0,1,0,1,0]"
TE-314.jpg,UNIVERSAL_HUMAN,"[0,0,0,0,0,0,1]","[0,1,1,1,1,1,1]","[0.1572,0.4788,0.4477,0.3346,0.3174,0.5285,0.4259]","[1,1,0,0,0,1,0]"
TE-315.jpg,UNIVERSAL_HUMAN,"[0,0,0,0,0,0,0]","[0,1,1,1,1,1,1]","[0.1420,0.4679,0.5031,0.3409,0.3377,0.4772,0.4924]","[0,0,1,1,1,0,1]"
TE-317.jpg,UNIVERSAL_HUMAN,"[0,1,0,0,0,0,0]","[0,1,1,1,1,1,1]","[0.1850,0.4451,0.3922,0.3470,0.3493,0.4820,0.4387]","[1,0,0,1,1,0,0]"
TE-318.jpg,UNIVERSAL_HUMAN,"[0,0,0,1,0,0,0]","[0,1,1,1,0,1,1]","[0.1706,0.4726,0.4832,0.3513,0.2939,0.5103,0.4715]","[1,1,1,1,0,1,1]"
TE-319.jpg,UNIVERSAL_HUMAN,"[0,0,0,0,0,1,0]","[0,1,1,1,1,1,1]","[0.1732,0.4942,0.4653,0.3046,0.3481,0.4852,0.4283]","[1,1,1,0,1,0,0]"
TE-320.jpg,UNIVERSAL_HUMAN,"[0,0,0,0,0,0,0]","[0,1,1,1,1,1,1]","[0.1859,0.4816,0.4600,0.3599,0.3106,0.5372,0.4246]","[1,1,1,1,0,1,0]"
TE-321.jpg,UNIVERSAL_HUMAN,"[1,0,1,0,1,0,0]","[0,1,1,1,1,1,1]","[0.1416,0.4943,0.4307,0.3691,0.3286,0.4646,0.4754]","[0,1,0,1,1,0,1]"
TE-322.jpg,UNIVERSAL_HUMAN,"[0,0,1,0,0,0,0]","[0,1,1,1,0,1,1]","[0.1457,0.4343,0.4823,0.3742,0.2918,0.5127,0.4715]","[0,0,1,1,0,1,1]"
TE-324.jpg,UNIVERSAL_HUMAN,"[1,0,1,0,0,0,0]","[0,1,1,0,1,1,1]","[0.1224,0.4821,0.4829,0.2726,0.4162,0.5164,0.5170]","[0,1,1,0,1,1,1]"
TE-325.jpg,UNIVERSAL_HUMAN,"[0,0,0,1,0,0,0]","[0,1,1,0,1,1,1]","[0.1460,0.4719,0.4754,0.2798,0.3756,0.4430,0.4390]","[0,1,1,0,1,0,0]"
TE-327.jpg,UNIVERSAL_HUMAN,"[0,0,0,0,0,0,1]","[0,1,1,1,1,1,1]","[0.1746,0.4784,0.4007,0.3253,0.3295,0.4862,0.4551]","[1,1,0,0,1,0,0]"
TE-330.jpg,UNIVERSAL_HUMAN,"[0,0,1,0,0,0,0]","[0,1,1,1,1,1,1]","[0.1407,0.4194,0.4660,0.3122,0.3364,0.5138,0.4877]","[0,0,1,0,1,1,1]"
TE-332.jpg,UNIVERSAL_HUMAN,"[0,0,0,0,0,0,1]","[0,1,1,1,1,1,1]","[0.1567,0.4821,0.4297,0.3277,0.3152,0.5124,0.4429]","[1,1,0,0,0,1,0]"
TE-334.jpg,UNIVERSAL_HUMAN,"[0,0,0,0,0,1,0]","[0,1,1,0,1,1,1]","[0.1112,0.3967,0.5054,0.2834,0.4160,0.4236,0.4852]","[0,0,1,0,1,0,1]"
TE-335.jpg,UNIVERSAL_HUMAN,"[0,0,0,0,0,0,1]","[0,1,1,1,1,1,1]","[0.1653,0.5131,0.3915,0.3092,0.3494,0.4657,0.4190]","[1,1,0,0,1,0,0]"
TE-337.jpg,UNIVERSAL_HUMAN,"[1,0,1,0,0,0,0]","[0,1,1,0,1,1,1]","[0.1334,0.4528,0.4048,0.2991,0.3477,0.4527,0.4651]","[0,0,0,0,1,0,1]"
TE-338.jpg,UNIVERSAL_HUMAN,"[1,0,1,0,0,0,1]","[0,1,1,1,1,1,1]","[0.1544,0.4667,0.4955,0.3007,0.3539,0.4835,0.4954]","[0,0,1,0,1,0,1]"
TE-339.jpg,UNIVERSAL_HUMAN,"[1,0,0,0,0,0,0]","[0,1,1,1,1,1,1]","[0.1597,0.4882,0.4260,0.3540,0.3194,0.4948,0.4515]","[1,1,0,1,0,0,0]"
TE-340.jpg,UNIVERSAL_HUMAN,"[0,0,0,0,0,0,0]","[0,1,1,1,1,1,1]","[0.1476,0.4801,0.4050,0.3288,0.3048,0.4755,0.4644]","[0,1,0,0,0,0,1]"
TE-341.jpg,UNIVERSAL_HUMAN,"[0,0,1,0,0,0,0]","[0,1,1,1,1,1,1]","[0.1376,0.4688,0.4478,0.3599,0.3401,0.5134,0.4448]","[0,0,0,1,1,1,0]"
TE-344.jpg,UNIVERSAL_HUMAN,"[0,0,0,1,0,0,0]","[0,1,1,1,0,1,1]","[0.1676,0.4644,0.4552,0.3347,0.2763,0.5632,0.4688]","[1,0,1,0,0,1,1]"
TE-345.jpg,UNIVERSAL_HUMAN,"[1,0,1,0,0,1,0]","[0,1,1,1,1,1,1]","[0.1607,0.5077,0.4689,0.3445,0.3114,0.5201,0.4576]","[1,1,1,1,0,1,0]"
TE-347.jpg,UNIVERSAL_HUMAN,"[1,0,0,0,0,0,0]","[0,1,1,1,0,1,1]","[0.1689,0.4639,0.4212,0.3404,0.2993,0.5193,0.4511]","[1,0,0,1,0,1,0]"
TE-348.jpg,UNIVERSAL_HUMAN,"[1,0,1,0,0,0,0]","[0,1,1,1,1,1,1]","[0.1928,0.4619,0.4102,0.3406,0.3533,0.5397,0.4562]","[1,0,0,1,1,1,0]"
TE-35.jpg,UNIVERSAL_HUMAN,"[0,0,0,0,1,0,0]","[0,1,1,1,1,1,1]","[0.1332,0.4566,0.4172,0.3166,0.3722,0.4913,0.4985]","[0,0,0,0,1,0,1]"
TE-350.jpg,UNIVERSAL_HUMAN,"[0,0,0,0,0,0,1]","[0,1,1,1,1,1,1]","[0.1191,0.4491,0.4518,0.3491,0.3211,0.5259,0.4626]","[0,0,0,1,0,1,1]"
TE-351.jpg,UNIVERSAL_HUMAN,"[0,0,1,0,0,0,0]","[0,1,1,1,1,1,1]","[0.1384,0.4331,0.4121,0.3280,0.3376,0.4803,0.4267]","[0,0,0,0,1,0,0]"
TE-352.jpg,UNIVERSAL_HUMAN,"[0,0,0,0,0,0,1]","[0,1,1,1,0,1,1]","[0.1705,0.5088,0.4457,0.3308,0.2982,0.5127,0.4375]","[1,1,0,0,0,1,0]"
TE-355.jpg,UNIVERSAL_HUMAN,"[0,0,0,1,1,0,0]","[0,1,1,1,1,1,1]","[0.1659,0.4814,0.4417,0.3596,0.3140,0.5089,0.4672]","[1,1,0,1,0,1,1]"
TE-356.jpg,UNIVERSAL_HUMAN,"[0,0,0,0,0,0,0]","[0,1,1,1,1,1,1]","[0.1270,0.4552,0.5151,0.3365,0.3913,0.4857,0.4964]","[0,0,1,1,1,0,1]"
TE-357.jpg,UNIVERSAL_HUMAN,"[0,0,0,0,0,0,0]","[0,1,1,1,1,1,1]","[0.1731,0.4403,0.4760,0.3607,0.3149,0.4811,0.4315]","[1,0,1,1,0,0,0]"
TE-358.jpg,UNIVERSAL_HUMAN,"[0,1,0,0,0,0,0]","[0,1,1,1,1,1,1]","[0.1826,0.4612,0.4128,0.3319,0.3255,0.5269,0.4314]","[1,0,0,0,0,1,0]"
TE-359.jpg,UNIVERSAL_HUMAN,"[1,0,0,0,0,0,0]","[0,1,1,1,1,1,1]","[0.1587,0.4554,0.4269,0.3614,0.3455,0.4888,0.4479]","[1,0,0,1,1,0,0]"
TE-36.jpg,UNIVERSAL_HUMAN,"[0,0,0,0,0,0,0]","[0,1,1,1,0,1,1]","[0.1448,0.4540,0.4501,0.3515,0.2895,0.4868,0.4756]","[0,0,0,1,0,0,1]"
TE-360.jpg,UNIVERSAL_HUMAN,"[0,0,0,0,0,0,0]","[0,1,1,1,1,1,1]","[0.1524,0.4628,0.4580,0.3378,0.3242,0.4603,0.4352]","[0,0,1,1,0,0,0]"
TE-361.jpg,UNIVERSAL_HUMAN,"[0,0,1,0,0,0,0]","[0,1,1,1,0,1,1]","[0.1716,0.4620,0.4896,0.3334,0.2992,0.5160,0.4354]","[1,0,1,0,0,1,0]"
TE-363.jpg,UNIVERSAL_HUMAN,"[0,1,0,0,0,0,0]","[0,1,1,1,1,1,1]","[0.1494,0.4881,0.4213,0.3373,0.3289,0.4745,0.5019]","[0,1,0,1,1,0,1]"
TE-365.jpg,UNIVERSAL_HUMAN,"[1,1,1,0,0,0,0]","[0,1,1,1,1,1,1]","[0.1400,0.4506,0.4916,0.3083,0.3009,0.5115,0.4697]","[0,0,1,0,0,1,1]"
TE-366.jpg,UNIVERSAL_HUMAN,"[0,0,0,0,0,1,0]","[0,1,1,1,1,1,1]","[0.1681,0.4745,0.4680,0.3541,0.3305,0.4881,0.4701]","[1,1,1,1,1,0,1]"
TE-368.jpg,UNIVERSAL_HUMAN,"[0,0,1,0,0,0,0]","[0,1,1,1,1,1,1]","[0.1502,0.4666,0.5379,0.3493,0.3367,0.5333,0.4916]","[0,0,1,1,1,1,1]"
TE-371.jpg,UNIVERSAL_HUMAN,"[0,0,0,0,0,0,0]","[0,1,1,1,0,1,1]","[0.1503,0.4379,0.5035,0.3349,0.2924,0.5157,0.4418]","[0,0,1,1,0,1,0]"
TE-376.jpg,UNIVERSAL_HUMAN,"[0,0,1,0,0,0,0]","[0,1,1,1,1,1,1]","[0.1751,0.4768,0.4372,0.3366,0.3033,0.5471,0.4352]","[1,1,0,1,0,1,0]"
TE-377.jpg,UNIVERSAL_HUMAN,"[1,0,1,0,1,0,0]","[0,1,1,1,1,1,1]","[0.1560,0.4682,0.4166,0.3292,0.3499,0.4957,0.4699]","[0,0,0,0,1,0,1]"
TE-38.jpg,UNIVERSAL_HUMAN,"[1,0,0,0,0,0,0]","[0,1,1,1,0,1,1]","[0.1679,0.5327,0.4729,0.3780,0.2927,0.4806,0.4366]","[1,1,1,1,0,0,0]"
TE-380.jpg,UNIVERSAL_HUMAN,"[0,0,1,0,0,0,0]","[0,1,1,1,0,1,1]","[0.1690,0.4870,0.4668,0.3793,0.2956,0.5373,0.4628]","[1,1,1,1,0,1,1]"
TE-381.jpg,UNIVERSAL_HUMAN,"[0,0,0,0,0,1,1]","[0,1,1,1,1,1,1]","[0.1443,0.3910,0.4640,0.3096,0.3377,0.4228,0.4974]","[0,0,1,0,1,0,1]"
TE-382.jpg,UNIVERSAL_HUMAN,"[0,0,0,0,0,0,0]","[0,1,1,0,1,1,1]","[0.1333,0.4866,0.4721,0.2976,0.4018,0.4219,0.5599]","[0,1,1,0,1,0,1]"
TE-383.jpg,UNIVERSAL_HUMAN,"[0,0,1,0,1,0,0]","[0,1,1,0,1,1,1]","[0.1475,0.3785,0.4109,0.2716,0.3239,0.4597,0.5107]","[0,0,0,0,0,0,1]"
TE-386.jpg,UNIVERSAL_HUMAN,"[0,0,0,0,0,0,1]","[0,1,1,1,1,1,1]","[0.1810,0.4321,0.4728,0.3355,0.3096,0.4881,0.4526]","[1,0,1,1,0,0,0]"
TE-387.jpg,UNIVERSAL_HUMAN,"[1,0,1,0,0,0,0]","[0,1,1,1,1,1,1]","[0.1498,0.4890,0.4201,0.3561,0.3373,0.4796,0.4209]","[0,1,0,1,1,0,0]"
TE-388.jpg,UNIVERSAL_HUMAN,"[0,0,0,0,0,0,0]","[0,1,1,1,0,1,1]","[0.1899,0.4708,0.4546,0.3384,0.2770,0.5288,0.4445]","[1,1,0,1,0,1,0]"
TE-389.jpg,UNIVERSAL_HUMAN,"[0,1,0,0,0,0,0]","[0,1,1,1,1,1,1]","[0.1853,0.4763,0.4477,0.3458,0.3291,0.5153,0.4380]","[1,1,0,1,1,1,0]"
TE-39.jpg,UNIVERSAL_HUMAN,"[0,0,0,0,0,0,0]","[0,1,1,1,1,1,1]","[0.1451,0.4814,0.4891,0.3540,0.3578,0.4980,0.4612]","[0,1,1,1,1,1,1]"
TE-390.jpg,UNIVERSAL_HUMAN,"[0,0,0,0,0,1,0]","[0,1,1,1,1,1,1]","[0.1595,0.4525,0.4449,0.3662,0.3328,0.5084,0.4597]","[1,0,0,1,1,1,1]"
TE-391.jpg,UNIVERSAL_HUMAN,"[0,0,0,0,0,0,0]","[0,1,1,1,0,1,1]","[0.1523,0.4299,0.4771,0.3529,0.2830,0.5032,0.4669]","[0,0,1,1,0,1,1]"
TE-392.jpg,UNIVERSAL_HUMAN,"[0,0,0,0,0,1,0]","[0,1,1,1,1,1,1]","[0.1596,0.4686,0.4478,0.3533,0.3335,0.4896,0.4658]","[1,0,0,1,1,0,1]"
TE-393.jpg,UNIVERSAL_HUMAN,"[1,0,0,0,0,0,0]","[0,1,1,1,1,1,1]","[0.1492,0.4700,0.4879,0.3391,0.3056,0.4789,0.4371]","[0,0,1,1,0,0,0]"
TE-394.jpg,UNIVERSAL_HUMAN,"[0,1,0,0,0,0,0]","[0,1,1,1,1,1,1]","[0.1548,0.4907,0.4841,0.3241,0.3446,0.4886,0.4613]","[0,1,1,0,1,0,1]"
TE-395.jpg,UNIVERSAL_HUMAN,"[0,0,0,0,0,0,0]","[0,1,1,0,1,1,1]","[0.1332,0.4586,0.5197,0.2770,0.4538,0.4855,0.4843]","[0,0,1,0,1,0,1]"
TE-396.jpg,UNIVERSAL_HUMAN,"[0,0,0,0,0,0,0]","[0,1,1,1,0,1,1]","[0.1459,0.4545,0.4581,0.3322,0.2865,0.4848,0.4702]","[0,0,1,0,0,0,1]"
TE-397.jpg,UNIVERSAL_HUMAN,"[0,0,0,0,0,0,0]","[0,1,1,1,0,1,1]","[0.1906,0.4801,0.4533,0.3437,0.2682,0.5090,0.4562]","[1,1,0,1,0,1,0]"
TE-398.jpg,UNIVERSAL_HUMAN,"[0,0,1,0,0,0,0]","[0,1,1,1,1,1,1]","[0.1993,0.5028,0.4410,0.3468,0.3193,0.5220,0.4527]","[1,1,0,1,0,1,0]"
TE-399.jpg,UNIVERSAL_HUMAN,"[0,0,0,0,0,0,0]","[0,1,1,1,1,1,1]","[0.1631,0.4875,0.4861,0.3296,0.3320,0.4785,0.4512]","[1,1,1,0,1,0,0]"
TE-4.jpg,UNIVERSAL_HUMAN,"[1,0,0,0,1,1,1]","[0,1,1,1,1,1,1]","[0.1457,0.4399,0.4296,0.3269,0.3288,0.4719,0.4642]","[0,0,0,0,1,0,1]"
TE-401.jpg,UNIVERSAL_HUMAN,"[0,0,1,0,0,0,0]","[0,1,1,1,1,1,1]","[0.1605,0.4827,0.4315,0.3198,0.3467,0.5159,0.4364]","[1,1,0,0,1,1,0]"
TE-402.jpg,UNIVERSAL_HUMAN,"[1,0,1,0,0,0,0]","[0,1,1,1,1,1,1]","[0.1615,0.4796,0.3692,0.3370,0.3833,0.4997,0.4486]","[1,1,0,1,1,1,0]"
TE-403.jpg,UNIVERSAL_HUMAN,"[0,0,0,0,0,0,1]","[0,1,1,0,1,1,1]","[0.1534,0.4408,0.4969,0.2627,0.3254,0.4681,0.4797]","[0,0,1,0,0,0,1]"
TE-404.jpg,UNIVERSAL_HUMAN,"[0,0,0,0,0,1,1]","[0,1,1,1,0,1,1]","[0.1462,0.4423,0.4948,0.3255,0.2954,0.4516,0.4480]","[0,0,1,0,0,0,0]"
TE-405.jpg,UNIVERSAL_HUMAN,"[0,0,1,0,0,0,0]","[0,1,1,1,1,1,1]","[0.1469,0.4637,0.4942,0.3438,0.3199,0.5233,0.4791]","[0,0,1,1,0,1,1]"
TE-406.jpg,UNIVERSAL_HUMAN,"[0,0,0,0,0,0,1]","[0,1,1,1,1,1,1]","[0.1396,0.4613,0.4744,0.3687,0.3250,0.5033,0.4651]","[0,0,1,1,0,1,1]"
TE-407.jpg,UNIVERSAL_HUMAN,"[0,0,0,0,0,1,0]","[0,1,1,1,1,1,1]","[0.1740,0.4801,0.4559,0.3399,0.3444,0.5017,0.4494]","[1,1,1,1,1,1,0]"
TE-408.jpg,UNIVERSAL_HUMAN,"[1,0,0,0,0,0,0]","[0,1,1,1,1,1,1]","[0.1440,0.4481,0.4814,0.3274,0.3725,0.4978,0.5016]","[0,0,1,0,1,0,1]"
TE-409.jpg,UNIVERSAL_HUMAN,"[1,0,0,0,0,0,0]","[0,1,1,1,0,1,1]","[0.1515,0.4506,0.4531,0.3497,0.2910,0.4753,0.4977]","[0,0,0,1,0,0,1]"
TE-41.jpg,UNIVERSAL_HUMAN,"[0,0,1,0,0,0,0]","[0,1,1,1,1,1,1]","[0.1333,0.4244,0.4746,0.3179,0.3288,0.4912,0.4950]","[0,0,1,0,1,0,1]"
TE-410.jpg,UNIVERSAL_HUMAN,"[0,0,0,0,0,0,1]","[0,1,1,1,1,1,1]","[0.1799,0.4727,0.4632,0.3395,0.3093,0.5141,0.4411]","[1,1,1,1,0,1,0]"
TE-412.jpg,UNIVERSAL_HUMAN,"[0,0,0,0,0,0,0]","[0,1,1,0,1,1,1]","[0.1417,0.4420,0.4958,0.2741,0.3722,0.4643,0.4899]","[0,0,1,0,1,0,1]"
TE-414.jpg,UNIVERSAL_HUMAN,"[0,0,0,0,0,0,0]","[0,1,1,1,1,1,1]","[0.1529,0.4863,0.4401,0.3400,0.3025,0.5174,0.4384]","[0,1,0,1,0,1,0]"
TE-415.jpg,UNIVERSAL_HUMAN,"[0,0,0,1,0,0,0]","[0,1,1,1,1,1,1]","[0.1324,0.5420,0.4517,0.3924,0.3262,0.4493,0.4456]","[0,1,0,1,1,0,0]"
TE-416.jpg,UNIVERSAL_HUMAN,"[1,0,0,1,0,0,0]","[0,1,1,1,1,1,1]","[0.1367,0.4233,0.3861,0.3055,0.3575,0.4551,0.4246]","[0,0,0,0,1,0,0]"
TE-417.jpg,UNIVERSAL_HUMAN,"[0,0,0,1,0,1,0]","[0,1,1,1,1,1,1]","[0.1526,0.4702,0.4926,0.3224,0.3090,0.5399,0.4594]","[0,1,1,0,0,1,1]"
TE-419.jpg,UNIVERSAL_HUMAN,"[1,0,0,0,0,0,1]","[0,1,1,0,1,1,1]","[0.1247,0.4601,0.4830,0.2472,0.3733,0.4603,0.4706]","[0,0,1,0,1,0,1]"
TE-42.jpg,UNIVERSAL_HUMAN,"[1,0,1,0,0,0,0]","[0,1,1,1,1,1,1]","[0.1403,0.4723,0.4407,0.3470,0.3800,0.4371,0.5391]","[0,1,0,1,1,0,1]"
TE-420.jpg,UNIVERSAL_HUMAN,"[0,0,0,0,0,0,0]","[0,1,1,1,1,1,1]","[0.1775,0.5129,0.4004,0.3257,0.3308,0.5071,0.4433]","[1,1,0,0,1,1,0]"
TE-421.jpg,UNIVERSAL_HUMAN,"[0,0,0,0,0,0,1]","[0,1,1,0,1,1,1]","[0.1242,0.4732,0.4218,0.2950,0.3922,0.5083,0.4802]","[0,1,0,0,1,1,1]"
TE-423.jpg,UNIVERSAL_HUMAN,"[0,0,0,0,0,0,0]","[0,1,1,1,1,1,1]","[0.1503,0.4748,0.4864,0.3241,0.3481,0.4726,0.4164]","[0,1,1,0,1,0,0]"
TE-424.jpg,UNIVERSAL_HUMAN,"[0,0,0,1,0,0,0]","[0,1,1,1,1,1,1]","[0.2014,0.5151,0.4538,0.3512,0.3410,0.5283,0.4613]","[1,1,0,1,1,1,1]"
TE-426.jpg,UNIVERSAL_HUMAN,"[0,0,0,0,0,0,1]","[0,1,1,1,0,1,1]","[0.1412,0.4647,0.4858,0.3272,0.2914,0.4626,0.4762]","[0,0,1,0,0,0,1]"
TE-427.jpg,UNIVERSAL_HUMAN,"[0,0,0,0,0,0,1]","[0,1,1,1,1,1,1]","[0.1511,0.4482,0.4032,0.3189,0.3140,0.4755,0.4448]","[0,0,0,0,0,0,0]"
TE-428.jpg,UNIVERSAL_HUMAN,"[0,0,0,1,0,0,0]","[0,1,1,1,1,1,1]","[0.1594,0.4893,0.3787,0.3362,0.3355,0.5380,0.4452]","[1,1,0,1,1,1,0]"
TE-429.jpg,UNIVERSAL_HUMAN,"[0,0,0,1,0,0,0]","[0,1,1,1,1,1,1]","[0.1456,0.4428,0.4609,0.3427,0.3043,0.4883,0.4699]","[0,0,1,1,0,0,1]"
TE-43.jpg,UNIVERSAL_HUMAN,"[1,0,0,0,0,0,0]","[0,1,1,1,1,1,1]","[0.1550,0.4600,0.3939,0.3625,0.3567,0.4697,0.4557]","[0,0,0,1,1,0,0]"
TE-430.jpg,UNIVERSAL_HUMAN,"[0,0,0,0,0,0,1]","[0,1,1,0,1,1,1]","[0.1249,0.4751,0.4347,0.2909,0.3793,0.4854,0.5023]","[0,1,0,0,1,0,1]"
TE-432.jpg,UNIVERSAL_HUMAN,"[1,0,0,0,0,0,0]","[0,1,1,1,1,1,1]","[0.1759,0.4812,0.4446,0.3419,0.3328,0.5343,0.4433]","[1,1,0,1,1,1,0]"
TE-433.jpg,UNIVERSAL_HUMAN,"[1,1,0,0,0,0,0]","[0,1,1,1,1,1,1]","[0.1211,0.4156,0.4154,0.3449,0.3438,0.4476,0.4586]","[0,0,0,1,1,0,1]"
TE-435.jpg,UNIVERSAL_HUMAN,"[0,0,0,0,0,0,0]","[0,1,1,1,1,1,1]","[0.1335,0.4480,0.4346,0.3332,0.3120,0.5152,0.4413]","[0,0,0,0,0,1,0]"
TE-436.jpg,UNIVERSAL_HUMAN,"[0,0,0,0,0,1,0]","[0,1,1,0,1,1,1]","[0.1438,0.4684,0.5156,0.2819,0.4384,0.4970,0.5016]","[0,0,1,0,1,0,1]"
TE-437.jpg,UNIVERSAL_HUMAN,"[1,0,0,0,0,0,0]","[0,1,1,1,1,1,1]","[0.1793,0.4757,0.4537,0.3523,0.3089,0.5391,0.4084]","[1,1,0,1,0,1,0]"
TE-438.jpg,UNIVERSAL_HUMAN,"[0,0,0,0,0,0,0]","[0,1,1,1,1,1,1]","[0.1615,0.4688,0.3718,0.3628,0.3409,0.5090,0.4716]","[1,0,0,1,1,1,1]"
TE-439.jpg,UNIVERSAL_HUMAN,"[0,1,0,0,0,0,0]","[0,1,1,1,1,1,1]","[0.1627,0.4804,0.4213,0.3242,0.3444,0.5084,0.4439]","[1,1,0,0,1,1,0]"
TE-440.jpg,UNIVERSAL_HUMAN,"[0,1,0,0,0,0,0]","[0,1,1,1,1,1,1]","[0.1824,0.4893,0.4172,0.3261,0.3386,0.4872,0.4488]","[1,1,0,0,1,0,0]"
TE-441.jpg,UNIVERSAL_HUMAN,"[0,1,0,0,0,1,0]","[0,1,1,1,1,1,1]","[0.1546,0.4135,0.5258,0.3228,0.3828,0.4789,0.4911]","[0,0,1,0,1,0,1]"
TE-443.jpg,UNIVERSAL_HUMAN,"[0,0,0,0,0,0,1]","[0,1,1,1,1,1,1]","[0.1396,0.4073,0.4588,0.3489,0.3038,0.5127,0.4847]","[0,0,1,1,0,1,1]"
TE-444.jpg,UNIVERSAL_HUMAN,"[0,0,0,0,0,0,1]","[0,1,1,1,1,1,1]","[0.1520,0.4670,0.4639,0.3452,0.3792,0.4696,0.4624]","[0,0,1,1,1,0,1]"
TE-445.jpg,UNIVERSAL_HUMAN,"[0,0,0,1,0,0,0]","[0,1,1,1,1,1,1]","[0.1294,0.4484,0.5019,0.3307,0.3192,0.4752,0.4755]","[0,0,1,0,0,0,1]"
TE-447.jpg,UNIVERSAL_HUMAN,"[1,0,0,0,0,0,0]","[0,1,1,1,1,1,1]","[0.1907,0.4783,0.4221,0.3298,0.3328,0.5135,0.4478]","[1,1,0,0,1,1,0]"
TE-448.jpg,UNIVERSAL_HUMAN,"[1,0,0,0,0,0,0]","[0,1,1,1,1,1,1]","[0.1798,0.4746,0.4599,0.3126,0.3328,0.4420,0.4904]","[1,1,1,0,1,0,1]"
TE-449.jpg,UNIVERSAL_HUMAN,"[1,0,1,0,0,0,0]","[0,1,1,0,1,1,1]","[0.1465,0.4489,0.4174,0.2920,0.3673,0.4784,0.4963]","[0,0,0,0,1,0,1]"
TE-45.jpg,UNIVERSAL_HUMAN,"[1,0,0,0,0,0,0]","[0,1,1,0,1,1,1]","[0.1292,0.4689,0.4420,0.2955,0.3422,0.4701,0.4828]","[0,0,0,0,1,0,1]"
TE-451.jpg,UNIVERSAL_HUMAN,"[0,0,0,0,0,1,0]","[0,1,1,1,1,1,1]","[0.1845,0.4647,0.4601,0.3613,0.3205,0.5155,0.4537]","[1,0,1,1,0,1,0]"
TE-452.jpg,UNIVERSAL_HUMAN,"[0,0,0,0,0,1,0]","[0,1,1,1,1,1,1]","[0.1893,0.4742,0.4548,0.3467,0.3010,0.5305,0.4632]","[1,1,1,1,0,1,1]"
TE-454.jpg,UNIVERSAL_HUMAN,"[0,0,0,0,0,1,0]","[0,1,1,1,1,1,1]","[0.1739,0.4512,0.4005,0.3356,0.3281,0.5119,0.4483]","[1,0,0,1,1,1,0]"
TE-455.jpg,UNIVERSAL_HUMAN,"[0,0,0,0,0,0,0]","[0,1,1,1,1,1,1]","[0.1656,0.4407,0.4948,0.3334,0.3297,0.4554,0.4888]","[1,0,1,0,1,0,1]"
TE-456.jpg,UNIVERSAL_HUMAN,"[0,0,0,1,1,1,0]","[0,1,1,1,1,1,1]","[0.1599,0.4772,0.4203,0.3571,0.3081,0.4645,0.4766]","[1,1,0,1,0,0,1]"
TE-458.jpg,UNIVERSAL_HUMAN,"[0,0,0,0,0,0,0]","[0,1,1,0,1,1,1]","[0.1241,0.4174,0.4549,0.2922,0.3278,0.4614,0.4738]","[0,0,1,0,1,0,1]"
TE-459.jpg,UNIVERSAL_HUMAN,"[1,0,0,0,1,0,0]","[0,1,1,1,1,1,1]","[0.1369,0.4679,0.5069,0.3313,0.3149,0.4969,0.4654]","[0,0,1,0,0,0,1]"
TE-462.jpg,UNIVERSAL_HUMAN,"[1,1,0,0,0,0,0]","[0,1,1,0,1,1,1]","[0.1504,0.4151,0.4776,0.2854,0.3316,0.4819,0.4859]","[0,0,1,0,1,0,1]"
TE-463.jpg,UNIVERSAL_HUMAN,"[1,0,0,0,0,0,0]","[0,1,1,1,0,1,1]","[0.1749,0.4777,0.4380,0.3402,0.2886,0.5135,0.4235]","[1,1,0,1,0,1,0]"
TE-464.jpg,UNIVERSAL_HUMAN,"[0,1,0,0,0,0,0]","[0,1,1,1,1,1,1]","[0.1925,0.4987,0.4152,0.3383,0.3159,0.4864,0.4297]","[1,1,0,1,0,0,0]"
TE-465.jpg,UNIVERSAL_HUMAN,"[0,0,0,0,0,0,0]","[0,1,1,1,1,1,1]","[0.1810,0.4884,0.4558,0.3054,0.3373,0.5141,0.4521]","[1,1,1,0,1,1,0]"
TE-466.jpg,UNIVERSAL_HUMAN,"[1,0,0,0,0,0,1]","[0,1,1,1,1,1,1]","[0.1673,0.4807,0.4222,0.3463,0.3540,0.4799,0.4596]","[1,1,0,1,1,0,1]"
TE-469.jpg,UNIVERSAL_HUMAN,"[0,0,0,0,0,1,0]","[0,1,1,1,1,1,1]","[0.1627,0.4834,0.3766,0.3331,0.3281,0.5059,0.4249]","[1,1,0,0,1,1,0]"
TE-472.jpg,UNIVERSAL_HUMAN,"[0,0,0,0,0,0,0]","[0,1,1,1,1,1,1]","[0.1461,0.4464,0.4591,0.3209,0.3245,0.4338,0.4347]","[0,0,1,0,0,0,0]"
TE-473.jpg,UNIVERSAL_HUMAN,"[1,0,0,0,0,0,0]","[0,1,1,1,1,1,1]","[0.1718,0.4678,0.4689,0.3745,0.3295,0.4940,0.4703]","[1,0,1,1,1,0,1]"
TE-474.jpg,UNIVERSAL_HUMAN,"[1,0,0,0,0,0,1]","[0,1,1,1,1,1,1]","[0.1494,0.4892,0.5084,0.3345,0.3059,0.4831,0.5093]","[0,1,1,0,0,0,1]"
TE-476.jpg,UNIVERSAL_HUMAN,"[0,0,0,0,0,0,0]","[0,1,1,1,1,1,1]","[0.1698,0.5099,0.3936,0.3297,0.3689,0.4883,0.4919]","[1,1,0,0,1,0,1]"
TE-477.jpg,UNIVERSAL_HUMAN,"[0,0,0,1,0,0,0]","[0,1,1,0,1,1,1]","[0.1328,0.4575,0.4851,0.2989,0.3234,0.5010,0.4841]","[0,0,1,0,0,1,1]"
TE-478.jpg,UNIVERSAL_HUMAN,"[0,0,0,0,0,0,0]","[0,1,1,1,1,1,1]","[0.1484,0.4487,0.4393,0.3571,0.3621,0.4658,0.4834]","[0,0,0,1,1,0,1]"
TE-48.jpg,UNIVERSAL_HUMAN,"[1,0,1,0,1,0,0]","[0,1,1,1,0,1,1]","[0.1712,0.4335,0.4369,0.3319,0.2662,0.4528,0.5046]","[1,0,0,0,0,0,1]"
TE-481.jpg,UNIVERSAL_HUMAN,"[0,0,0,0,0,1,0]","[0,1,1,1,1,1,1]","[0.1752,0.4472,0.4574,0.3658,0.3503,0.5287,0.4410]","[1,0,1,1,1,1,0]"
TE-482.jpg,UNIVERSAL_HUMAN,"[0,1,0,0,0,0,0]","[0,1,1,1,1,1,1]","[0.1648,0.4666,0.4264,0.3236,0.3122,0.5111,0.4084]","[1,0,0,0,0,1,0]"
TE-485.jpg,UNIVERSAL_HUMAN,"[0,0,0,0,0,1,0]","[0,1,1,1,1,1,1]","[0.1703,0.4594,0.4698,0.3317,0.3396,0.4845,0.4397]","[1,0,1,0,1,0,0]"
TE-486.jpg,UNIVERSAL_HUMAN,"[0,1,0,0,0,0,0]","[0,1,1,1,1,1,1]","[0.1717,0.4949,0.4202,0.3127,0.3311,0.4632,0.4510]","[1,1,0,0,1,0,0]"
TE-487.jpg,UNIVERSAL_HUMAN,"[0,0,0,0,0,0,0]","[0,1,1,1,1,1,1]","[0.1598,0.4614,0.4785,0.3296,0.3647,0.5342,0.4432]","[1,0,1,0,1,1,0]"
TE-488.jpg,UNIVERSAL_HUMAN,"[0,0,0,0,0,0,1]","[0,1,1,1,1,1,1]","[0.1433,0.5268,0.4390,0.3495,0.3172,0.4737,0.4487]","[0,1,0,1,0,0,0]"
TE-489.jpg,UNIVERSAL_HUMAN,"[0,1,0,0,0,0,0]","[0,1,1,1,1,1,1]","[0.1379,0.3825,0.4491,0.3120,0.3818,0.4366,0.4684]","[0,0,0,0,1,0,1]"
TE-49.jpg,UNIVERSAL_HUMAN,"[1,0,0,0,0,0,0]","[0,1,1,1,1,1,1]","[0.1642,0.4796,0.4008,0.3379,0.3532,0.5285,0.4179]","[1,1,0,1,1,1,0]"
TE-490.jpg,UNIVERSAL_HUMAN,"[0,0,0,0,1,0,0]","[0,1,1,1,1,1,1]","[0.1712,0.5046,0.4229,0.3011,0.3501,0.5063,0.4758]","[1,1,0,0,1,1,1]"
TE-494.jpg,UNIVERSAL_HUMAN,"[0,0,0,0,1,0,0]","[0,1,1,1,0,1,1]","[0.1464,0.4702,0.4457,0.3641,0.2793,0.5119,0.4417]","[0,0,0,1,0,1,0]"
TE-495.jpg,UNIVERSAL_HUMAN,"[0,0,0,0,0,1,0]","[0,1,1,1,1,1,1]","[0.1636,0.4899,0.4680,0.3169,0.3157,0.5226,0.4545]","[1,1,1,0,0,1,0]"
TE-498.jpg,UNIVERSAL_HUMAN,"[1,1,0,0,1,0,0]","[0,1,1,1,1,1,1]","[0.1273,0.4603,0.4405,0.3448,0.3055,0.5109,0.4576]","[0,0,0,1,0,1,0]"
TE-499.jpg,UNIVERSAL_HUMAN,"[1,0,0,0,0,0,0]","[0,1,1,1,1,1,1]","[0.1441,0.4814,0.4558,0.3457,0.3153,0.4762,0.4734]","[0,1,1,1,0,0,1]"
TE-5.jpg,UNIVERSAL_HUMAN,"[0,0,0,0,0,0,0]","[0,1,1,1,1,1,1]","[0.1565,0.4896,0.4054,0.3101,0.3431,0.4857,0.4588]","[0,1,0,0,1,0,1]"
TE-500.jpg,UNIVERSAL_HUMAN,"[1,0,0,0,1,0,0]","[0,1,1,0,1,1,1]","[0.1477,0.4713,0.4640,0.2949,0.3719,0.4550,0.4499]","[0,1,1,0,1,0,0]"
TE-501.jpg,UNIVERSAL_HUMAN,"[1,0,1,0,0,0,0]","[0,1,1,1,1,1,1]","[0.1505,0.4896,0.4227,0.3550,0.3310,0.4625,0.4228]","[0,1,0,1,1,0,0]"
TE-503.jpg,UNIVERSAL_HUMAN,"[1,0,0,1,0,0,0]","[0,1,1,1,1,1,1]","[0.1603,0.4431,0.4301,0.3028,0.3392,0.4872,0.4734]","[1,0,0,0,1,0,1]"
TE-504.jpg,UNIVERSAL_HUMAN,"[0,0,0,0,0,0,0]","[0,1,1,1,1,1,1]","[0.1690,0.4490,0.4637,0.3279,0.3399,0.4762,0.4604]","[1,0,1,0,1,0,1]"
TE-507.jpg,UNIVERSAL_HUMAN,"[0,0,0,1,1,0,0]","[0,1,1,1,1,1,1]","[0.1507,0.4571,0.4617,0.3507,0.3252,0.4889,0.5006]","[0,0,1,1,0,0,1]"
TE-508.jpg,UNIVERSAL_HUMAN,"[1,0,0,0,0,1,0]","[0,1,1,0,1,1,1]","[0.1565,0.4090,0.3979,0.2993,0.3142,0.5171,0.4186]","[0,0,0,0,0,1,0]"
TE-51.jpg,UNIVERSAL_HUMAN,"[1,0,0,0,0,0,0]","[0,1,1,1,1,1,1]","[0.1634,0.4863,0.4026,0.3342,0.3443,0.4947,0.4530]","[1,1,0,0,1,0,0]"
TE-510.jpg,UNIVERSAL_HUMAN,"[1,1,0,0,0,0,0]","[0,1,1,1,0,1,1]","[0.1545,0.4386,0.4704,0.3609,0.2904,0.4998,0.4407]","[0,0,1,1,0,1,0]"
TE-511.jpg,UNIVERSAL_HUMAN,"[1,0,0,0,0,0,1]","[0,1,1,1,0,1,1]","[0.1595,0.4656,0.5256,0.3723,0.2888,0.5544,0.4866]","[1,0,1,1,0,1,1]"
TE-513.jpg,UNIVERSAL_HUMAN,"[0,0,0,0,0,0,0]","[0,1,1,1,0,1,1]","[0.2012,0.4949,0.4479,0.3230,0.2954,0.4810,0.4530]","[1,1,0,0,0,0,0]"
TE-514.jpg,UNIVERSAL_HUMAN,"[1,0,0,1,0,1,1]","[0,1,1,1,1,1,1]","[0.1386,0.4901,0.5332,0.3354,0.3861,0.4181,0.4798]","[0,1,1,1,1,0,1]"
TE-515.jpg,UNIVERSAL_HUMAN,"[0,0,0,0,0,0,0]","[0,1,1,1,1,1,1]","[0.1248,0.5052,0.4116,0.3484,0.3302,0.4530,0.5249]","[0,1,0,1,1,0,1]"
TE-516.jpg,UNIVERSAL_HUMAN,"[0,1,0,0,0,0,0]","[0,1,1,1,1,1,1]","[0.1546,0.4687,0.4515,0.3018,0.3191,0.4616,0.4877]","[0,0,0,0,0,0,1]"
TE-518.jpg,UNIVERSAL_HUMAN,"[0,0,0,0,0,0,1]","[0,1,1,1,1,1,1]","[0.1434,0.4564,0.4762,0.3329,0.3083,0.4601,0.4541]","[0,0,1,0,0,0,0]"
TE-52.jpg,UNIVERSAL_HUMAN,"[1,0,0,0,0,0,0]","[0,1,1,1,1,1,1]","[0.1824,0.4983,0.4728,0.3377,0.3116,0.5385,0.4313]","[1,1,1,1,0,1,0]"
TE-520.jpg,UNIVERSAL_HUMAN,"[0,0,0,0,0,1,1]","[0,1,1,1,1,1,1]","[0.1457,0.4476,0.4092,0.3124,0.3345,0.4978,0.4657]","[0,0,0,0,1,0,1]"
TE-522.jpg,UNIVERSAL_HUMAN,"[0,1,0,0,0,0,0]","[0,1,1,1,1,1,1]","[0.1625,0.4621,0.4917,0.3199,0.3226,0.4964,0.4645]","[1,0,1,0,0,0,1]"
TE-523.jpg,UNIVERSAL_HUMAN,"[0,0,0,0,0,0,0]","[0,1,1,1,1,1,1]","[0.1541,0.4527,0.4633,0.3276,0.3127,0.4835,0.5021]","[0,0,1,0,0,0,1]"
TE-524.jpg,UNIVERSAL_HUMAN,"[0,0,0,0,0,0,1]","[0,1,1,1,1,1,1]","[0.1801,0.4822,0.4936,0.3335,0.3010,0.5244,0.4514]","[1,1,1,0,0,1,0]"
TE-527.jpg,UNIVERSAL_HUMAN,"[0,0,0,1,0,0,0]","[0,1,1,1,1,1,1]","[0.1582,0.4839,0.4908,0.3152,0.3011,0.5438,0.4302]","[1,1,1,0,0,1,0]"
TE-528.jpg,UNIVERSAL_HUMAN,"[0,0,0,1,0,0,0]","[0,1,1,1,1,1,1]","[0.1823,0.4987,0.4447,0.3372,0.3297,0.5377,0.4297]","[1,1,0,1,1,1,0]"
TE-529.jpg,UNIVERSAL_HUMAN,"[1,1,0,0,0,0,0]","[0,1,1,1,1,1,1]","[0.1743,0.4704,0.4153,0.3389,0.3128,0.5064,0.4424]","[1,1,0,1,0,1,0]"
TE-530.jpg,UNIVERSAL_HUMAN,"[0,0,0,0,0,0,1]","[0,1,1,1,1,1,1]","[0.1567,0.4578,0.4343,0.3383,0.3462,0.4935,0.4534]","[0,0,0,1,1,0,0]"
TE-531.jpg,UNIVERSAL_HUMAN,"[0,0,0,1,0,0,0]","[0,1,1,1,1,1,1]","[0.1589,0.4949,0.4907,0.3217,0.3074,0.4979,0.4614]","[1,1,1,0,0,0,1]"
TE-534.jpg,UNIVERSAL_HUMAN,"[0,1,0,0,0,0,0]","[0,1,1,1,1,1,1]","[0.1512,0.4725,0.4324,0.3362,0.3250,0.5156,0.4387]","[0,1,0,1,0,1,0]"
TE-535.jpg,UNIVERSAL_HUMAN,"[0,0,0,0,0,0,1]","[0,1,1,1,1,1,1]","[0.1439,0.4399,0.4658,0.3237,0.3331,0.4435,0.4566]","[0,0,1,0,1,0,0]"
TE-536.jpg,UNIVERSAL_HUMAN,"[0,0,0,0,0,0,0]","[0,1,1,1,1,1,1]","[0.1739,0.4729,0.3899,0.3217,0.3453,0.5121,0.4222]","[1,1,0,0,1,1,0]"
TE-537.jpg,UNIVERSAL_HUMAN,"[1,0,0,0,1,0,0]","[0,1,1,1,1,1,1]","[0.1623,0.4813,0.4196,0.3499,0.3333,0.4763,0.4509]","[1,1,0,1,1,0,0]"
TE-538.jpg,UNIVERSAL_HUMAN,"[1,0,0,0,0,0,1]","[0,1,1,1,1,1,1]","[0.1368,0.4902,0.4379,0.3613,0.3296,0.4815,0.4648]","[0,1,0,1,1,0,1]"
TE-539.jpg,UNIVERSAL_HUMAN,"[1,0,0,0,1,0,0]","[0,1,1,1,0,1,1]","[0.1588,0.4509,0.5192,0.3661,0.2760,0.4770,0.4820]","[1,0,1,1,0,0,1]"
TE-54.jpg,UNIVERSAL_HUMAN,"[0,0,0,0,0,0,0]","[0,1,1,1,1,1,1]","[0.1638,0.4732,0.4444,0.3234,0.3123,0.5099,0.4187]","[1,1,0,0,0,1,0]"
TE-541.jpg,UNIVERSAL_HUMAN,"[0,0,0,0,1,0,0]","[0,1,1,1,1,1,1]","[0.1166,0.4645,0.3442,0.3834,0.3516,0.4422,0.4737]","[0,0,0,1,1,0,1]"
TE-542.jpg,UNIVERSAL_HUMAN,"[0,1,0,0,0,0,0]","[0,1,1,1,1,1,1]","[0.1421,0.5317,0.4395,0.3625,0.3220,0.5010,0.4838]","[0,1,0,1,0,1,1]"
TE-543.jpg,UNIVERSAL_HUMAN,"[0,0,0,0,0,0,0]","[0,1,1,1,1,1,1]","[0.1759,0.4619,0.4286,0.3434,0.3342,0.5308,0.4358]","[1,0,0,1,1,1,0]"
TE-547.jpg,UNIVERSAL_HUMAN,"[1,0,0,0,0,0,0]","[0,1,1,1,1,1,1]","[0.1718,0.4940,0.4161,0.3250,0.3244,0.5315,0.4495]","[1,1,0,0,0,1,0]"
TE-548.jpg,UNIVERSAL_HUMAN,"[1,0,0,0,1,0,1]","[0,1,1,1,1,1,1]","[0.1351,0.4677,0.5243,0.3471,0.3592,0.4833,0.4769]","[0,0,1,1,1,0,1]"
TE-55.jpg,UNIVERSAL_HUMAN,"[0,0,0,1,1,0,0]","[0,1,1,1,1,1,1]","[0.1308,0.4767,0.3896,0.3473,0.3738,0.5005,0.4370]","[0,1,0,1,1,1,0]"
TE-552.jpg,UNIVERSAL_HUMAN,"[0,0,0,0,0,1,0]","[0,1,1,1,1,1,1]","[0.1778,0.4703,0.4668,0.3358,0.3118,0.5288,0.4304]","[1,1,1,1,0,1,0]"
TE-553.jpg,UNIVERSAL_HUMAN,"[0,1,0,0,0,0,0]","[0,1,1,1,1,1,1]","[0.1377,0.4739,0.4391,0.3570,0.3297,0.4830,0.4396]","[0,1,0,1,1,0,0]"
TE-554.jpg,UNIVERSAL_HUMAN,"[0,0,0,0,0,0,1]","[0,1,1,1,0,1,1]","[0.1657,0.4838,0.4636,0.3061,0.2971,0.4837,0.4753]","[1,1,1,0,0,0,1]"
TE-555.jpg,UNIVERSAL_HUMAN,"[0,0,0,1,1,0,0]","[0,1,1,1,1,1,1]","[0.1309,0.4447,0.4660,0.3493,0.3180,0.4899,0.4512]","[0,0,1,1,0,0,0]"
TE-556.jpg,UNIVERSAL_HUMAN,"[0,0,0,0,0,1,0]","[0,1,1,1,1,1,1]","[0.1527,0.4686,0.4283,0.3042,0.3417,0.4860,0.4337]","[0,0,0,0,1,0,0]"
TE-557.jpg,UNIVERSAL_HUMAN,"[1,0,0,0,0,0,0]","[0,1,1,1,1,1,1]","[0.1689,0.4755,0.4336,0.3100,0.3645,0.4830,0.4578]","[1,1,0,0,1,0,0]"
TE-559.jpg,UNIVERSAL_HUMAN,"[0,1,0,0,0,0,0]","[0,1,1,1,0,1,1]","[0.1358,0.4545,0.4495,0.3337,0.2832,0.4642,0.4763]","[0,0,0,0,0,0,1]"
TE-56.jpg,UNIVERSAL_HUMAN,"[1,0,0,0,0,0,0]","[0,1,1,1,1,1,1]","[0.1438,0.4655,0.3943,0.3564,0.3506,0.4636,0.4453]","[0,0,0,1,1,0,0]"
TE-560.jpg,UNIVERSAL_HUMAN,"[0,1,0,0,0,0,0]","[0,1,1,1,1,1,1]","[0.1549,0.4286,0.3674,0.3017,0.3675,0.5335,0.4388]","[0,0,0,0,1,1,0]"
TE-561.jpg,UNIVERSAL_HUMAN,"[1,0,0,0,0,0,0]","[0,1,1,0,1,1,1]","[0.1069,0.4648,0.4520,0.2585,0.4197,0.4707,0.4753]","[0,0,0,0,1,0,1]"
TE-562.jpg,UNIVERSAL_HUMAN,"[0,0,0,0,0,0,0]","[0,1,1,1,1,1,1]","[0.1732,0.4271,0.4826,0.3257,0.3444,0.5059,0.4559]","[1,0,1,0,1,1,0]"
TE-563.jpg,UNIVERSAL_HUMAN,"[1,1,0,0,0,0,0]","[0,1,1,1,1,1,1]","[0.1671,0.5071,0.3914,0.3080,0.3294,0.4991,0.4426]","[1,1,0,0,1,1,0]"
TE-564.jpg,UNIVERSAL_HUMAN,"[0,0,0,0,0,0,0]","[0,1,1,0,0,1,1]","[0.1848,0.4117,0.4180,0.2410,0.2871,0.4844,0.4418]","[1,0,0,0,0,0,0]"
TE-565.jpg,UNIVERSAL_HUMAN,"[0,0,0,0,0,0,1]","[0,1,1,1,1,1,1]","[0.1318,0.4712,0.4672,0.3204,0.3227,0.4842,0.4767]","[0,1,1,0,0,0,1]"
TE-566.jpg,UNIVERSAL_HUMAN,"[0,0,0,0,0,0,0]","[0,1,1,1,0,1,1]","[0.1503,0.4506,0.4053,0.3156,0.2958,0.4980,0.4842]","[0,0,0,0,0,1,1]"
TE-567.jpg,UNIVERSAL_HUMAN,"[1,0,0,0,0,0,1]","[0,1,1,1,1,1,1]","[0.1604,0.4685,0.4932,0.3181,0.3284,0.4228,0.4759]","[1,0,1,0,1,0,1]"
TE-568.jpg,UNIVERSAL_HUMAN,"[0,0,0,0,0,0,0]","[0,1,1,1,1,1,1]","[0.1360,0.5047,0.4441,0.3663,0.3482,0.4681,0.4532]","[0,1,0,1,1,0,0]"
TE-57.jpg,UNIVERSAL_HUMAN,"[1,0,0,0,0,0,0]","[0,1,1,1,1,1,1]","[0.1626,0.4778,0.4637,0.3405,0.3057,0.5173,0.4517]","[1,1,1,1,0,1,0]"
TE-570.jpg,UNIVERSAL_HUMAN,"[1,0,0,0,0,0,0]","[0,1,1,1,1,1,1]","[0.1737,0.5191,0.4581,0.3773,0.3076,0.5584,0.4279]","[1,1,1,1,0,1,0]"
TE-572.jpg,UNIVERSAL_HUMAN,"[1,0,0,0,0,0,1]","[0,1,1,1,1,1,1]","[0.1497,0.4570,0.4113,0.3343,0.3071,0.4744,0.4350]","[0,0,0,0,0,0,0]"
TE-573.jpg,UNIVERSAL_HUMAN,"[0,0,0,1,0,0,0]","[0,1,1,1,0,1,1]","[0.1734,0.4811,0.4549,0.3268,0.2844,0.4896,0.4606]","[1,1,1,0,0,0,1]"
TE-574.jpg,UNIVERSAL_HUMAN,"[0,0,0,0,0,1,0]","[0,1,1,1,1,1,1]","[0.1627,0.4555,0.4883,0.3333,0.3302,0.4867,0.4856]","[1,0,1,0,1,0,1]"
TE-575.jpg,UNIVERSAL_HUMAN,"[0,0,0,0,0,0,0]","[0,1,1,1,1,1,1]","[0.1443,0.5247,0.4536,0.3461,0.3118,0.4432,0.4628]","[0,1,0,1,0,0,1]"
TE-577.jpg,UNIVERSAL_HUMAN,"[1,1,1,0,0,0,0]","[0,1,1,1,1,1,1]","[0.1302,0.4708,0.4706,0.3380,0.3266,0.4719,0.5007]","[0,1,1,1,1,0,1]"
TE-578.jpg,UNIVERSAL_HUMAN,"[0,0,0,1,0,0,0]","[0,1,1,1,1,1,1]","[0.1679,0.4097,0.5265,0.3565,0.3270,0.4825,0.4640]","[1,0,1,1,1,0,1]"
TE-579.jpg,UNIVERSAL_HUMAN,"[1,1,0,0,0,0,0]","[0,1,1,1,0,1,1]","[0.1586,0.4936,0.4048,0.3242,0.2913,0.4990,0.4430]","[1,1,0,0,0,1,0]"
TE-580.jpg,UNIVERSAL_HUMAN,"[0,0,0,1,0,0,0]","[0,1,1,1,0,1,1]","[0.1631,0.4830,0.5174,0.3243,0.2884,0.4607,0.4500]","[1,1,1,0,0,0,0]"
TE-581.jpg,UNIVERSAL_HUMAN,"[0,0,0,0,0,1,0]","[0,1,1,1,1,1,1]","[0.1706,0.4983,0.4320,0.3817,0.3283,0.4941,0.4524]","[1,1,0,1,1,0,0]"
TE-582.jpg,UNIVERSAL_HUMAN,"[0,0,0,0,0,0,0]","[0,1,1,0,1,1,1]","[0.1459,0.4534,0.4922,0.2957,0.3126,0.5151,0.4982]","[0,0,1,0,0,1,1]"
TE-584.jpg,UNIVERSAL_HUMAN,"[0,0,0,0,0,0,1]","[0,1,1,1,0,1,1]","[0.1907,0.5481,0.4794,0.3540,0.2867,0.5072,0.4218]","[1,1,1,1,0,1,0]"
TE-585.jpg,UNIVERSAL_HUMAN,"[1,0,0,0,0,1,0]","[0,1,1,1,1,1,1]","[0.1646,0.4865,0.4654,0.3245,0.3042,0.5078,0.4428]","[1,1,1,0,0,1,0]"
TE-587.jpg,UNIVERSAL_HUMAN,"[1,1,0,0,0,0,0]","[0,1,1,1,0,1,1]","[0.1838,0.5061,0.4634,0.3503,0.2782,0.5297,0.4189]","[1,1,1,1,0,1,0]"
TE-59.jpg,UNIVERSAL_HUMAN,"[0,0,0,0,0,0,0]","[0,1,1,1,0,1,1]","[0.1587,0.5019,0.4799,0.3808,0.2812,0.4645,0.4468]","[1,1,1,1,0,0,0]"
TE-590.jpg,UNIVERSAL_HUMAN,"[0,0,0,0,0,0,0]","[0,1,1,1,0,1,1]","[0.1800,0.4765,0.5013,0.3429,0.2757,0.5100,0.4385]","[1,1,1,1,0,1,0]"
TE-592.jpg,UNIVERSAL_HUMAN,"[0,1,0,0,0,0,0]","[0,1,1,1,1,1,1]","[0.1284,0.4451,0.4840,0.3248,0.3382,0.4979,0.4527]","[0,0,1,0,1,0,0]"
TE-594.jpg,UNIVERSAL_HUMAN,"[0,0,0,0,0,0,0]","[0,1,1,1,0,1,1]","[0.1923,0.4766,0.4579,0.3520,0.2985,0.5868,0.4054]","[1,1,1,1,0,1,0]"
TE-596.jpg,UNIVERSAL_HUMAN,"[0,0,0,0,0,0,1]","[0,1,1,1,1,1,1]","[0.1586,0.5234,0.4371,0.3241,0.3046,0.5009,0.4310]","[1,1,0,0,0,1,0]"
TE-597.jpg,UNIVERSAL_HUMAN,"[0,0,0,0,0,0,0]","[0,1,1,1,0,1,1]","[0.1689,0.4666,0.5255,0.3491,0.2996,0.4888,0.4549]","[1,0,1,1,0,0,0]"
TE-598.jpg,UNIVERSAL_HUMAN,"[0,0,0,0,0,0,0]","[0,1,1,1,0,1,1]","[0.1711,0.4923,0.4038,0.3113,0.2910,0.5176,0.4309]","[1,1,0,0,0,1,0]"
TE-599.jpg,UNIVERSAL_HUMAN,"[0,0,0,0,0,0,0]","[0,1,1,1,1,1,1]","[0.1757,0.5054,0.4729,0.3349,0.3133,0.4902,0.4590]","[1,1,1,0,0,0,1]"
TE-6.jpg,UNIVERSAL_HUMAN,"[0,0,0,0,0,0,1]","[0,1,1,0,1,1,1]","[0.1285,0.4422,0.4623,0.2969,0.3003,0.5096,0.4998]","[0,0,1,0,0,1,1]"
TE-60.jpg,UNIVERSAL_HUMAN,"[0,0,1,0,0,0,0]","[0,1,1,1,1,1,1]","[0.1817,0.5048,0.4748,0.3705,0.3418,0.5278,0.4591]","[1,1,1,1,1,1,1]"
TE-600.jpg,UNIVERSAL_HUMAN,"[1,0,0,0,0,0,1]","[0,1,1,1,1,1,1]","[0.1489,0.4734,0.4741,0.3181,0.3532,0.4807,0.5187]","[0,1,1,0,1,0,1]"
TE-601.jpg,UNIVERSAL_HUMAN,"[0,0,0,1,1,0,0]","[0,1,1,1,1,1,1]","[0.1435,0.4991,0.4717,0.3238,0.3192,0.5210,0.4577]","[0,1,1,0,0,1,0]"
TE-603.jpg,UNIVERSAL_HUMAN,"[0,0,0,0,0,0,0]","[0,1,1,1,1,1,1]","[0.1694,0.4856,0.4593,0.3459,0.3156,0.4672,0.4576]","[1,1,1,1,0,0,0]"
TE-604.jpg,UNIVERSAL_HUMAN,"[1,0,0,0,0,0,1]","[0,1,1,1,1,1,1]","[0.1652,0.4900,0.4452,0.3546,0.3228,0.5010,0.4415]","[1,1,0,1,0,1,0]"
TE-605.jpg,UNIVERSAL_HUMAN,"[1,1,0,0,0,0,0]","[0,1,1,1,1,1,1]","[0.1315,0.4541,0.5353,0.3295,0.3206,0.5263,0.5411]","[0,0,1,0,0,1,1]"
TE-606.jpg,UNIVERSAL_HUMAN,"[0,0,0,1,0,0,0]","[0,1,1,1,1,1,1]","[0.1547,0.4342,0.4881,0.3321,0.3008,0.4917,0.4658]","[0,0,1,0,0,0,1]"
TE-608.jpg,UNIVERSAL_HUMAN,"[0,0,0,0,0,0,1]","[0,1,1,1,1,1,1]","[0.1548,0.4949,0.4344,0.3554,0.3167,0.4580,0.4557]","[0,1,0,1,0,0,0]"
TE-609.jpg,UNIVERSAL_HUMAN,"[0,0,0,0,1,1,0]","[0,1,1,1,0,1,1]","[0.1764,0.4962,0.4783,0.3300,0.2865,0.5221,0.4715]","[1,1,1,0,0,1,1]"
TE-61.jpg,UNIVERSAL_HUMAN,"[0,0,0,0,1,0,0]","[0,1,1,1,1,1,1]","[0.1589,0.4332,0.5127,0.3590,0.3570,0.5182,0.4932]","[1,0,1,1,1,1,1]"
TE-610.jpg,UNIVERSAL_HUMAN,"[0,0,0,0,0,0,0]","[0,1,1,1,1,1,1]","[0.1722,0.4829,0.4861,0.3366,0.3248,0.5216,0.4487]","[1,1,1,1,0,1,0]"
TE-612.jpg,UNIVERSAL_HUMAN,"[0,0,0,1,1,0,0]","[0,1,1,1,1,1,1]","[0.1431,0.4551,0.4836,0.3274,0.3280,0.4680,0.5071]","[0,0,1,0,1,0,1]"
TE-613.jpg,UNIVERSAL_HUMAN,"[1,1,0,0,0,0,0]","[0,1,1,1,1,1,1]","[0.1454,0.4696,0.5505,0.3119,0.3406,0.4774,0.5298]","[0,0,1,0,1,0,1]"
TE-616.jpg,UNIVERSAL_HUMAN,"[1,0,1,0,0,0,1]","[0,1,1,1,1,1,1]","[0.1397,0.4615,0.5054,0.3323,0.3253,0.5189,0.4829]","[0,0,1,0,0,1,1]"
TE-617.jpg,UNIVERSAL_HUMAN,"[0,0,0,0,0,1,0]","[0,1,1,1,1,1,1]","[0.1760,0.4587,0.4173,0.3609,0.3122,0.4992,0.4674]","[1,0,0,1,0,1,1]"
TE-618.jpg,UNIVERSAL_HUMAN,"[0,0,0,0,0,0,1]","[0,1,1,1,1,1,1]","[0.1750,0.5011,0.4351,0.3296,0.3168,0.4856,0.4337]","[1,1,0,0,0,0,0]"
TE-62.jpg,UNIVERSAL_HUMAN,"[0,0,0,0,0,0,0]","[0,1,1,1,0,1,1]","[0.1813,0.4801,0.4617,0.3358,0.2854,0.5119,0.4381]","[1,1,1,1,0,1,0]"
TE-620.jpg,UNIVERSAL_HUMAN,"[0,0,0,1,0,0,0]","[0,1,1,1,1,1,1]","[0.1684,0.5642,0.4495,0.3398,0.3156,0.4952,0.4452]","[1,1,0,1,0,0,0]"
TE-621.jpg,UNIVERSAL_HUMAN,"[1,1,0,0,0,0,0]","[0,1,1,1,1,1,1]","[0.1326,0.4621,0.5225,0.3102,0.3352,0.4713,0.5141]","[0,0,1,0,1,0,1]"
TE-622.jpg,UNIVERSAL_HUMAN,"[0,0,0,0,0,1,0]","[0,1,1,1,1,1,1]","[0.1602,0.4751,0.4716,0.3818,0.3093,0.4943,0.4723]","[1,1,1,1,0,0,1]"
TE-623.jpg,UNIVERSAL_HUMAN,"[0,0,0,1,0,0,0]","[0,1,1,1,1,1,1]","[0.1460,0.4415,0.4424,0.3290,0.3582,0.4813,0.4299]","[0,0,0,0,1,0,0]"
TE-624.jpg,UNIVERSAL_HUMAN,"[0,0,0,0,0,1,0]","[0,1,1,1,1,1,1]","[0.1925,0.4640,0.4236,0.3432,0.3249,0.5274,0.4640]","[1,0,0,1,0,1,1]"
TE-625.jpg,UNIVERSAL_HUMAN,"[0,0,0,1,0,0,0]","[0,1,1,1,1,1,1]","[0.1868,0.4729,0.4750,0.3338,0.3024,0.5320,0.4234]","[1,1,1,0,0,1,0]"
TE-626.jpg,UNIVERSAL_HUMAN,"[0,0,0,1,0,0,0]","[0,1,1,1,1,1,1]","[0.1472,0.4703,0.4829,0.3329,0.3046,0.5081,0.5075]","[0,1,1,0,0,1,1]"
TE-627.jpg,UNIVERSAL_HUMAN,"[1,1,0,0,0,0,0]","[0,1,1,1,1,1,1]","[0.1592,0.4691,0.4938,0.3084,0.3121,0.4727,0.4800]","[1,0,1,0,0,0,1]"
TE-628.jpg,UNIVERSAL_HUMAN,"[0,0,0,1,0,0,0]","[0,1,1,1,1,1,1]","[0.1286,0.4405,0.4517,0.3259,0.3653,0.4831,0.4706]","[0,0,0,0,1,0,1]"
TE-63.jpg,UNIVERSAL_HUMAN,"[0,0,0,0,0,1,0]","[0,1,1,1,1,1,1]","[0.1617,0.4820,0.4040,0.3482,0.3346,0.5033,0.4398]","[1,1,0,1,1,1,0]"
TE-631.jpg,UNIVERSAL_HUMAN,"[0,0,0,1,0,0,0]","[0,1,1,1,1,1,1]","[0.1480,0.4466,0.4690,0.3394,0.3011,0.4688,0.4295]","[0,0,1,1,0,0,0]"
TE-633.jpg,UNIVERSAL_HUMAN,"[0,0,0,0,0,0,0]","[0,1,1,1,0,1,1]","[0.1788,0.5064,0.4765,0.3554,0.2821,0.4849,0.4439]","[1,1,1,1,0,0,0]"
TE-634.jpg,UNIVERSAL_HUMAN,"[0,0,0,0,0,1,0]","[0,1,1,1,1,1,1]","[0.1828,0.4963,0.4731,0.3402,0.3030,0.5244,0.4366]","[1,1,1,1,0,1,0]"
TE-635.jpg,UNIVERSAL_HUMAN,"[0,0,0,0,0,1,0]","[0,1,1,1,1,1,1]","[0.1660,0.4931,0.3841,0.3183,0.3573,0.5027,0.4763]","[1,1,0,0,1,1,1]"
TE-636.jpg,UNIVERSAL_HUMAN,"[1,1,0,0,0,0,0]","[0,1,1,1,1,1,1]","[0.1249,0.5311,0.5005,0.3724,0.3005,0.5564,0.5046]","[0,1,1,1,0,1,1]"
TE-637.jpg,UNIVERSAL_HUMAN,"[0,0,0,0,0,1,0]","[0,1,1,1,1,1,1]","[0.1448,0.4859,0.4605,0.3716,0.3208,0.5270,0.4588]","[0,1,1,1,0,1,1]"
TE-638.jpg,UNIVERSAL_HUMAN,"[0,0,0,0,0,0,0]","[0,1,1,1,1,1,1]","[0.1870,0.4810,0.4643,0.3235,0.3001,0.5235,0.4233]","[1,1,1,0,0,1,0]"
TE-639.jpg,UNIVERSAL_HUMAN,"[0,0,0,0,1,0,1]","[0,1,1,1,1,1,1]","[0.1644,0.4656,0.4113,0.3164,0.3231,0.4893,0.4608]","[1,0,0,0,0,0,1]"
TE-64.jpg,UNIVERSAL_HUMAN,"[1,0,0,0,0,0,0]","[0,1,1,1,1,1,1]","[0.1341,0.4670,0.4423,0.3369,0.3058,0.4889,0.4697]","[0,0,0,1,0,0,1]"
TE-640.jpg,UNIVERSAL_HUMAN,"[0,1,0,0,0,0,0]","[0,1,1,1,0,1,1]","[0.1749,0.4833,0.4457,0.3255,0.2982,0.5125,0.4383]","[1,1,0,0,0,1,0]"
TE-641.jpg,UNIVERSAL_HUMAN,"[0,0,0,0,0,0,0]","[0,1,1,1,1,1,1]","[0.1711,0.4659,0.3937,0.3621,0.3239,0.4516,0.4556]","[1,0,0,1,0,0,0]"
TE-643.jpg,UNIVERSAL_HUMAN,"[0,0,0,0,0,0,0]","[0,1,1,0,1,1,1]","[0.1367,0.4811,0.4610,0.2980,0.3958,0.4843,0.5036]","[0,1,1,0,1,0,1]"
TE-645.jpg,UNIVERSAL_HUMAN,"[1,1,0,0,0,0,0]","[0,1,1,0,1,1,1]","[0.1345,0.4542,0.4466,0.2930,0.3471,0.4919,0.4906]","[0,0,0,0,1,0,1]"
TE-646.jpg,UNIVERSAL_HUMAN,"[0,0,0,0,0,1,0]","[0,1,1,1,0,1,1]","[0.1818,0.4855,0.4686,0.3480,0.2884,0.5220,0.4414]","[1,1,1,1,0,1,0]"
TE-647.jpg,UNIVERSAL_HUMAN,"[0,0,0,0,0,1,0]","[0,1,1,1,1,1,1]","[0.1509,0.4838,0.4536,0.3338,0.3186,0.4744,0.4213]","[0,1,0,0,0,0,0]"
TE-648.jpg,UNIVERSAL_HUMAN,"[0,0,0,0,0,0,0]","[0,1,1,1,1,1,1]","[0.1490,0.4824,0.4356,0.3171,0.3307,0.4772,0.4083]","[0,1,0,0,1,0,0]"
TE-649.jpg,UNIVERSAL_HUMAN,"[1,1,0,0,0,0,0]","[0,1,1,1,1,1,1]","[0.1815,0.4729,0.4729,0.3456,0.3107,0.4879,0.4552]","[1,1,1,1,0,0,0]"
TE-65.jpg,UNIVERSAL_HUMAN,"[0,0,0,0,0,1,0]","[0,1,1,1,1,1,1]","[0.1674,0.4963,0.5379,0.3018,0.3259,0.4909,0.4649]","[1,1,1,0,1,0,1]"
TE-651.jpg,UNIVERSAL_HUMAN,"[0,0,0,0,0,1,1]","[0,1,1,1,1,1,1]","[0.1911,0.4910,0.4843,0.3295,0.3523,0.5127,0.4630]","[1,1,1,0,1,1,1]"
TE-652.jpg,UNIVERSAL_HUMAN,"[0,0,0,0,0,0,0]","[0,1,1,1,1,1,1]","[0.1452,0.4372,0.5035,0.3638,0.3423,0.5003,0.4743]","[0,0,1,1,1,1,1]"
TE-653.jpg,UNIVERSAL_HUMAN,"[0,0,0,0,0,1,0]","[0,1,1,1,0,1,1]","[0.2038,0.4751,0.4680,0.3376,0.2879,0.5457,0.4210]","[1,1,1,1,0,1,0]"
TE-654.jpg,UNIVERSAL_HUMAN,"[0,0,0,0,0,0,0]","[0,1,1,1,1,1,1]","[0.1359,0.4408,0.4934,0.3238,0.3560,0.5065,0.4870]","[0,0,1,0,1,1,1]"
TE-655.jpg,UNIVERSAL_HUMAN,"[0,0,0,0,0,1,0]","[0,1,1,1,1,1,1]","[0.1231,0.4540,0.4380,0.3023,0.3816,0.4782,0.4783]","[0,0,0,0,1,0,1]"
TE-656.jpg,UNIVERSAL_HUMAN,"[1,1,0,0,0,1,1]","[0,1,1,1,1,1,1]","[0.1525,0.4766,0.4820,0.3393,0.3022,0.5079,0.4586]","[0,1,1,1,0,1,1]"
TE-657.jpg,UNIVERSAL_HUMAN,"[0,0,0,0,0,0,0]","[0,1,1,1,1,1,1]","[0.1462,0.5083,0.4211,0.3032,0.3559,0.4419,0.4946]","[0,1,0,0,1,0,1]"
TE-658.jpg,UNIVERSAL_HUMAN,"[0,0,0,0,0,1,0]","[0,1,1,1,1,1,1]","[0.1583,0.5004,0.4229,0.3696,0.3156,0.5436,0.4468]","[1,1,0,1,0,1,0]"
TE-659.jpg,UNIVERSAL_HUMAN,"[0,0,0,0,0,1,0]","[0,1,1,1,1,1,1]","[0.1808,0.4917,0.4336,0.3148,0.3462,0.5170,0.4457]","[1,1,0,0,1,1,0]"
TE-66.jpg,UNIVERSAL_HUMAN,"[0,0,0,0,0,0,0]","[0,1,1,1,0,1,1]","[0.1500,0.4857,0.4810,0.3387,0.2747,0.4606,0.4705]","[0,1,1,1,0,0,1]"
TE-660.jpg,UNIVERSAL_HUMAN,"[0,0,0,0,0,1,0]","[0,1,1,1,1,1,1]","[0.1735,0.5011,0.4608,0.3498,0.3261,0.5127,0.4816]","[1,1,1,1,1,1,1]"
TE-661.jpg,UNIVERSAL_HUMAN,"[0,0,0,0,0,1,0]","[0,1,1,1,1,1,1]","[0.1840,0.4765,0.4726,0.3355,0.3262,0.5106,0.4610]","[1,1,1,1,1,1,1]"
TE-662.jpg,UNIVERSAL_HUMAN,"[0,0,0,0,0,0,0]","[0,1,1,1,1,1,1]","[0.1543,0.4113,0.4555,0.3011,0.3138,0.5066,0.4746]","[0,0,1,0,0,1,1]"
TE-67.jpg,UNIVERSAL_HUMAN,"[0,0,1,0,0,0,0]","[0,1,1,1,0,1,1]","[0.1798,0.4779,0.5048,0.3665,0.2847,0.5344,0.4420]","[1,1,1,1,0,1,0]"
TE-68.jpg,UNIVERSAL_HUMAN,"[0,0,0,0,0,0,0]","[0,1,1,1,0,1,1]","[0.1864,0.4883,0.4565,0.3167,0.2800,0.5183,0.4439]","[1,1,1,0,0,1,0]"
TE-69.jpg,UNIVERSAL_HUMAN,"[1,0,0,0,0,0,0]","[0,1,1,0,1,1,1]","[0.1253,0.4844,0.4168,0.2821,0.3591,0.4581,0.4600]","[0,1,0,0,1,0,1]"
TE-7.jpg,UNIVERSAL_HUMAN,"[0,0,1,0,0,0,0]","[0,1,1,1,1,1,1]","[0.1264,0.4559,0.5054,0.3149,0.3073,0.4966,0.4493]","[0,0,1,0,0,0,0]"
TE-71.jpg,UNIVERSAL_HUMAN,"[1,0,0,0,0,0,0]","[0,1,1,1,1,1,1]","[0.1497,0.4824,0.4615,0.3290,0.3415,0.4915,0.4480]","[0,1,1,0,1,0,0]"
TE-72.jpg,UNIVERSAL_HUMAN,"[0,1,0,0,1,0,0]","[0,1,1,1,0,1,1]","[0.1844,0.5012,0.4779,0.3475,0.2980,0.5470,0.4284]","[1,1,1,1,0,1,0]"
TE-73.jpg,UNIVERSAL_HUMAN,"[0,1,0,0,0,0,0]","[0,1,1,1,0,1,1]","[0.1782,0.4970,0.4424,0.3344,0.2975,0.5115,0.4691]","[1,1,0,0,0,1,1]"
TE-75.jpg,UNIVERSAL_HUMAN,"[0,0,0,0,1,0,1]","[0,1,1,1,1,1,1]","[0.1159,0.4817,0.4315,0.3386,0.3825,0.5067,0.4940]","[0,1,0,1,1,1,1]"
TE-76.jpg,UNIVERSAL_HUMAN,"[0,0,0,0,0,0,0]","[0,1,1,1,1,1,1]","[0.1473,0.4874,0.5167,0.3384,0.3488,0.4707,0.4912]","[0,1,1,1,1,0,1]"
TE-77.jpg,UNIVERSAL_HUMAN,"[0,0,0,0,0,0,0]","[0,1,1,1,1,1,1]","[0.1676,0.5078,0.4267,0.3268,0.3373,0.5115,0.4562]","[1,1,0,0,1,1,0]"
TE-79.jpg,UNIVERSAL_HUMAN,"[1,0,0,0,0,0,0]","[0,1,1,1,0,1,1]","[0.1874,0.5034,0.4866,0.3459,0.2799,0.5484,0.4269]","[1,1,1,1,0,1,0]"
TE-80.jpg,UNIVERSAL_HUMAN,"[0,0,0,0,0,0,0]","[0,1,1,1,1,1,1]","[0.1411,0.5072,0.4571,0.3577,0.3351,0.5201,0.4639]","[0,1,1,1,1,1,1]"
TE-81.jpg,UNIVERSAL_HUMAN,"[1,0,0,0,0,0,0]","[0,1,1,1,1,1,1]","[0.1163,0.4233,0.3820,0.3203,0.3288,0.5000,0.4724]","[0,0,0,0,1,1,1]"
TE-82.jpg,UNIVERSAL_HUMAN,"[0,0,0,0,0,0,0]","[0,1,1,0,1,1,1]","[0.1872,0.4778,0.3608,0.2924,0.3196,0.5055,0.4124]","[1,1,0,0,0,1,0]"
TE-83.jpg,UNIVERSAL_HUMAN,"[1,1,0,0,0,0,0]","[0,1,1,1,1,1,1]","[0.1830,0.5187,0.4382,0.3173,0.3226,0.4935,0.4395]","[1,1,0,0,0,0,0]"
TE-84.jpg,UNIVERSAL_HUMAN,"[0,0,0,0,0,0,1]","[0,1,1,1,1,1,1]","[0.1472,0.4724,0.4812,0.3332,0.3361,0.4872,0.4580]","[0,1,1,0,1,0,1]"
TE-85.jpg,UNIVERSAL_HUMAN,"[1,0,0,0,0,0,0]","[0,1,1,1,1,1,1]","[0.1419,0.4537,0.5087,0.3610,0.3593,0.4632,0.4959]","[0,0,1,1,1,0,1]"
TE-86.jpg,UNIVERSAL_HUMAN,"[0,0,0,0,0,0,0]","[0,1,1,1,1,1,1]","[0.1815,0.5007,0.3700,0.3320,0.3686,0.4848,0.4427]","[1,1,0,0,1,0,0]"
TE-89.jpg,UNIVERSAL_HUMAN,"[0,0,0,0,0,0,0]","[0,1,1,0,1,1,1]","[0.1501,0.4968,0.5398,0.2730,0.3336,0.5125,0.5473]","[0,1,1,0,1,1,1]"
TE-92.jpg,UNIVERSAL_HUMAN,"[1,0,0,0,0,0,0]","[0,1,1,1,1,1,1]","[0.1617,0.4859,0.4249,0.3679,0.3176,0.5071,0.4495]","[1,1,0,1,0,1,0]"
TE-93.jpg,UNIVERSAL_HUMAN,"[1,0,0,0,0,0,0]","[0,1,1,1,1,1,1]","[0.1837,0.4670,0.4864,0.3308,0.3106,0.5395,0.4357]","[1,0,1,0,0,1,0]"
TE-94.jpg,UNIVERSAL_HUMAN,"[0,0,0,0,0,0,0]","[0,1,1,1,1,1,1]","[0.1379,0.4748,0.5217,0.3188,0.3375,0.5138,0.4716]","[0,1,1,0,1,1,1]"
TE-95.jpg,UNIVERSAL_HUMAN,"[0,1,0,0,0,0,0]","[0,1,1,1,0,1,1]","[0.1675,0.5022,0.4696,0.3467,0.2653,0.5144,0.4256]","[1,1,1,1,0,1,0]"
TE-96.jpg,UNIVERSAL_HUMAN,"[0,0,0,0,0,0,0]","[0,1,1,1,0,1,1]","[0.1877,0.5050,0.4580,0.3652,0.2736,0.5378,0.4414]","[1,1,1,1,0,1,0]"
TE-97.jpg,UNIVERSAL_HUMAN,"[0,0,0,0,0,0,1]","[0,1,1,1,1,1,1]","[0.1573,0.4704,0.4484,0.3533,0.3522,0.4972,0.4253]","[1,1,0,1,1,0,0]"
TE-205.jpg,VISUAL_SYMBOL_DEPENDENT,"[0,0,0,0,0,0,1]","[0,1,1,1,1,1,1]","[0.1231,0.4119,0.4566,0.3321,0.3895,0.5295,0.4389]","[0,0,1,0,1,1,0]"
TE-276.jpg,VISUAL_SYMBOL_DEPENDENT,"[0,0,0,0,0,0,0]","[0,1,1,1,0,1,1]","[0.1367,0.4170,0.4914,0.3032,0.2893,0.5340,0.4973]","[0,0,1,0,0,1,1]"
TE-461.jpg,VISUAL_SYMBOL_DEPENDENT,"[1,0,0,0,0,0,0]","[0,1,1,1,0,1,1]","[0.1948,0.4915,0.4609,0.3506,0.2765,0.5439,0.4385]","[1,1,1,1,0,1,0]"
TE-512.jpg,VISUAL_SYMBOL_DEPENDENT,"[1,0,0,0,1,0,1]","[0,1,1,1,0,1,1]","[0.1864,0.4516,0.5105,0.3498,0.2989,0.4828,0.4472]","[1,0,1,1,0,0,0]"
TE-87.jpg,VISUAL_SYMBOL_DEPENDENT,"[1,0,1,0,0,0,0]","[0,1,1,1,1,1,1]","[0.1363,0.4440,0.3511,0.3329,0.3561,0.4430,0.4526]","[0,0,0,0,1,0,0]"
