image_id,category,prediction_raw,prediction_vec,human_label
TE-104.jpg,BRAND_DEPENDENT,"Depression, loss of interest, self-harm, eating problems, low self-esteem, concentration issues, sleep problems","[1,1,1,1,1,1,1]","[1,0,0,0,0,0,0]"
TE-177.jpg,BRAND_DEPENDENT,"depression, loss of interest, self-harm, eating problems, low self-esteem, concentration issues, sleep problems","[1,1,1,1,1,1,1]","[1,0,0,0,1,0,0]"
TE-184.jpg,BRAND_DEPENDENT,"depression, low self-esteem","[1,0,0,0,1,0,0]","[1,0,1,0,0,0,0]"
TE-195.jpg,BRAND_DEPENDENT,"self-harm, eating problems, low self-esteem, concentration issues, sleep problems","[0,0,1,1,1,1,1]","[0,0,0,1,1,0,0]"
TE-285.jpg,BRAND_DEPENDENT,Depression,"[1,0,0,0,0,0,0]","[1,0,1,0,0,0,0]"
TE-303.jpg,BRAND_DEPENDENT,depression,"[1,0,0,0,0,0,0]","[1,0,0,0,0,0,0]"
TE-343.jpg,BRAND_DEPENDENT,"depression, loss of interest, self-harm, eating problems, low self-esteem, concentration issues, sleep problems","[1,1,1,1,1,1,1]","[0,0,0,1,0,0,0]"
TE-378.jpg,BRAND_DEPENDENT,"depression, loss of interest, self-harm, eating problems, low self-esteem, concentration issues, sleep problems","[1,1,1,1,1,1,1]","[0,0,0,1,0,0,0]"
TE-425.jpg,BRAND_DEPENDENT,"depression, loss of interest, self-harm, eating problems, low self-esteem, concentration issues, sleep problems","[1,1,1,1,1,1,1]","[1,0,0,0,1,0,0]"
TE-549.jpg,BRAND_DEPENDENT,depression,"[1,0,0,0,0,0,0]","[0,0,0,0,0,1,0]"
TE-583.jpg,BRAND_DEPENDENT,"depression, loss of interest, self-harm, eating problems, low self-esteem, concentration issues, sleep problems","[1,1,1,1,1,1,1]","[0,0,0,1,0,0,0]"
TE-586.jpg,BRAND_DEPENDENT,depression,"[1,0,0,0,0,0,0]","[0,0,0,1,0,0,0]"
TE-629.jpg,BRAND_DEPENDENT,"depression, loss of interest, self-harm, eating problems, low self-esteem, concentration issues, sleep problems","[1,1,1,1,1,1,1]",
TE-8.jpg,BRAND_DEPENDENT,Depression,"[1,0,0,0,0,0,0]","[1,0,0,0,0,0,0]"
TE-149.jpg,CELEBRITY_DEPENDENT,"depression, low self-esteem, concentration issues","[1,0,0,0,1,1,0]","[0,0,0,1,0,0,0]"
TE-158.jpg,CELEBRITY_DEPENDENT,"depression, loss of interest, self-harm, eating problems, low self-esteem, concentration issues, sleep problems","[1,1,1,1,1,1,1]","[0,0,0,0,0,1,0]"
TE-185.jpg,CELEBRITY_DEPENDENT,"depression, loss of interest, self-harm, eating problems, low self-esteem, concentration issues, sleep problems","[1,1,1,1,1,1,1]","[0,0,0,0,1,0,0]"
TE-21.jpg,CELEBRITY_DEPENDENT,"depression, loss of interest, self-harm, eating problems, low self-esteem, concentration issues, sleep problems","[1,1,1,1,1,1,1]","[1,0,0,0,0,0,0]"
TE-238.jpg,CELEBRITY_DEPENDENT,"depression, loss of interest, self-harm, eating problems, low self-esteem, concentration issues, sleep problems","[1,1,1,1,1,1,1]","[0,0,0,1,1,0,0]"
TE-26.jpg,CELEBRITY_DEPENDENT,"depression, loss of interest, self-harm, eating problems, low self-esteem, concentration issues, sleep problems","[1,1,1,1,1,1,1]","[1,0,0,0,0,0,0]"
TE-40.jpg,CELEBRITY_DEPENDENT,"depression, loss of interest, self-harm, eating problems, low self-esteem, concentration issues, sleep problems","[1,1,1,1,1,1,1]","[0,0,0,0,0,0,1]"
TE-470.jpg,CELEBRITY_DEPENDENT,depression,"[1,0,0,0,0,0,0]","[1,0,0,0,0,0,1]"
TE-141.jpg,CULTURAL_REFERENCE_DEPENDENT,depression,"[1,0,0,0,0,0,0]","[0,0,0,0,0,0,1]"
TE-147.jpg,CULTURAL_REFERENCE_DEPENDENT,depression,"[1,0,0,0,0,0,0]","[1,1,0,0,0,0,0]"
TE-160.jpg,CULTURAL_REFERENCE_DEPENDENT,"depression, loss of interest, self-harm, eating problems, low self-esteem, concentration issues, sleep problems","[1,1,1,1,1,1,1]","[1,1,0,0,0,0,0]"
TE-197.jpg,CULTURAL_REFERENCE_DEPENDENT,"depression, loss of interest, self-harm, eating problems, low self-esteem, concentration issues, sleep problems","[1,1,1,1,1,1,1]","[1,0,1,0,0,0,0]"
TE-214.jpg,CULTURAL_REFERENCE_DEPENDENT,"depression, loss of interest, self-harm, eating problems, low self-esteem, concentration issues, sleep problems","[1,1,1,1,1,1,1]","[1,0,0,0,1,0,0]"
TE-232.jpg,CULTURAL_REFERENCE_DEPENDENT,"depression, loss of interest, self-harm, eating problems, low self-esteem, concentration issues, sleep problems","[1,1,1,1,1,1,1]","[1,0,0,0,1,0,0]"
TE-299.jpg,CULTURAL_REFERENCE_DEPENDENT,"depression, loss of interest, self-harm, eating problems, low self-esteem, concentration issues, sleep problems","[1,1,1,1,1,1,1]","[0,0,1,0,0,0,0]"
TE-309.jpg,CULTURAL_REFERENCE_DEPENDENT,depression,"[1,0,0,0,0,0,0]","[0,0,0,1,1,0,0]"
TE-33.jpg,CULTURAL_REFERENCE_DEPENDENT,depression,"[1,0,0,0,0,0,0]","[0,0,0,0,0,0,0]"
TE-333.jpg,CULTURAL_REFERENCE_DEPENDENT,"depression, loss of interest, self-harm, eating problems, low self-esteem, concentration issues, sleep problems","[1,1,1,1,1,1,1]","[0,0,1,0,0,0,0]"
TE-342.jpg,CULTURAL_REFERENCE_DEPENDENT,depression,"[1,0,0,0,0,0,0]","[1,0,1,0,0,0,0]"
TE-374.jpg,CULTURAL_REFERENCE_DEPENDENT,depression,"[1,0,0,0,0,0,0]","[0,1,0,0,0,1,0]"
TE-385.jpg,CULTURAL_REFERENCE_DEPENDENT,"depression, loss of interest, self-harm, eating problems, low self-esteem, concentration issues, sleep problems","[1,1,1,1,1,1,1]","[0,0,0,0,0,0,0]"
TE-411.jpg,CULTURAL_REFERENCE_DEPENDENT,"depression, loss of interest","[1,1,0,0,0,0,0]",
TE-506.jpg,CULTURAL_REFERENCE_DEPENDENT,depression,"[1,0,0,0,0,0,0]",
TE-619.jpg,CULTURAL_REFERENCE_DEPENDENT,depression,"[1,0,0,0,0,0,0]","[0,0,0,1,0,0,0]"
TE-70.jpg,CULTURAL_REFERENCE_DEPENDENT,depression,"[1,0,0,0,0,0,0]","[1,0,0,0,0,0,0]"
TE-74.jpg,CULTURAL_REFERENCE_DEPENDENT,"depression, loss of interest","[1,1,0,0,0,0,0]","[1,0,1,0,0,0,0]"
TE-256.jpg,INTERNET_CULTURE_DEPENDENT,"depression, loss of interest, self-harm, eating problems, low self-esteem, concentration issues, sleep problems","[1,1,1,1,1,1,1]","[0,0,0,0,0,0,0]"
TE-611.jpg,INTERNET_CULTURE_DEPENDENT,"depression, loss of interest, self-harm, eating problems, low self-esteem, concentration issues, sleep problems","[1,1,1,1,1,1,1]","[0,0,0,1,0,0,0]"
TE-90.jpg,INTERNET_CULTURE_DEPENDENT,"depression, loss of interest, self-harm, eating problems, low self-esteem, concentration issues, sleep problems","[1,1,1,1,1,1,1]","[1,0,0,0,0,0,0]"
TE-107.jpg,LANGUAGE_DEPENDENT,"depression, loss of interest, self-harm, eating problems, low self-esteem, concentration issues, sleep problems","[1,1,1,1,1,1,1]","[0,0,0,0,1,0,0]"
TE-14.jpg,LANGUAGE_DEPENDENT,"depression, loss of interest, self-harm, eating problems, low self-esteem, concentration issues, sleep problems","[1,1,1,1,1,1,1]",
TE-170.jpg,LANGUAGE_DEPENDENT,"depression, loss of interest, self-harm, eating problems, low self-esteem, concentration issues, sleep problems","[1,1,1,1,1,1,1]","[1,0,0,0,1,0,0]"
TE-175.jpg,LANGUAGE_DEPENDENT,depression,"[1,0,0,0,0,0,0]",
TE-251.jpg,LANGUAGE_DEPENDENT,"depression, loss of interest, self-harm, eating problems, low self-esteem, concentration issues, sleep problems","[1,1,1,1,1,1,1]","[1,1,0,0,0,0,0]"
TE-259.jpg,LANGUAGE_DEPENDENT,"depression, loss of interest, self-harm, eating problems, low self-esteem, concentration issues, sleep problems","[1,1,1,1,1,1,1]","[0,0,1,0,0,0,0]"
TE-268.jpg,LANGUAGE_DEPENDENT,depression,"[1,0,0,0,0,0,0]","[0,0,0,1,0,0,0]"
TE-306.jpg,LANGUAGE_DEPENDENT,"depression, loss of interest, self-harm, eating problems, low self-esteem, concentration issues, sleep problems","[1,1,1,1,1,1,1]","[0,0,0,1,0,0,0]"
TE-362.jpg,LANGUAGE_DEPENDENT,"depression, loss of interest, self-harm, eating problems, low self-esteem, concentration issues, sleep problems","[1,1,1,1,1,1,1]","[1,0,1,0,0,0,0]"
TE-370.jpg,LANGUAGE_DEPENDENT,"depression, loss of interest, self-harm, eating problems, low self-esteem, concentration issues, sleep problems","[1,1,1,1,1,1,1]","[0,0,0,1,0,0,0]"
TE-384.jpg,LANGUAGE_DEPENDENT,Depression,"[1,0,0,0,0,0,0]",
TE-418.jpg,LANGUAGE_DEPENDENT,"depression, loss of interest, self-harm, eating problems, low self-esteem, concentration issues, sleep problems","[1,1,1,1,1,1,1]","[0,0,0,0,0,1,0]"
TE-431.jpg,LANGUAGE_DEPENDENT,loss of interest,"[0,1,0,0,0,0,0]","[0,0,0,0,0,0,1]"
TE-434.jpg,LANGUAGE_DEPENDENT,depression,"[1,0,0,0,0,0,0]",
TE-446.jpg,LANGUAGE_DEPENDENT,Depression,"[1,0,0,0,0,0,0]","[1,0,0,0,0,0,0]"
TE-457.jpg,LANGUAGE_DEPENDENT,depression,"[1,0,0,0,0,0,0]",
TE-471.jpg,LANGUAGE_DEPENDENT,No,"[0,0,0,0,0,0,0]","[0,0,0,0,0,1,0]"
TE-479.jpg,LANGUAGE_DEPENDENT,depression,"[1,0,0,0,0,0,0]","[1,0,0,0,0,0,0]"
TE-492.jpg,LANGUAGE_DEPENDENT,"depression, loss of interest, self-harm, eating problems, low self-esteem, concentration issues, sleep problems","[1,1,1,1,1,1,1]","[0,0,0,1,0,0,0]"
TE-509.jpg,LANGUAGE_DEPENDENT,depression,"[1,0,0,0,0,0,0]",
TE-519.jpg,LANGUAGE_DEPENDENT,depression,"[1,0,0,0,0,0,0]","[0,0,0,1,0,0,0]"
TE-526.jpg,LANGUAGE_DEPENDENT,depression,"[1,0,0,0,0,0,0]",
TE-615.jpg,LANGUAGE_DEPENDENT,"depression, loss of interest, self-harm, eating problems, low self-esteem, concentration issues, sleep problems","[1,1,1,1,1,1,1]","[0,0,0,1,0,0,0]"
TE-632.jpg,LANGUAGE_DEPENDENT,"depression, loss of interest, self-harm, eating problems, low self-esteem, concentration issues, sleep problems","[1,1,1,1,1,1,1]",
TE-9.jpg,LANGUAGE_DEPENDENT,"depression, loss of interest, self-harm, eating problems, low self-esteem, concentration issues, sleep problems","[1,1,1,1,1,1,1]","[1,0,1,0,0,0,0]"
TE-201.jpg,LIFESTYLE_CONTEXT_DEPENDENT,"depression, loss of interest, self-harm, eating problems, low self-esteem, concentration issues, sleep problems","[1,1,1,1,1,1,1]","[0,0,0,1,0,0,0]"
TE-296.jpg,LIFESTYLE_CONTEXT_DEPENDENT,"depression, self-harm, eating problems, loss of interest","[1,1,1,1,0,0,0]","[1,0,0,0,0,0,1]"
TE-521.jpg,LIFESTYLE_CONTEXT_DEPENDENT,"depression, loss of interest, self-harm, eating problems, low self-esteem, concentration issues, sleep problems","[1,1,1,1,1,1,1]","[0,0,0,0,0,1,0]"
TE-226.jpg,MEDIA_CONTEXT_DEPENDENT,"depression, loss of interest, self-harm, eating problems, low self-esteem, concentration issues, sleep problems","[1,1,1,1,1,1,1]","[1,0,0,0,0,0,0]"
TE-294.jpg,MEDIA_CONTEXT_DEPENDENT,"depression, low self-esteem, concentration issues","[1,0,0,0,1,1,0]","[0,0,0,0,1,0,0]"
TE-323.jpg,MEDIA_CONTEXT_DEPENDENT,depression,"[1,0,0,0,0,0,0]","[0,1,0,0,0,0,0]"
TE-336.jpg,MEDIA_CONTEXT_DEPENDENT,"depression, loss of interest, self-harm, eating problems, low self-esteem, concentration issues, sleep problems","[1,1,1,1,1,1,1]","[1,0,1,0,0,0,0]"
TE-354.jpg,MEDIA_CONTEXT_DEPENDENT,"depression, loss of interest, self-harm, eating problems, low self-esteem, concentration issues, sleep problems","[1,1,1,1,1,1,1]","[1,0,0,0,0,0,0]"
TE-47.jpg,MEDIA_CONTEXT_DEPENDENT,"depression, loss of interest, self-harm, eating problems, low self-esteem, concentration issues, sleep problems","[1,1,1,1,1,1,1]","[1,0,0,0,1,0,0]"
TE-497.jpg,MEDIA_CONTEXT_DEPENDENT,depression,"[1,0,0,0,0,0,0]","[0,0,0,0,0,0,1]"
TE-505.jpg,MEDIA_CONTEXT_DEPENDENT,"depression, loss of interest, self-harm, eating problems, low self-esteem, concentration issues, sleep problems","[1,1,1,1,1,1,1]","[0,0,0,1,0,0,0]"
TE-525.jpg,MEDIA_CONTEXT_DEPENDENT,Yes,"[0,0,0,0,0,0,0]","[1,0,0,0,0,0,0]"
TE-98.jpg,MEDIA_CONTEXT_DEPENDENT,"depression, loss of interest, self-harm, eating problems, low self-esteem, concentration issues, sleep problems","[1,1,1,1,1,1,1]","[1,0,0,0,0,0,0]"
TE-140.jpg,MEME_FORMAT_DEPENDENT,depression,"[1,0,0,0,0,0,0]","[0,0,0,0,1,0,0]"
TE-196.jpg,MEME_FORMAT_DEPENDENT,"depression, low self-esteem, concentration issues","[1,0,0,0,1,1,0]","[1,0,1,0,0,0,0]"
TE-484.jpg,MEME_FORMAT_DEPENDENT,depression,"[1,0,0,0,0,0,0]",
TE-550.jpg,MEME_FORMAT_DEPENDENT,"depression, low self-esteem, eating problems, sleep problems, concentration issues","[1,0,0,1,1,1,1]","[0,0,0,1,0,0,0]"
TE-589.jpg,MEME_FORMAT_DEPENDENT,"depression, loss of interest, self-harm, eating problems, low self-esteem, concentration issues, sleep problems","[1,1,1,1,1,1,1]","[0,0,0,1,0,0,0]"
TE-591.jpg,MEME_FORMAT_DEPENDENT,"depression, loss of interest, self-harm, eating problems, low self-esteem, concentration issues, sleep problems","[1,1,1,1,1,1,1]","[0,0,0,0,0,1,0]"
TE-112.jpg,NICHE_SUBCULTURE_DEPENDENT,"depression, loss of interest, self-harm, eating problems, low self-esteem, concentration issues, sleep problems","[1,1,1,1,1,1,1]","[1,0,1,0,0,0,0]"
TE-172.jpg,NICHE_SUBCULTURE_DEPENDENT,"depression, loss of interest, self-harm, eating problems, low self-esteem, concentration issues, sleep problems","[1,1,1,1,1,1,1]","[0,0,0,0,1,0,0]"
TE-249.jpg,NICHE_SUBCULTURE_DEPENDENT,"depression, self-harm, eating problems","[1,0,1,1,0,0,0]","[0,0,0,0,1,0,0]"
TE-279.jpg,NICHE_SUBCULTURE_DEPENDENT,depression,"[1,0,0,0,0,0,0]","[0,0,0,1,0,0,0]"
TE-346.jpg,NICHE_SUBCULTURE_DEPENDENT,"depression, loss of interest, self-harm, eating problems, low self-esteem, concentration issues, sleep problems","[1,1,1,1,1,1,1]","[0,0,1,0,0,0,0]"
TE-37.jpg,NICHE_SUBCULTURE_DEPENDENT,"depression, loss of interest, self-harm, eating problems, low self-esteem, concentration issues, sleep problems","[1,1,1,1,1,1,1]","[0,1,0,0,0,0,0]"
TE-595.jpg,NICHE_SUBCULTURE_DEPENDENT,"depression, loss of interest, self-harm, eating problems, low self-esteem, concentration issues, sleep problems","[1,1,1,1,1,1,1]","[0,0,0,1,1,0,0]"
TE-78.jpg,NICHE_SUBCULTURE_DEPENDENT,"depression, loss of interest, self-harm, eating problems, low self-esteem, concentration issues, sleep problems","[1,1,1,1,1,1,1]","[0,0,0,0,1,0,0]"
TE-88.jpg,NICHE_SUBCULTURE_DEPENDENT,"depression, loss of interest, self-harm, eating problems, low self-esteem, concentration issues, sleep problems","[1,1,1,1,1,1,1]","[0,0,0,0,1,0,0]"
TE-166.jpg,POP_CULTURE_DEPENDENT,self-harm,"[0,0,1,0,0,0,0]","[1,0,1,0,1,0,0]"
TE-168.jpg,POP_CULTURE_DEPENDENT,"depression, loss of interest, self-harm, eating problems, low self-esteem, concentration issues, sleep problems","[1,1,1,1,1,1,1]","[0,0,1,0,0,0,0]"
TE-174.jpg,POP_CULTURE_DEPENDENT,"depression, loss of interest, self-harm, eating problems, low self-esteem, concentration issues, sleep problems","[1,1,1,1,1,1,1]","[0,0,0,0,1,0,0]"
TE-178.jpg,POP_CULTURE_DEPENDENT,"depression, loss of interest, self-harm, eating problems, low self-esteem, concentration issues, sleep problems","[1,1,1,1,1,1,1]","[1,0,1,0,0,0,0]"
TE-188.jpg,POP_CULTURE_DEPENDENT,depression,"[1,0,0,0,0,0,0]","[0,0,0,0,1,0,0]"
TE-200.jpg,POP_CULTURE_DEPENDENT,"depression, low self-esteem, concentration issues, sleep problems","[1,0,0,0,1,1,1]",
TE-213.jpg,POP_CULTURE_DEPENDENT,"depression, loss of interest, self-harm, eating problems, low self-esteem, concentration issues, sleep problems","[1,1,1,1,1,1,1]",
TE-222.jpg,POP_CULTURE_DEPENDENT,"depression, loss of interest, self-harm, eating problems, low self-esteem, concentration issues, sleep problems","[1,1,1,1,1,1,1]","[1,0,0,0,0,0,0]"
TE-236.jpg,POP_CULTURE_DEPENDENT,loss of interest,"[0,1,0,0,0,0,0]","[0,0,0,0,1,0,0]"
TE-244.jpg,POP_CULTURE_DEPENDENT,depression,"[1,0,0,0,0,0,0]","[1,0,0,0,0,0,0]"
TE-255.jpg,POP_CULTURE_DEPENDENT,"depression, loss of interest, self-harm, eating problems, low self-esteem, concentration issues, sleep problems","[1,1,1,1,1,1,1]","[1,0,0,0,0,0,0]"
TE-275.jpg,POP_CULTURE_DEPENDENT,"depression, loss of interest, self-harm, eating problems, low self-esteem, concentration issues, sleep problems","[1,1,1,1,1,1,1]","[1,0,0,0,0,0,0]"
TE-291.jpg,POP_CULTURE_DEPENDENT,"depression, loss of interest, self-harm, eating problems, low self-esteem, concentration issues, sleep problems","[1,1,1,1,1,1,1]","[1,0,0,0,0,0,0]"
TE-34.jpg,POP_CULTURE_DEPENDENT,Yes,"[0,0,0,0,0,0,0]","[0,0,0,0,1,0,0]"
TE-364.jpg,POP_CULTURE_DEPENDENT,Depression,"[1,0,0,0,0,0,0]","[1,0,1,0,0,0,0]"
TE-379.jpg,POP_CULTURE_DEPENDENT,"depression, loss of interest, self-harm, eating problems, low self-esteem, concentration issues, sleep problems","[1,1,1,1,1,1,1]","[1,0,1,0,1,0,0]"
TE-467.jpg,POP_CULTURE_DEPENDENT,"depression, low self-esteem, loss of interest, self-harm, eating problems, concentration issues, sleep problems","[1,1,1,1,1,1,1]","[1,0,0,0,0,0,0]"
TE-50.jpg,POP_CULTURE_DEPENDENT,loss of interest,"[0,1,0,0,0,0,0]","[0,0,0,1,1,0,0]"
TE-540.jpg,POP_CULTURE_DEPENDENT,"depression, loss of interest, self-harm, eating problems, low self-esteem, concentration issues, sleep problems","[1,1,1,1,1,1,1]","[0,1,0,0,0,0,0]"
TE-546.jpg,POP_CULTURE_DEPENDENT,"depression, loss of interest, self-harm, eating problems, low self-esteem, concentration issues, sleep problems","[1,1,1,1,1,1,1]","[0,0,0,0,1,0,0]"
TE-650.jpg,POP_CULTURE_DEPENDENT,"depression, low self-esteem","[1,0,0,0,1,0,0]","[0,1,0,0,0,0,0]"
TE-99.jpg,POP_CULTURE_DEPENDENT,depression,"[1,0,0,0,0,0,0]","[1,0,0,0,0,0,0]"
TE-32.jpg,REFERENCE_DEPENDENT,depression,"[1,0,0,0,0,0,0]","[1,0,0,0,0,0,0]"
TE-44.jpg,REFERENCE_DEPENDENT,"depression, loss of interest, self-harm, eating problems, low self-esteem, concentration issues, sleep problems","[1,1,1,1,1,1,1]","[0,0,0,0,0,0,0]"
TE-442.jpg,REFERENCE_DEPENDENT,"depression, loss of interest, self-harm, eating problems, low self-esteem, concentration issues, sleep problems","[1,1,1,1,1,1,1]",
TE-602.jpg,REFERENCE_DEPENDENT,depression,"[1,0,0,0,0,0,0]","[0,0,0,0,0,0,1]"
TE-644.jpg,REFERENCE_DEPENDENT,Yes,"[0,0,0,0,0,0,0]","[0,0,1,0,0,1,0]"
TE-1.jpg,UNIVERSAL_HUMAN,"depression, loss of interest, self-harm, eating problems, low self-esteem, concentration issues, sleep problems","[1,1,1,1,1,1,1]","[1,0,0,0,0,0,0]"
TE-10.jpg,UNIVERSAL_HUMAN,"depression, loss of interest, self-harm, eating problems, low self-esteem, concentration issues, sleep problems","[1,1,1,1,1,1,1]","[0,0,0,1,0,0,0]"
TE-100.jpg,UNIVERSAL_HUMAN,"depression, loss of interest, self-harm, eating problems, low self-esteem, concentration issues, sleep problems","[1,1,1,1,1,1,1]","[1,0,0,0,0,0,0]"
TE-101.jpg,UNIVERSAL_HUMAN,depression,"[1,0,0,0,0,0,0]","[1,0,1,0,0,0,0]"
TE-102.jpg,UNIVERSAL_HUMAN,depression,"[1,0,0,0,0,0,0]","[1,0,1,0,0,0,0]"
TE-103.jpg,UNIVERSAL_HUMAN,depression,"[1,0,0,0,0,0,0]",
TE-105.jpg,UNIVERSAL_HUMAN,depression,"[1,0,0,0,0,0,0]","[0,0,0,0,1,0,0]"
TE-106.jpg,UNIVERSAL_HUMAN,"self harm, depression","[1,0,0,0,0,0,0]","[0,0,0,0,1,1,0]"
TE-108.jpg,UNIVERSAL_HUMAN,"depression, loss of interest, self-harm, eating problems, low self-esteem, concentration issues, sleep problems","[1,1,1,1,1,1,1]","[0,0,0,1,0,0,0]"
TE-109.jpg,UNIVERSAL_HUMAN,"depression, loss of interest, self-harm, eating problems, low self-esteem, concentration issues, sleep problems","[1,1,1,1,1,1,1]","[1,0,0,0,1,0,1]"
TE-11.jpg,UNIVERSAL_HUMAN,depression,"[1,0,0,0,0,0,0]","[1,0,0,0,0,0,0]"
TE-110.jpg,UNIVERSAL_HUMAN,depression,"[1,0,0,0,0,0,0]","[1,0,0,0,0,0,0]"
TE-111.jpg,UNIVERSAL_HUMAN,depression,"[1,0,0,0,0,0,0]","[1,0,0,0,0,0,0]"
TE-113.jpg,UNIVERSAL_HUMAN,depression,"[1,0,0,0,0,0,0]","[1,0,0,0,0,0,0]"
TE-114.jpg,UNIVERSAL_HUMAN,depression,"[1,0,0,0,0,0,0]","[1,1,0,0,1,0,0]"
TE-115.jpg,UNIVERSAL_HUMAN,"depression, loss of interest, self-harm, eating problems, low self-esteem, concentration issues, sleep problems","[1,1,1,1,1,1,1]","[1,0,0,0,0,0,0]"
TE-116.jpg,UNIVERSAL_HUMAN,"depression, loss of interest, self-harm, eating problems, low self-esteem, concentration issues, sleep problems","[1,1,1,1,1,1,1]","[0,0,1,0,1,0,0]"
TE-117.jpg,UNIVERSAL_HUMAN,"depression, loss of interest, self-harm, eating problems, low self-esteem, concentration issues, sleep problems","[1,1,1,1,1,1,1]",
TE-118.jpg,UNIVERSAL_HUMAN,"depression, loss of interest, self-harm, eating problems, low self-esteem, concentration issues, sleep problems","[1,1,1,1,1,1,1]","[1,0,0,0,0,0,0]"
TE-119.jpg,UNIVERSAL_HUMAN,"depression, loss of interest, self-harm, eating problems, low self-esteem, concentration issues, sleep problems","[1,1,1,1,1,1,1]","[1,0,0,0,0,0,1]"
TE-12.jpg,UNIVERSAL_HUMAN,self-harm,"[0,0,1,0,0,0,0]",
TE-120.jpg,UNIVERSAL_HUMAN,depression,"[1,0,0,0,0,0,0]","[1,0,0,0,1,0,0]"
TE-121.jpg,UNIVERSAL_HUMAN,"depression, loss of interest, self-harm, eating problems, low self-esteem, concentration issues, sleep problems","[1,1,1,1,1,1,1]",
TE-122.jpg,UNIVERSAL_HUMAN,depression,"[1,0,0,0,0,0,0]",
TE-123.jpg,UNIVERSAL_HUMAN,"depression, loss of interest, self-harm, eating problems, low self-esteem, concentration issues, sleep problems","[1,1,1,1,1,1,1]","[1,0,1,0,0,0,0]"
TE-125.jpg,UNIVERSAL_HUMAN,depression,"[1,0,0,0,0,0,0]","[1,0,0,0,0,0,0]"
TE-126.jpg,UNIVERSAL_HUMAN,depression,"[1,0,0,0,0,0,0]","[0,0,0,0,1,0,0]"
TE-127.jpg,UNIVERSAL_HUMAN,depression,"[1,0,0,0,0,0,0]","[0,0,0,0,0,1,0]"
TE-128.jpg,UNIVERSAL_HUMAN,depression,"[1,0,0,0,0,0,0]","[0,0,1,0,0,0,0]"
TE-129.jpg,UNIVERSAL_HUMAN,depression,"[1,0,0,0,0,0,0]","[1,0,0,0,0,0,0]"
TE-13.jpg,UNIVERSAL_HUMAN,depression,"[1,0,0,0,0,0,0]","[0,0,0,1,0,0,0]"
TE-130.jpg,UNIVERSAL_HUMAN,"depression, loss of interest, self-harm, eating problems, low self-esteem, concentration issues, sleep problems","[1,1,1,1,1,1,1]","[1,0,0,0,0,0,0]"
TE-131.jpg,UNIVERSAL_HUMAN,Depression,"[1,0,0,0,0,0,0]",
TE-132.jpg,UNIVERSAL_HUMAN,"Depression, loss of interest","[1,1,0,0,0,0,0]",
TE-133.jpg,UNIVERSAL_HUMAN,"depression, loss of interest, self-harm, eating problems, low self-esteem, concentration issues, sleep problems","[1,1,1,1,1,1,1]",
TE-134.jpg,UNIVERSAL_HUMAN,depression,"[1,0,0,0,0,0,0]","[1,0,0,0,0,0,0]"
TE-135.jpg,UNIVERSAL_HUMAN,depression,"[1,0,0,0,0,0,0]","[1,0,0,0,1,0,0]"
TE-136.jpg,UNIVERSAL_HUMAN,"depression, low self-esteem, loss of interest, self-harm, eating problems, concentration issues, sleep problems","[1,1,1,1,1,1,1]","[0,1,0,0,0,0,0]"
TE-137.jpg,UNIVERSAL_HUMAN,depression,"[1,0,0,0,0,0,0]","[0,0,0,0,0,0,1]"
TE-138.jpg,UNIVERSAL_HUMAN,depression,"[1,0,0,0,0,0,0]",
TE-139.jpg,UNIVERSAL_HUMAN,"depression, low self-esteem, loss of interest, self-harm, eating problems, concentration issues, sleep problems","[1,1,1,1,1,1,1]","[1,0,0,0,0,0,0]"
TE-142.jpg,UNIVERSAL_HUMAN,"self-harm, low self-esteem, concentration issues, eating problems, depression, sleep problems","[1,0,1,1,1,1,1]","[1,0,0,0,0,0,0]"
TE-143.jpg,UNIVERSAL_HUMAN,"depression, low self-esteem","[1,0,0,0,1,0,0]","[0,0,1,0,1,0,0]"
TE-144.jpg,UNIVERSAL_HUMAN,"depression, loss of interest, self-harm, eating problems, low self-esteem, concentration issues, sleep problems","[1,1,1,1,1,1,1]","[0,0,0,1,0,0,0]"
TE-145.jpg,UNIVERSAL_HUMAN,"depression, loss of interest, self-harm, eating problems, low self-esteem, concentration issues, sleep problems","[1,1,1,1,1,1,1]","[0,0,0,0,1,0,0]"
TE-146.jpg,UNIVERSAL_HUMAN,"Depression, loss of interest, self-harm, eating problems, low self-esteem, concentration issues, sleep problems","[1,1,1,1,1,1,1]","[0,1,0,0,0,0,0]"
TE-148.jpg,UNIVERSAL_HUMAN,"depression, loss of interest, self-harm, eating problems, low self-esteem, concentration issues, sleep problems","[1,1,1,1,1,1,1]","[0,0,0,0,1,0,0]"
TE-15.jpg,UNIVERSAL_HUMAN,"depression, loss of interest, self-harm, eating problems, low self-esteem, concentration issues, sleep problems","[1,1,1,1,1,1,1]",
TE-150.jpg,UNIVERSAL_HUMAN,Depression,"[1,0,0,0,0,0,0]","[0,0,0,1,1,0,0]"
TE-151.jpg,UNIVERSAL_HUMAN,"depression, loss of interest","[1,1,0,0,0,0,0]","[0,0,1,0,0,0,0]"
TE-152.jpg,UNIVERSAL_HUMAN,depression,"[1,0,0,0,0,0,0]",
TE-153.jpg,UNIVERSAL_HUMAN,depression,"[1,0,0,0,0,0,0]","[1,0,0,0,1,0,0]"
TE-154.jpg,UNIVERSAL_HUMAN,depression,"[1,0,0,0,0,0,0]","[1,0,0,0,0,0,0]"
TE-155.jpg,UNIVERSAL_HUMAN,depression,"[1,0,0,0,0,0,0]","[0,0,1,0,0,0,0]"
TE-156.jpg,UNIVERSAL_HUMAN,depression,"[1,0,0,0,0,0,0]",
TE-157.jpg,UNIVERSAL_HUMAN,"depression, loss of interest, self-harm, eating problems, low self-esteem, concentration issues, sleep problems","[1,1,1,1,1,1,1]",
TE-159.jpg,UNIVERSAL_HUMAN,"depression, loss of interest, self-harm, eating problems, low self-esteem, concentration issues, sleep problems","[1,1,1,1,1,1,1]","[0,0,0,1,0,0,0]"
TE-16.jpg,UNIVERSAL_HUMAN,depression,"[1,0,0,0,0,0,0]",
TE-161.jpg,UNIVERSAL_HUMAN,"depression, loss of interest, self-harm, eating problems, low self-esteem, concentration issues, sleep problems","[1,1,1,1,1,1,1]","[0,0,1,0,0,0,0]"
TE-162.jpg,UNIVERSAL_HUMAN,depression,"[1,0,0,0,0,0,0]",
TE-163.jpg,UNIVERSAL_HUMAN,depression,"[1,0,0,0,0,0,0]","[1,0,0,0,1,0,0]"
TE-164.jpg,UNIVERSAL_HUMAN,"depression, loss of interest, self-harm, eating problems, low self-esteem, concentration issues, sleep problems","[1,1,1,1,1,1,1]","[0,0,0,1,0,0,0]"
TE-165.jpg,UNIVERSAL_HUMAN,depression,"[1,0,0,0,0,0,0]","[0,0,0,0,0,0,0]"
TE-167.jpg,UNIVERSAL_HUMAN,"depression, loss of interest, self-harm, eating problems, low self-esteem, concentration issues, sleep problems","[1,1,1,1,1,1,1]","[1,0,0,0,1,0,0]"
TE-169.jpg,UNIVERSAL_HUMAN,depression,"[1,0,0,0,0,0,0]","[0,0,0,0,1,0,0]"
TE-17.jpg,UNIVERSAL_HUMAN,"depression, loss of interest, self-harm, eating problems, low self-esteem, concentration issues, sleep problems","[1,1,1,1,1,1,1]","[1,0,0,0,0,0,0]"
TE-171.jpg,UNIVERSAL_HUMAN,"depression, loss of interest, self-harm, eating problems, low self-esteem, concentration issues, sleep problems","[1,1,1,1,1,1,1]","[0,0,0,0,0,1,0]"
TE-173.jpg,UNIVERSAL_HUMAN,depression,"[1,0,0,0,0,0,0]",
TE-176.jpg,UNIVERSAL_HUMAN,"depression, eating disorders","[1,0,0,0,0,0,0]","[0,0,0,1,0,0,0]"
TE-179.jpg,UNIVERSAL_HUMAN,"depression, loss of interest, self-harm, eating problems, low self-esteem, concentration issues, sleep problems","[1,1,1,1,1,1,1]","[0,0,0,0,1,0,0]"
TE-18.jpg,UNIVERSAL_HUMAN,"depression, self-harm, low self-esteem, concentration issues, eating problems, loss of interest, sleep problems","[1,1,1,1,1,1,1]","[0,0,0,1,0,0,0]"
TE-180.jpg,UNIVERSAL_HUMAN,depression,"[1,0,0,0,0,0,0]",
TE-181.jpg,UNIVERSAL_HUMAN,"depression, low self-esteem, concentration issues","[1,0,0,0,1,1,0]","[1,0,0,0,1,0,0]"
TE-182.jpg,UNIVERSAL_HUMAN,"depression, low self-esteem","[1,0,0,0,1,0,0]","[0,0,0,0,0,0,1]"
TE-183.jpg,UNIVERSAL_HUMAN,depression,"[1,0,0,0,0,0,0]","[1,0,0,0,0,0,0]"
TE-186.jpg,UNIVERSAL_HUMAN,"depression, loss of interest, self-harm, eating problems, low self-esteem, concentration issues, sleep problems","[1,1,1,1,1,1,1]","[0,0,0,0,0,1,0]"
TE-187.jpg,UNIVERSAL_HUMAN,depression,"[1,0,0,0,0,0,0]","[0,1,0,0,0,0,0]"
TE-189.jpg,UNIVERSAL_HUMAN,"self-harm, low self-esteem, concentration issues","[0,0,1,0,1,1,0]",
TE-19.jpg,UNIVERSAL_HUMAN,"depression, loss of interest, self-harm, eating problems, low self-esteem, concentration issues, sleep problems","[1,1,1,1,1,1,1]","[1,0,0,0,0,0,0]"
TE-190.jpg,UNIVERSAL_HUMAN,"depression, loss of interest, self-harm, eating problems, low self-esteem, concentration issues, sleep problems","[1,1,1,1,1,1,1]","[1,0,0,0,1,0,0]"
TE-191.jpg,UNIVERSAL_HUMAN,"depression, loss of interest, self-harm, eating problems, low self-esteem, concentration issues, sleep problems","[1,1,1,1,1,1,1]","[1,0,0,0,1,0,0]"
TE-192.jpg,UNIVERSAL_HUMAN,"depression, loss of interest, self-harm, eating problems, low self-esteem, concentration issues, sleep problems","[1,1,1,1,1,1,1]",
TE-193.jpg,UNIVERSAL_HUMAN,depression,"[1,0,0,0,0,0,0]","[1,0,0,0,1,1,0]"
TE-194.jpg,UNIVERSAL_HUMAN,"Depression, loss of interest, self-harm, eating problems, low self-esteem, concentration issues, sleep problems","[1,1,1,1,1,1,1]",
TE-198.jpg,UNIVERSAL_HUMAN,depression,"[1,0,0,0,0,0,0]","[0,0,1,0,0,0,0]"
TE-199.jpg,UNIVERSAL_HUMAN,"depression, loss of interest, self-harm, eating problems, low self-esteem, concentration issues, sleep problems","[1,1,1,1,1,1,1]",
TE-2.jpg,UNIVERSAL_HUMAN,depression,"[1,0,0,0,0,0,0]","[1,0,0,0,1,0,0]"
TE-20.jpg,UNIVERSAL_HUMAN,"depression, self-harm, eating problems, low self-esteem, concentration issues, sleep problems","[1,0,1,1,1,1,1]","[0,0,1,0,0,0,0]"
TE-202.jpg,UNIVERSAL_HUMAN,"depression, loss of interest, self-harm, eating problems, low self-esteem, concentration issues, sleep problems","[1,1,1,1,1,1,1]","[1,0,1,0,1,0,0]"
TE-203.jpg,UNIVERSAL_HUMAN,"depression, loss of interest, self-harm, eating problems, low self-esteem, concentration issues, sleep problems","[1,1,1,1,1,1,1]","[0,0,0,0,0,0,1]"
TE-204.jpg,UNIVERSAL_HUMAN,"depression, loss of interest, self-harm, eating problems, low self-esteem, concentration issues, sleep problems","[1,1,1,1,1,1,1]",
TE-206.jpg,UNIVERSAL_HUMAN,self harm,"[0,0,0,0,0,0,0]","[1,1,0,0,0,0,0]"
TE-207.jpg,UNIVERSAL_HUMAN,"depression, low self-esteem","[1,0,0,0,1,0,0]","[1,0,0,0,1,0,0]"
TE-208.jpg,UNIVERSAL_HUMAN,Depression,"[1,0,0,0,0,0,0]","[0,0,0,0,0,1,0]"
TE-209.jpg,UNIVERSAL_HUMAN,"depression, loss of interest, self-harm, eating problems, low self-esteem, concentration issues, sleep problems","[1,1,1,1,1,1,1]",
TE-210.jpg,UNIVERSAL_HUMAN,"depression, loss of interest, self-harm, eating problems, low self-esteem, concentration issues, sleep problems","[1,1,1,1,1,1,1]","[1,0,0,0,1,0,0]"
TE-211.jpg,UNIVERSAL_HUMAN,"depression, loss of interest, self-harm, eating problems, low self-esteem, concentration issues, sleep problems","[1,1,1,1,1,1,1]",
TE-212.jpg,UNIVERSAL_HUMAN,"depression, loss of interest, self-harm, eating problems, low self-esteem, concentration issues, sleep problems","[1,1,1,1,1,1,1]",
TE-215.jpg,UNIVERSAL_HUMAN,"depression, loss of interest, self-harm, eating problems, low self-esteem, concentration issues, sleep problems","[1,1,1,1,1,1,1]","[0,0,0,0,1,0,0]"
TE-216.jpg,UNIVERSAL_HUMAN,"depression, loss of interest, self-harm, eating problems, low self-esteem, concentration issues, sleep problems","[1,1,1,1,1,1,1]","[1,0,0,1,0,0,0]"
TE-217.jpg,UNIVERSAL_HUMAN,"depression, loss of interest, self-harm, eating problems, low self-esteem, concentration issues, sleep problems","[1,1,1,1,1,1,1]","[0,0,0,0,0,1,0]"
TE-218.jpg,UNIVERSAL_HUMAN,self-harm,"[0,0,1,0,0,0,0]",
TE-22.jpg,UNIVERSAL_HUMAN,"depression, loss of interest, self-harm, eating problems, low self-esteem, concentration issues, sleep problems","[1,1,1,1,1,1,1]","[1,0,0,0,1,0,0]"
TE-220.jpg,UNIVERSAL_HUMAN,"depression, low self-esteem","[1,0,0,0,1,0,0]","[1,0,0,0,0,0,0]"
TE-221.jpg,UNIVERSAL_HUMAN,"depression, loss of interest, self-harm, eating problems, low self-esteem, concentration issues, sleep problems","[1,1,1,1,1,1,1]","[0,0,0,0,1,0,0]"
TE-223.jpg,UNIVERSAL_HUMAN,"depression, loss of interest, self-harm, eating problems, low self-esteem, concentration issues, sleep problems","[1,1,1,1,1,1,1]",
TE-224.jpg,UNIVERSAL_HUMAN,"depression, loss of interest, self-harm, eating problems, low self-esteem, concentration issues, sleep problems","[1,1,1,1,1,1,1]","[0,0,0,1,0,0,0]"
TE-225.jpg,UNIVERSAL_HUMAN,depression,"[1,0,0,0,0,0,0]","[1,0,0,0,0,0,0]"
TE-227.jpg,UNIVERSAL_HUMAN,"Depression, loss of interest, self-harm, eating problems, low self-esteem, concentration issues, sleep problems","[1,1,1,1,1,1,1]","[0,0,0,0,1,0,0]"
TE-228.jpg,UNIVERSAL_HUMAN,depression,"[1,0,0,0,0,0,0]","[1,0,0,0,1,0,0]"
TE-229.jpg,UNIVERSAL_HUMAN,depression,"[1,0,0,0,0,0,0]","[1,0,0,0,0,0,0]"
TE-23.jpg,UNIVERSAL_HUMAN,depression,"[1,0,0,0,0,0,0]","[1,0,0,0,1,0,0]"
TE-230.jpg,UNIVERSAL_HUMAN,depression,"[1,0,0,0,0,0,0]","[1,0,1,0,0,0,0]"
TE-231.jpg,UNIVERSAL_HUMAN,depression,"[1,0,0,0,0,0,0]","[0,1,0,0,0,0,0]"
TE-233.jpg,UNIVERSAL_HUMAN,Depression,"[1,0,0,0,0,0,0]",
TE-234.jpg,UNIVERSAL_HUMAN,"Depression, loss of interest, self-harm, eating problems, low self-esteem, concentration issues, sleep problems","[1,1,1,1,1,1,1]",
TE-235.jpg,UNIVERSAL_HUMAN,"depression, loss of interest, self-harm, eating problems, low self-esteem, concentration issues, sleep problems","[1,1,1,1,1,1,1]",
TE-237.jpg,UNIVERSAL_HUMAN,"Depression, loss of interest, self-harm, eating problems, low self-esteem, concentration issues, sleep problems","[1,1,1,1,1,1,1]","[0,0,0,0,1,0,0]"
TE-239.jpg,UNIVERSAL_HUMAN,"self-harm, eating problems, low self-esteem, concentration issues, sleep problems, depression","[1,0,1,1,1,1,1]","[0,0,0,0,1,0,0]"
TE-24.jpg,UNIVERSAL_HUMAN,"Depression, loss of interest, self-harm, eating problems, low self-esteem, concentration issues, sleep problems","[1,1,1,1,1,1,1]","[1,0,0,0,0,0,1]"
TE-240.jpg,UNIVERSAL_HUMAN,"depression, loss of interest, self-harm, eating problems, low self-esteem, concentration issues, sleep problems","[1,1,1,1,1,1,1]","[0,1,0,1,0,0,0]"
TE-241.jpg,UNIVERSAL_HUMAN,"depression, loss of interest, self-harm, eating problems, low self-esteem, concentration issues, sleep problems","[1,1,1,1,1,1,1]","[1,0,0,0,1,0,0]"
TE-242.jpg,UNIVERSAL_HUMAN,"depression, loss of interest, self-harm, eating problems, low self-esteem, concentration issues, sleep problems","[1,1,1,1,1,1,1]","[1,0,0,0,0,0,0]"
TE-243.jpg,UNIVERSAL_HUMAN,"depression, low self-esteem, concentration issues, sleep problems","[1,0,0,0,1,1,1]","[1,0,0,0,0,0,0]"
TE-245.jpg,UNIVERSAL_HUMAN,Depression,"[1,0,0,0,0,0,0]","[0,0,1,0,0,0,1]"
TE-246.jpg,UNIVERSAL_HUMAN,depression,"[1,0,0,0,0,0,0]",
TE-247.jpg,UNIVERSAL_HUMAN,"eating problems, low self-esteem, sleep problems","[0,0,0,1,1,0,1]","[0,0,0,1,0,0,0]"
TE-248.jpg,UNIVERSAL_HUMAN,depression,"[1,0,0,0,0,0,0]","[0,0,0,0,0,1,0]"
TE-25.jpg,UNIVERSAL_HUMAN,"depression, loss of interest, self-harm, eating problems, low self-esteem, concentration issues, sleep problems","[1,1,1,1,1,1,1]","[1,0,0,0,0,0,0]"
TE-250.jpg,UNIVERSAL_HUMAN,"depression, loss of interest, self-harm, eating problems, low self-esteem, concentration issues, sleep problems","[1,1,1,1,1,1,1]","[0,0,0,0,0,1,0]"
TE-252.jpg,UNIVERSAL_HUMAN,depression,"[1,0,0,0,0,0,0]","[1,0,1,0,0,0,0]"
TE-253.jpg,UNIVERSAL_HUMAN,"depression, loss of interest, self-harm, eating problems, low self-esteem, concentration issues, sleep problems","[1,1,1,1,1,1,1]","[0,0,0,1,1,0,0]"
TE-254.jpg,UNIVERSAL_HUMAN,depression,"[1,0,0,0,0,0,0]",
TE-257.jpg,UNIVERSAL_HUMAN,Depression,"[1,0,0,0,0,0,0]",
TE-258.jpg,UNIVERSAL_HUMAN,"depression, loss of interest, self-harm, eating problems, low self-esteem, concentration issues, sleep problems","[1,1,1,1,1,1,1]","[0,0,0,0,0,0,1]"
TE-260.jpg,UNIVERSAL_HUMAN,"depression, loss of interest, self-harm, eating problems, low self-esteem, concentration issues, sleep problems","[1,1,1,1,1,1,1]","[0,0,0,0,1,0,0]"
TE-261.jpg,UNIVERSAL_HUMAN,depression,"[1,0,0,0,0,0,0]","[1,1,0,0,1,1,0]"
TE-262.jpg,UNIVERSAL_HUMAN,depression,"[1,0,0,0,0,0,0]","[0,0,0,0,0,1,0]"
TE-263.jpg,UNIVERSAL_HUMAN,Depression,"[1,0,0,0,0,0,0]","[1,0,0,0,1,0,0]"
TE-264.jpg,UNIVERSAL_HUMAN,"depression, low self-esteem, loss of interest, concentration issues, sleep problems, self-harm","[1,1,1,0,1,1,1]",
TE-265.jpg,UNIVERSAL_HUMAN,depression,"[1,0,0,0,0,0,0]","[0,0,0,0,1,0,0]"
TE-266.jpg,UNIVERSAL_HUMAN,"depression, loss of interest, self-harm, eating problems, low self-esteem, concentration issues, sleep problems","[1,1,1,1,1,1,1]","[0,0,0,0,1,0,0]"
TE-267.jpg,UNIVERSAL_HUMAN,depression,"[1,0,0,0,0,0,0]","[0,1,0,0,0,0,0]"
TE-269.jpg,UNIVERSAL_HUMAN,"Depression, loss of interest, self-harm, eating problems, low self-esteem, concentration issues, sleep problems","[1,1,1,1,1,1,1]","[1,0,1,0,0,0,0]"
TE-27.jpg,UNIVERSAL_HUMAN,"depression, low self-esteem, concentration issues","[1,0,0,0,1,1,0]","[1,0,0,0,0,0,0]"
TE-270.jpg,UNIVERSAL_HUMAN,"depression, self-harm, eating problems, low self-esteem, concentration issues, sleep problems","[1,0,1,1,1,1,1]","[0,0,0,0,0,1,0]"
TE-271.jpg,UNIVERSAL_HUMAN,self-harm,"[0,0,1,0,0,0,0]","[0,0,1,0,0,0,0]"
TE-272.jpg,UNIVERSAL_HUMAN,depression,"[1,0,0,0,0,0,0]","[0,0,0,0,0,0,1]"
TE-273.jpg,UNIVERSAL_HUMAN,depression,"[1,0,0,0,0,0,0]",
TE-274.jpg,UNIVERSAL_HUMAN,"depression, loss of interest, self-harm, eating problems, low self-esteem, concentration issues, sleep problems","[1,1,1,1,1,1,1]",
TE-277.jpg,UNIVERSAL_HUMAN,self-harm,"[0,0,1,0,0,0,0]","[0,0,0,1,0,0,0]"
TE-278.jpg,UNIVERSAL_HUMAN,depression,"[1,0,0,0,0,0,0]","[1,0,0,0,0,1,0]"
TE-28.jpg,UNIVERSAL_HUMAN,"depression, low self-esteem, eating problems","[1,0,0,1,1,0,0]",
TE-280.jpg,UNIVERSAL_HUMAN,self-harm,"[0,0,1,0,0,0,0]",
TE-281.jpg,UNIVERSAL_HUMAN,"depression, loss of interest, self-harm, eating problems, low self-esteem, concentration issues, sleep problems","[1,1,1,1,1,1,1]","[1,0,0,0,1,0,0]"
TE-282.jpg,UNIVERSAL_HUMAN,"depression, loss of interest, self-harm, eating problems, low self-esteem, concentration issues, sleep problems","[1,1,1,1,1,1,1]","[1,1,0,0,0,0,0]"
TE-283.jpg,UNIVERSAL_HUMAN,"depression, loss of interest, self-harm, eating problems, low self-esteem, concentration issues, sleep problems","[1,1,1,1,1,1,1]","[0,0,0,0,0,0,1]"
TE-284.jpg,UNIVERSAL_HUMAN,"depression, loss of interest, self-harm, eating problems, low self-esteem, concentration issues, sleep problems","[1,1,1,1,1,1,1]","[0,0,0,0,0,0,1]"
TE-286.jpg,UNIVERSAL_HUMAN,depression,"[1,0,0,0,0,0,0]","[0,0,0,0,1,0,0]"
TE-288.jpg,UNIVERSAL_HUMAN,depression,"[1,0,0,0,0,0,0]",
TE-289.jpg,UNIVERSAL_HUMAN,depression,"[1,0,0,0,0,0,0]","[0,0,0,0,1,0,0]"
TE-29.jpg,UNIVERSAL_HUMAN,"depression, low self-esteem","[1,0,0,0,1,0,0]","[1,0,0,0,1,0,0]"
TE-290.jpg,UNIVERSAL_HUMAN,"depression, low self-esteem, concentration issues","[1,0,0,0,1,1,0]","[1,0,1,0,0,0,0]"
TE-292.jpg,UNIVERSAL_HUMAN,"depression, loss of interest, self-harm, eating problems, low self-esteem, concentration issues, sleep problems","[1,1,1,1,1,1,1]","[0,1,0,0,0,1,0]"
TE-293.jpg,UNIVERSAL_HUMAN,"depression, loss of interest, self-harm, eating problems, low self-esteem, concentration issues, sleep problems","[1,1,1,1,1,1,1]","[0,0,0,0,0,1,0]"
TE-295.jpg,UNIVERSAL_HUMAN,depression,"[1,0,0,0,0,0,0]","[1,0,0,0,1,0,1]"
TE-297.jpg,UNIVERSAL_HUMAN,"depression, low self-esteem, loss of interest, eating problems","[1,1,0,1,1,0,0]","[0,0,0,0,1,0,0]"
TE-298.jpg,UNIVERSAL_HUMAN,depression,"[1,0,0,0,0,0,0]","[0,0,0,0,0,0,1]"
TE-3.jpg,UNIVERSAL_HUMAN,depression,"[1,0,0,0,0,0,0]",
TE-300.jpg,UNIVERSAL_HUMAN,"depression, loss of interest, self-harm, eating problems, low self-esteem, concentration issues, sleep problems, anxiety, add, schizophrenia, attention deficit disorder, bipolar disorder, obsessive compulsive disorder","[1,1,1,1,1,1,1]","[1,0,0,0,0,0,0]"
TE-301.jpg,UNIVERSAL_HUMAN,self-harm,"[0,0,1,0,0,0,0]","[0,0,1,0,0,0,0]"
TE-302.jpg,UNIVERSAL_HUMAN,"Depression, loss of interest","[1,1,0,0,0,0,0]",
TE-304.jpg,UNIVERSAL_HUMAN,"depression, loss of interest, self-harm, eating problems, low self-esteem, concentration issues, sleep problems","[1,1,1,1,1,1,1]",
TE-305.jpg,UNIVERSAL_HUMAN,depression,"[1,0,0,0,0,0,0]","[1,0,0,0,1,0,0]"
TE-307.jpg,UNIVERSAL_HUMAN,depression,"[1,0,0,0,0,0,0]","[1,0,0,0,1,0,0]"
TE-308.jpg,UNIVERSAL_HUMAN,Depression,"[1,0,0,0,0,0,0]",
TE-31.jpg,UNIVERSAL_HUMAN,"depression, loss of interest, self-harm, eating problems, low self-esteem, concentration issues, sleep problems","[1,1,1,1,1,1,1]","[1,0,0,0,0,0,0]"
TE-310.jpg,UNIVERSAL_HUMAN,depression,"[1,0,0,0,0,0,0]","[0,1,0,1,0,0,0]"
TE-312.jpg,UNIVERSAL_HUMAN,self-harm,"[0,0,1,0,0,0,0]",
TE-313.jpg,UNIVERSAL_HUMAN,depression,"[1,0,0,0,0,0,0]","[0,0,0,0,0,1,0]"
TE-314.jpg,UNIVERSAL_HUMAN,"depression, loss of interest, self-harm, eating problems, low self-esteem, concentration issues, sleep problems","[1,1,1,1,1,1,1]","[0,0,0,0,0,0,1]"
TE-315.jpg,UNIVERSAL_HUMAN,depression,"[1,0,0,0,0,0,0]",
TE-317.jpg,UNIVERSAL_HUMAN,depression,"[1,0,0,0,0,0,0]","[0,1,0,0,0,0,0]"
TE-318.jpg,UNIVERSAL_HUMAN,"depression, loss of interest, self-harm, eating problems, low self-esteem, concentration issues, sleep problems","[1,1,1,1,1,1,1]","[0,0,0,1,0,0,0]"
TE-319.jpg,UNIVERSAL_HUMAN,"depression, loss of interest, self-harm, eating problems, low self-esteem, concentration issues, sleep problems","[1,1,1,1,1,1,1]","[0,0,0,0,0,1,0]"
TE-320.jpg,UNIVERSAL_HUMAN,depression,"[1,0,0,0,0,0,0]",
TE-321.jpg,UNIVERSAL_HUMAN,depression,"[1,0,0,0,0,0,0]","[1,0,1,0,1,0,0]"
TE-322.jpg,UNIVERSAL_HUMAN,"depression, loss of interest, self-harm, eating problems, low self-esteem, concentration issues, sleep problems","[1,1,1,1,1,1,1]","[0,0,1,0,0,0,0]"
TE-324.jpg,UNIVERSAL_HUMAN,depression,"[1,0,0,0,0,0,0]","[1,0,1,0,0,0,0]"
TE-325.jpg,UNIVERSAL_HUMAN,depression,"[1,0,0,0,0,0,0]","[0,0,0,1,0,0,0]"
TE-326.jpg,UNIVERSAL_HUMAN,"depression, self-harm, eating problems, low self-esteem, loss of interest, concentration issues, sleep problems","[1,1,1,1,1,1,1]","[1,0,1,0,1,0,0]"
TE-327.jpg,UNIVERSAL_HUMAN,low self-esteem,"[0,0,0,0,1,0,0]","[0,0,0,0,0,0,1]"
TE-328.jpg,UNIVERSAL_HUMAN,Depression,"[1,0,0,0,0,0,0]",
TE-329.jpg,UNIVERSAL_HUMAN,Self harm,"[0,0,0,0,0,0,0]","[0,0,0,1,1,0,0]"
TE-330.jpg,UNIVERSAL_HUMAN,"depression, loss of interest, self-harm, eating problems, low self-esteem, concentration issues, sleep problems","[1,1,1,1,1,1,1]","[0,0,1,0,0,0,0]"
TE-331.jpg,UNIVERSAL_HUMAN,depression,"[1,0,0,0,0,0,0]",
TE-332.jpg,UNIVERSAL_HUMAN,depression,"[1,0,0,0,0,0,0]","[0,0,0,0,0,0,1]"
TE-334.jpg,UNIVERSAL_HUMAN,"self harm, depression, low self esteem","[1,0,0,0,0,0,0]","[0,0,0,0,0,1,0]"
TE-335.jpg,UNIVERSAL_HUMAN,"depression, loss of interest, self-harm, eating problems, low self-esteem, concentration issues, sleep problems","[1,1,1,1,1,1,1]","[0,0,0,0,0,0,1]"
TE-337.jpg,UNIVERSAL_HUMAN,"depression, loss of interest, self-harm, eating problems, low self-esteem, concentration issues, sleep problems","[1,1,1,1,1,1,1]","[1,0,1,0,0,0,0]"
TE-338.jpg,UNIVERSAL_HUMAN,"depression, low self-esteem, concentration issues, eating problems, sleep problems, self-harm","[1,0,1,1,1,1,1]","[1,0,1,0,0,0,1]"
TE-339.jpg,UNIVERSAL_HUMAN,"self-harm, loss of interest, eating problems","[0,1,1,1,0,0,0]","[1,0,0,0,0,0,0]"
TE-340.jpg,UNIVERSAL_HUMAN,depression,"[1,0,0,0,0,0,0]",
TE-341.jpg,UNIVERSAL_HUMAN,"depression, loss of interest, self-harm, eating problems, low self-esteem, concentration issues, sleep problems","[1,1,1,1,1,1,1]","[0,0,1,0,0,0,0]"
TE-344.jpg,UNIVERSAL_HUMAN,loss of interest,"[0,1,0,0,0,0,0]","[0,0,0,1,0,0,0]"
TE-345.jpg,UNIVERSAL_HUMAN,No,"[0,0,0,0,0,0,0]","[1,0,1,0,0,1,0]"
TE-347.jpg,UNIVERSAL_HUMAN,depression,"[1,0,0,0,0,0,0]","[1,0,0,0,0,0,0]"
TE-348.jpg,UNIVERSAL_HUMAN,"depression, loss of interest, self-harm, eating problems, low self-esteem, concentration issues, sleep problems","[1,1,1,1,1,1,1]","[1,0,1,0,0,0,0]"
TE-349.jpg,UNIVERSAL_HUMAN,depression,"[1,0,0,0,0,0,0]",
TE-35.jpg,UNIVERSAL_HUMAN,"depression, low self-esteem, concentration issues","[1,0,0,0,1,1,0]","[0,0,0,0,1,0,0]"
TE-350.jpg,UNIVERSAL_HUMAN,"depression, loss of interest, self-harm, eating problems, low self-esteem, concentration issues, sleep problems","[1,1,1,1,1,1,1]","[0,0,0,0,0,0,1]"
TE-351.jpg,UNIVERSAL_HUMAN,depression,"[1,0,0,0,0,0,0]","[0,0,1,0,0,0,0]"
TE-352.jpg,UNIVERSAL_HUMAN,depression,"[1,0,0,0,0,0,0]","[0,0,0,0,0,0,1]"
TE-353.jpg,UNIVERSAL_HUMAN,depression,"[1,0,0,0,0,0,0]","[1,0,1,0,0,0,0]"
TE-355.jpg,UNIVERSAL_HUMAN,"Depression, low self-esteem, concentration issues, sleep problems, self-harm, eating problems","[1,0,1,1,1,1,1]","[0,0,0,1,1,0,0]"
TE-356.jpg,UNIVERSAL_HUMAN,loss of interest,"[0,1,0,0,0,0,0]",
TE-357.jpg,UNIVERSAL_HUMAN,depression,"[1,0,0,0,0,0,0]",
TE-358.jpg,UNIVERSAL_HUMAN,"depression, loss of interest, self-harm, eating problems, low self-esteem, concentration issues, sleep problems","[1,1,1,1,1,1,1]","[0,1,0,0,0,0,0]"
TE-359.jpg,UNIVERSAL_HUMAN,"depression, loss of interest, self-harm, eating problems, low self-esteem, concentration issues, sleep problems","[1,1,1,1,1,1,1]","[1,0,0,0,0,0,0]"
TE-36.jpg,UNIVERSAL_HUMAN,"depression, self-harm","[1,0,1,0,0,0,0]",
TE-360.jpg,UNIVERSAL_HUMAN,depression,"[1,0,0,0,0,0,0]",
TE-361.jpg,UNIVERSAL_HUMAN,depression,"[1,0,0,0,0,0,0]","[0,0,1,0,0,0,0]"
TE-363.jpg,UNIVERSAL_HUMAN,"Depression, loss of interest, self-harm, eating problems, low self-esteem, concentration issues, sleep problems","[1,1,1,1,1,1,1]","[0,1,0,0,0,0,0]"
TE-365.jpg,UNIVERSAL_HUMAN,"Depression, loss of interest, self-harm, eating problems, low self-esteem, concentration issues, sleep problems","[1,1,1,1,1,1,1]","[1,1,1,0,0,0,0]"
TE-366.jpg,UNIVERSAL_HUMAN,depression,"[1,0,0,0,0,0,0]","[0,0,0,0,0,1,0]"
TE-368.jpg,UNIVERSAL_HUMAN,"depression, loss of interest, self-harm, eating problems, low self-esteem, concentration issues, sleep problems","[1,1,1,1,1,1,1]","[0,0,1,0,0,0,0]"
TE-369.jpg,UNIVERSAL_HUMAN,yes,"[0,0,0,0,0,0,0]","[1,0,1,0,0,0,0]"
TE-371.jpg,UNIVERSAL_HUMAN,depression,"[1,0,0,0,0,0,0]",
TE-372.jpg,UNIVERSAL_HUMAN,Yes,"[0,0,0,0,0,0,0]",
TE-375.jpg,UNIVERSAL_HUMAN,depression,"[1,0,0,0,0,0,0]","[1,0,0,0,1,0,0]"
TE-376.jpg,UNIVERSAL_HUMAN,"self harm, eating problems, low self esteem","[0,0,0,1,0,0,0]","[0,0,1,0,0,0,0]"
TE-377.jpg,UNIVERSAL_HUMAN,depression loss of interest self-harm eating problems low self-esteem concentration issues sleep problems,"[1,1,1,1,1,1,1]","[1,0,1,0,1,0,0]"
TE-38.jpg,UNIVERSAL_HUMAN,depression,"[1,0,0,0,0,0,0]","[1,0,0,0,0,0,0]"
TE-380.jpg,UNIVERSAL_HUMAN,"depression, low self-esteem, concentration issues, sleep problems","[1,0,0,0,1,1,1]","[0,0,1,0,0,0,0]"
TE-381.jpg,UNIVERSAL_HUMAN,"depression, loss of interest, self-harm, eating problems, low self-esteem, concentration issues, sleep problems","[1,1,1,1,1,1,1]","[0,0,0,0,0,1,1]"
TE-382.jpg,UNIVERSAL_HUMAN,self-harm,"[0,0,1,0,0,0,0]",
TE-383.jpg,UNIVERSAL_HUMAN,self-harm,"[0,0,1,0,0,0,0]","[0,0,1,0,1,0,0]"
TE-386.jpg,UNIVERSAL_HUMAN,"Depression, loss of interest, self-harm, eating problems, low self-esteem, concentration issues, sleep problems","[1,1,1,1,1,1,1]","[0,0,0,0,0,0,1]"
TE-387.jpg,UNIVERSAL_HUMAN,"depression, self-harm, low self-esteem, concentration issues, eating problems, sleep problems, loss of interest","[1,1,1,1,1,1,1]","[1,0,1,0,0,0,0]"
TE-388.jpg,UNIVERSAL_HUMAN,depression,"[1,0,0,0,0,0,0]",
TE-389.jpg,UNIVERSAL_HUMAN,depression,"[1,0,0,0,0,0,0]","[0,1,0,0,0,0,0]"
TE-39.jpg,UNIVERSAL_HUMAN,"Depression, Loss of interest, Self-harm, Eating problems, Low self-esteem, Concentration issues, Sleep problems","[1,1,1,1,1,1,1]",
TE-390.jpg,UNIVERSAL_HUMAN,depression,"[1,0,0,0,0,0,0]","[0,0,0,0,0,1,0]"
TE-391.jpg,UNIVERSAL_HUMAN,"depression, loss of interest, self-harm, eating problems, low self-esteem, concentration issues, sleep problems","[1,1,1,1,1,1,1]",
TE-392.jpg,UNIVERSAL_HUMAN,"depression, loss of interest, self-harm, eating problems, low self-esteem, concentration issues, sleep problems","[1,1,1,1,1,1,1]","[0,0,0,0,0,1,0]"
TE-393.jpg,UNIVERSAL_HUMAN,"depression, low self-esteem, concentration issues, eating problems, sleep problems","[1,0,0,1,1,1,1]","[1,0,0,0,0,0,0]"
TE-394.jpg,UNIVERSAL_HUMAN,"depression, loss of interest, self-harm, eating problems, low self-esteem, concentration issues, sleep problems","[1,1,1,1,1,1,1]","[0,1,0,0,0,0,0]"
TE-395.jpg,UNIVERSAL_HUMAN,depression,"[1,0,0,0,0,0,0]",
TE-396.jpg,UNIVERSAL_HUMAN,depression,"[1,0,0,0,0,0,0]",
TE-397.jpg,UNIVERSAL_HUMAN,"depression, low self-esteem","[1,0,0,0,1,0,0]",
TE-398.jpg,UNIVERSAL_HUMAN,"depression, low self-esteem, self-harm, sleep problems","[1,0,1,0,1,0,1]","[0,0,1,0,0,0,0]"
TE-399.jpg,UNIVERSAL_HUMAN,depression,"[1,0,0,0,0,0,0]",
TE-4.jpg,UNIVERSAL_HUMAN,depression,"[1,0,0,0,0,0,0]","[1,0,0,0,1,1,1]"
TE-401.jpg,UNIVERSAL_HUMAN,"depression, loss of interest, self-harm, eating problems, low self-esteem, concentration issues, sleep problems","[1,1,1,1,1,1,1]","[0,0,1,0,0,0,0]"
TE-402.jpg,UNIVERSAL_HUMAN,depression,"[1,0,0,0,0,0,0]","[1,0,1,0,0,0,0]"
TE-403.jpg,UNIVERSAL_HUMAN,"depression, loss of interest, self-harm, eating problems, low self-esteem, concentration issues, sleep problems","[1,1,1,1,1,1,1]","[0,0,0,0,0,0,1]"
TE-404.jpg,UNIVERSAL_HUMAN,depression,"[1,0,0,0,0,0,0]","[0,0,0,0,0,1,1]"
TE-405.jpg,UNIVERSAL_HUMAN,depression,"[1,0,0,0,0,0,0]","[0,0,1,0,0,0,0]"
TE-406.jpg,UNIVERSAL_HUMAN,depression,"[1,0,0,0,0,0,0]","[0,0,0,0,0,0,1]"
TE-407.jpg,UNIVERSAL_HUMAN,depression,"[1,0,0,0,0,0,0]","[0,0,0,0,0,1,0]"
TE-408.jpg,UNIVERSAL_HUMAN,depression,"[1,0,0,0,0,0,0]","[1,0,0,0,0,0,0]"
TE-409.jpg,UNIVERSAL_HUMAN,"depression, low self-esteem, concentration issues","[1,0,0,0,1,1,0]","[1,0,0,0,0,0,0]"
TE-41.jpg,UNIVERSAL_HUMAN,"self-harm, eating problems","[0,0,1,1,0,0,0]","[0,0,1,0,0,0,0]"
TE-410.jpg,UNIVERSAL_HUMAN,depression,"[1,0,0,0,0,0,0]","[0,0,0,0,0,0,1]"
TE-412.jpg,UNIVERSAL_HUMAN,"depression, loss of interest, self-harm, eating problems, low self-esteem, concentration issues, sleep problems","[1,1,1,1,1,1,1]",
TE-414.jpg,UNIVERSAL_HUMAN,"depression, loss of interest","[1,1,0,0,0,0,0]",
TE-415.jpg,UNIVERSAL_HUMAN,depression,"[1,0,0,0,0,0,0]","[0,0,0,1,0,0,0]"
TE-416.jpg,UNIVERSAL_HUMAN,"depression, loss of interest, self-harm, eating problems, low self-esteem, concentration issues, sleep problems","[1,1,1,1,1,1,1]","[1,0,0,1,0,0,0]"
TE-417.jpg,UNIVERSAL_HUMAN,"depression, loss of interest, self-harm, eating problems, low self-esteem, concentration issues, sleep problems","[1,1,1,1,1,1,1]","[0,0,0,1,0,1,0]"
TE-419.jpg,UNIVERSAL_HUMAN,depression,"[1,0,0,0,0,0,0]","[1,0,0,0,0,0,1]"
TE-42.jpg,UNIVERSAL_HUMAN,"depression, loss of interest, self-harm, eating problems, low self-esteem, concentration issues, sleep problems","[1,1,1,1,1,1,1]","[1,0,1,0,0,0,0]"
TE-420.jpg,UNIVERSAL_HUMAN,depression,"[1,0,0,0,0,0,0]","[0,0,0,0,0,0,0]"
TE-421.jpg,UNIVERSAL_HUMAN,"depression, loss of interest, self-harm, eating problems, low self-esteem, concentration issues, sleep problems","[1,1,1,1,1,1,1]","[0,0,0,0,0,0,1]"
TE-422.jpg,UNIVERSAL_HUMAN,"depression, loss of interest, self-harm, eating problems, low self-esteem, concentration issues, sleep problems","[1,1,1,1,1,1,1]","[0,0,1,1,1,0,0]"
TE-423.jpg,UNIVERSAL_HUMAN,Depression,"[1,0,0,0,0,0,0]","[0,0,0,0,0,0,0]"
TE-424.jpg,UNIVERSAL_HUMAN,"depression, loss of interest, self-harm, eating problems, low self-esteem, concentration issues, sleep problems","[1,1,1,1,1,1,1]","[0,0,0,1,0,0,0]"
TE-426.jpg,UNIVERSAL_HUMAN,"depression, loss of interest, self-harm, eating problems, low self-esteem, concentration issues, sleep problems","[1,1,1,1,1,1,1]","[0,0,0,0,0,0,1]"
TE-427.jpg,UNIVERSAL_HUMAN,"depression, loss of interest, self-harm, eating problems, low self-esteem, concentration issues, sleep problems","[1,1,1,1,1,1,1]","[0,0,0,0,0,0,1]"
TE-428.jpg,UNIVERSAL_HUMAN,"depression, loss of interest, self-harm, eating problems, low self-esteem, concentration issues, sleep problems","[1,1,1,1,1,1,1]","[0,0,0,1,0,0,0]"
TE-429.jpg,UNIVERSAL_HUMAN,"depression, loss of interest, self-harm, eating problems, low self-esteem, concentration issues, sleep problems","[1,1,1,1,1,1,1]","[0,0,0,1,0,0,0]"
TE-43.jpg,UNIVERSAL_HUMAN,"depression, self-harm, eating problems, low self-esteem, loss of interest, concentration issues, sleep problems","[1,1,1,1,1,1,1]","[1,0,0,0,0,0,0]"
TE-430.jpg,UNIVERSAL_HUMAN,"depression, loss of interest, self-harm, eating problems, low self-esteem, concentration issues, sleep problems","[1,1,1,1,1,1,1]","[0,0,0,0,0,0,1]"
TE-432.jpg,UNIVERSAL_HUMAN,depression,"[1,0,0,0,0,0,0]","[1,0,0,0,0,0,0]"
TE-433.jpg,UNIVERSAL_HUMAN,depression,"[1,0,0,0,0,0,0]","[1,1,0,0,0,0,0]"
TE-435.jpg,UNIVERSAL_HUMAN,depression,"[1,0,0,0,0,0,0]",
TE-436.jpg,UNIVERSAL_HUMAN,"depression, self-harm, eating problems, low self-esteem, loss of interest, concentration issues, sleep problems","[1,1,1,1,1,1,1]","[0,0,0,0,0,1,0]"
TE-437.jpg,UNIVERSAL_HUMAN,self-harm,"[0,0,1,0,0,0,0]","[1,0,0,0,0,0,0]"
TE-438.jpg,UNIVERSAL_HUMAN,Self-harm,"[0,0,1,0,0,0,0]",
TE-439.jpg,UNIVERSAL_HUMAN,Depression,"[1,0,0,0,0,0,0]","[0,1,0,0,0,0,0]"
TE-440.jpg,UNIVERSAL_HUMAN,depression,"[1,0,0,0,0,0,0]","[0,1,0,0,0,0,0]"
TE-441.jpg,UNIVERSAL_HUMAN,"depression, loss of interest, self-harm, eating problems, low self-esteem, concentration issues, sleep problems","[1,1,1,1,1,1,1]","[0,1,0,0,0,1,0]"
TE-443.jpg,UNIVERSAL_HUMAN,"depression, loss of interest, self-harm, eating problems, low self-esteem, concentration issues, sleep problems","[1,1,1,1,1,1,1]","[0,0,0,0,0,0,1]"
TE-444.jpg,UNIVERSAL_HUMAN,depression,"[1,0,0,0,0,0,0]","[0,0,0,0,0,0,1]"
TE-445.jpg,UNIVERSAL_HUMAN,depression,"[1,0,0,0,0,0,0]","[0,0,0,1,0,0,0]"
TE-447.jpg,UNIVERSAL_HUMAN,depression,"[1,0,0,0,0,0,0]","[1,0,0,0,0,0,0]"
TE-448.jpg,UNIVERSAL_HUMAN,"depression, loss of interest, self-harm, eating problems, low self-esteem, concentration issues, sleep problems","[1,1,1,1,1,1,1]","[1,0,0,0,0,0,0]"
TE-449.jpg,UNIVERSAL_HUMAN,depression,"[1,0,0,0,0,0,0]","[1,0,1,0,0,0,0]"
TE-45.jpg,UNIVERSAL_HUMAN,"depression, loss of interest, self-harm, eating problems, low self-esteem, concentration issues, sleep problems","[1,1,1,1,1,1,1]","[1,0,0,0,0,0,0]"
TE-450.jpg,UNIVERSAL_HUMAN,depression,"[1,0,0,0,0,0,0]",
TE-451.jpg,UNIVERSAL_HUMAN,Self harm,"[0,0,0,0,0,0,0]","[0,0,0,0,0,1,0]"
TE-452.jpg,UNIVERSAL_HUMAN,"depression, loss of interest, self-harm, eating problems, low self-esteem, concentration issues, sleep problems","[1,1,1,1,1,1,1]","[0,0,0,0,0,1,0]"
TE-453.jpg,UNIVERSAL_HUMAN,depression,"[1,0,0,0,0,0,0]",
TE-454.jpg,UNIVERSAL_HUMAN,depression,"[1,0,0,0,0,0,0]","[0,0,0,0,0,1,0]"
TE-455.jpg,UNIVERSAL_HUMAN,"depression, low self-esteem, concentration issues","[1,0,0,0,1,1,0]",
TE-456.jpg,UNIVERSAL_HUMAN,"depression, loss of interest","[1,1,0,0,0,0,0]","[0,0,0,1,1,1,0]"
TE-458.jpg,UNIVERSAL_HUMAN,depression,"[1,0,0,0,0,0,0]",
TE-459.jpg,UNIVERSAL_HUMAN,Depression,"[1,0,0,0,0,0,0]","[1,0,0,0,1,0,0]"
TE-46.jpg,UNIVERSAL_HUMAN,depression,"[1,0,0,0,0,0,0]","[1,0,0,0,0,0,0]"
TE-460.jpg,UNIVERSAL_HUMAN,depression,"[1,0,0,0,0,0,0]","[1,0,0,0,0,0,0]"
TE-462.jpg,UNIVERSAL_HUMAN,"depression, loss of interest, self-harm, eating problems, low self-esteem, concentration issues, sleep problems","[1,1,1,1,1,1,1]","[1,1,0,0,0,0,0]"
TE-463.jpg,UNIVERSAL_HUMAN,"depression, loss of interest","[1,1,0,0,0,0,0]","[1,0,0,0,0,0,0]"
TE-464.jpg,UNIVERSAL_HUMAN,depression,"[1,0,0,0,0,0,0]","[0,1,0,0,0,0,0]"
TE-465.jpg,UNIVERSAL_HUMAN,depression,"[1,0,0,0,0,0,0]",
TE-466.jpg,UNIVERSAL_HUMAN,Yes,"[0,0,0,0,0,0,0]","[1,0,0,0,0,0,1]"
TE-468.jpg,UNIVERSAL_HUMAN,"depression, loss of interest, self-harm, eating problems, low self-esteem, concentration issues, sleep problems","[1,1,1,1,1,1,1]","[0,0,0,0,0,0,1]"
TE-469.jpg,UNIVERSAL_HUMAN,"depression, loss of interest","[1,1,0,0,0,0,0]","[0,0,0,0,0,1,0]"
TE-472.jpg,UNIVERSAL_HUMAN,Depression,"[1,0,0,0,0,0,0]",
TE-473.jpg,UNIVERSAL_HUMAN,"depression, loss of interest, self-harm, eating problems, low self-esteem, concentration issues, sleep problems","[1,1,1,1,1,1,1]","[1,0,0,0,0,0,0]"
TE-474.jpg,UNIVERSAL_HUMAN,"depression, loss of interest, self-harm, eating problems, low self-esteem, concentration issues, sleep problems","[1,1,1,1,1,1,1]","[1,0,0,0,0,0,1]"
TE-475.jpg,UNIVERSAL_HUMAN,"depression, loss of interest, self-harm, eating problems, low self-esteem, concentration issues, sleep problems","[1,1,1,1,1,1,1]","[0,0,0,0,0,0,1]"
TE-476.jpg,UNIVERSAL_HUMAN,depression,"[1,0,0,0,0,0,0]",
TE-477.jpg,UNIVERSAL_HUMAN,depression,"[1,0,0,0,0,0,0]","[0,0,0,1,0,0,0]"
TE-478.jpg,UNIVERSAL_HUMAN,Depression,"[1,0,0,0,0,0,0]",
TE-48.jpg,UNIVERSAL_HUMAN,"depression, low self-esteem, concentration issues","[1,0,0,0,1,1,0]","[1,0,1,0,1,0,0]"
TE-480.jpg,UNIVERSAL_HUMAN,depression,"[1,0,0,0,0,0,0]",
TE-481.jpg,UNIVERSAL_HUMAN,depression,"[1,0,0,0,0,0,0]","[0,0,0,0,0,1,0]"
TE-482.jpg,UNIVERSAL_HUMAN,depression,"[1,0,0,0,0,0,0]","[0,1,0,0,0,0,0]"
TE-483.jpg,UNIVERSAL_HUMAN,"depression, loss of interest, self-harm, eating problems, low self-esteem, concentration issues, sleep problems","[1,1,1,1,1,1,1]","[0,0,0,1,0,0,0]"
TE-485.jpg,UNIVERSAL_HUMAN,"self-harm, low self-esteem, concentration issues","[0,0,1,0,1,1,0]","[0,0,0,0,0,1,0]"
TE-486.jpg,UNIVERSAL_HUMAN,Depression,"[1,0,0,0,0,0,0]","[0,1,0,0,0,0,0]"
TE-487.jpg,UNIVERSAL_HUMAN,"stress, anxiety, feel","[0,0,0,0,0,0,0]",
TE-488.jpg,UNIVERSAL_HUMAN,depression,"[1,0,0,0,0,0,0]","[0,0,0,0,0,0,1]"
TE-489.jpg,UNIVERSAL_HUMAN,eating problems,"[0,0,0,1,0,0,0]","[0,1,0,0,0,0,0]"
TE-49.jpg,UNIVERSAL_HUMAN,"depression, loss of interest, self-harm, eating problems, low self-esteem, concentration issues, sleep problems","[1,1,1,1,1,1,1]","[1,0,0,0,0,0,0]"
TE-490.jpg,UNIVERSAL_HUMAN,Depression,"[1,0,0,0,0,0,0]","[0,0,0,0,1,0,0]"
TE-491.jpg,UNIVERSAL_HUMAN,"depression, loss of interest, self-harm, eating problems, low self-esteem, concentration issues, sleep problems","[1,1,1,1,1,1,1]","[1,0,1,0,0,0,0]"
TE-493.jpg,UNIVERSAL_HUMAN,depression,"[1,0,0,0,0,0,0]","[1,0,0,0,1,0,1]"
TE-494.jpg,UNIVERSAL_HUMAN,depression,"[1,0,0,0,0,0,0]","[0,0,0,0,1,0,0]"
TE-495.jpg,UNIVERSAL_HUMAN,"depression, loss of interest, self-harm, eating problems, low self-esteem, concentration issues, sleep problems","[1,1,1,1,1,1,1]","[0,0,0,0,0,1,0]"
TE-496.jpg,UNIVERSAL_HUMAN,"Anxiety, Depression, Loss of interest, Self-harm, Eating problems, Low self-esteem, Concentration issues, Sleep problems","[1,1,1,1,1,1,1]","[0,0,0,0,1,0,1]"
TE-498.jpg,UNIVERSAL_HUMAN,Depression,"[1,0,0,0,0,0,0]","[1,1,0,0,1,0,0]"
TE-499.jpg,UNIVERSAL_HUMAN,"depression, loss of interest, self-harm, eating problems, low self-esteem, concentration issues, sleep problems","[1,1,1,1,1,1,1]","[1,0,0,0,0,0,0]"
TE-5.jpg,UNIVERSAL_HUMAN,depression,"[1,0,0,0,0,0,0]",
TE-500.jpg,UNIVERSAL_HUMAN,"depression, loss of interest, self-harm, eating problems, low self-esteem, concentration issues, sleep problems","[1,1,1,1,1,1,1]","[1,0,0,0,1,0,0]"
TE-501.jpg,UNIVERSAL_HUMAN,depression,"[1,0,0,0,0,0,0]","[1,0,1,0,0,0,0]"
TE-502.jpg,UNIVERSAL_HUMAN,depression,"[1,0,0,0,0,0,0]","[0,0,0,1,0,0,0]"
TE-503.jpg,UNIVERSAL_HUMAN,"depression, loss of interest, self-harm, eating problems, low self-esteem, concentration issues, sleep problems","[1,1,1,1,1,1,1]","[1,0,0,1,0,0,0]"
TE-504.jpg,UNIVERSAL_HUMAN,"Depression, loss of interest, self-harm, eating problems, low self-esteem, concentration issues, sleep problems","[1,1,1,1,1,1,1]",
TE-507.jpg,UNIVERSAL_HUMAN,"depression, loss of interest, self-harm, eating problems, low self-esteem, concentration issues, sleep problems","[1,1,1,1,1,1,1]","[0,0,0,1,1,0,0]"
TE-508.jpg,UNIVERSAL_HUMAN,"depression, loss of interest, self-harm, eating problems, low self-esteem, concentration issues, sleep problems","[1,1,1,1,1,1,1]","[1,0,0,0,0,1,0]"
TE-51.jpg,UNIVERSAL_HUMAN,"depression, loss of interest, self-harm, eating problems, low self-esteem, concentration issues, sleep problems","[1,1,1,1,1,1,1]","[1,0,0,0,0,0,0]"
TE-510.jpg,UNIVERSAL_HUMAN,"depression, low self-esteem, concentration issues, sleep problems, self-harm","[1,0,1,0,1,1,1]","[1,1,0,0,0,0,0]"
TE-511.jpg,UNIVERSAL_HUMAN,"depression, low self-esteem","[1,0,0,0,1,0,0]","[1,0,0,0,0,0,1]"
TE-513.jpg,UNIVERSAL_HUMAN,"Depression, loss of interest, self-harm, eating problems, low self-esteem, concentration issues, sleep problems","[1,1,1,1,1,1,1]",
TE-514.jpg,UNIVERSAL_HUMAN,"depression, loss of interest, self-harm, eating problems, low self-esteem, concentration issues, sleep problems","[1,1,1,1,1,1,1]","[1,0,0,1,0,1,1]"
TE-515.jpg,UNIVERSAL_HUMAN,depression,"[1,0,0,0,0,0,0]",
TE-516.jpg,UNIVERSAL_HUMAN,depression,"[1,0,0,0,0,0,0]","[0,1,0,0,0,0,0]"
TE-517.jpg,UNIVERSAL_HUMAN,"depression, loss of interest, self-harm, eating problems, low self-esteem, concentration issues, sleep problems","[1,1,1,1,1,1,1]","[1,0,0,0,0,0,0]"
TE-518.jpg,UNIVERSAL_HUMAN,Depression,"[1,0,0,0,0,0,0]","[0,0,0,0,0,0,1]"
TE-52.jpg,UNIVERSAL_HUMAN,depression,"[1,0,0,0,0,0,0]","[1,0,0,0,0,0,0]"
TE-520.jpg,UNIVERSAL_HUMAN,"Depression, loss of interest, self-harm, eating problems, low self-esteem, concentration issues, sleep problems","[1,1,1,1,1,1,1]","[0,0,0,0,0,1,1]"
TE-522.jpg,UNIVERSAL_HUMAN,depression,"[1,0,0,0,0,0,0]","[0,1,0,0,0,0,0]"
TE-523.jpg,UNIVERSAL_HUMAN,depression,"[1,0,0,0,0,0,0]",
TE-524.jpg,UNIVERSAL_HUMAN,self harm,"[0,0,0,0,0,0,0]","[0,0,0,0,0,0,1]"
TE-527.jpg,UNIVERSAL_HUMAN,depression,"[1,0,0,0,0,0,0]","[0,0,0,1,0,0,0]"
TE-528.jpg,UNIVERSAL_HUMAN,"depression, loss of interest, self-harm, eating problems, low self-esteem, concentration issues, sleep problems","[1,1,1,1,1,1,1]","[0,0,0,1,0,0,0]"
TE-529.jpg,UNIVERSAL_HUMAN,"depression, loss of interest, self-harm, eating problems, low self-esteem, concentration issues, sleep problems","[1,1,1,1,1,1,1]","[1,1,0,0,0,0,0]"
TE-53.jpg,UNIVERSAL_HUMAN,"depression, low self-esteem, loss of interest, self-harm, eating problems, sleep problems","[1,1,1,1,1,0,1]","[1,0,0,0,0,0,0]"
TE-530.jpg,UNIVERSAL_HUMAN,depression,"[1,0,0,0,0,0,0]","[0,0,0,0,0,0,1]"
TE-531.jpg,UNIVERSAL_HUMAN,"depression, loss of interest, self-harm, eating problems, low self-esteem, concentration issues, sleep problems","[1,1,1,1,1,1,1]","[0,0,0,1,0,0,0]"
TE-532.jpg,UNIVERSAL_HUMAN,loss of interest,"[0,1,0,0,0,0,0]",
TE-534.jpg,UNIVERSAL_HUMAN,Depression,"[1,0,0,0,0,0,0]","[0,1,0,0,0,0,0]"
TE-535.jpg,UNIVERSAL_HUMAN,depression,"[1,0,0,0,0,0,0]","[0,0,0,0,0,0,1]"
TE-536.jpg,UNIVERSAL_HUMAN,depression,"[1,0,0,0,0,0,0]",
TE-537.jpg,UNIVERSAL_HUMAN,depression,"[1,0,0,0,0,0,0]","[1,0,0,0,1,0,0]"
TE-538.jpg,UNIVERSAL_HUMAN,depression,"[1,0,0,0,0,0,0]","[1,0,0,0,0,0,1]"
TE-539.jpg,UNIVERSAL_HUMAN,"depression, loss of interest, self-harm, eating problems, low self-esteem, concentration issues, sleep problems","[1,1,1,1,1,1,1]","[1,0,0,0,1,0,0]"
TE-54.jpg,UNIVERSAL_HUMAN,Depression,"[1,0,0,0,0,0,0]",
TE-541.jpg,UNIVERSAL_HUMAN,Yes,"[0,0,0,0,0,0,0]","[0,0,0,0,1,0,0]"
TE-542.jpg,UNIVERSAL_HUMAN,"depression, loss of interest, self-harm, eating problems, low self-esteem, concentration issues, sleep problems","[1,1,1,1,1,1,1]","[0,1,0,0,0,0,0]"
TE-543.jpg,UNIVERSAL_HUMAN,depression,"[1,0,0,0,0,0,0]",
TE-544.jpg,UNIVERSAL_HUMAN,depression,"[1,0,0,0,0,0,0]",
TE-545.jpg,UNIVERSAL_HUMAN,depression,"[1,0,0,0,0,0,0]","[0,0,0,1,0,0,0]"
TE-547.jpg,UNIVERSAL_HUMAN,depression,"[1,0,0,0,0,0,0]","[1,0,0,0,0,0,0]"
TE-548.jpg,UNIVERSAL_HUMAN,"depression, loss of interest, self-harm, eating problems, low self-esteem, concentration issues, sleep problems","[1,1,1,1,1,1,1]","[1,0,0,0,1,0,1]"
TE-55.jpg,UNIVERSAL_HUMAN,depression,"[1,0,0,0,0,0,0]","[0,0,0,1,1,0,0]"
TE-551.jpg,UNIVERSAL_HUMAN,"self-harm, depression, loss of interest, eating problems, low self-esteem, concentration issues, sleep problems","[1,1,1,1,1,1,1]",
TE-552.jpg,UNIVERSAL_HUMAN,Yes,"[0,0,0,0,0,0,0]","[0,0,0,0,0,1,0]"
TE-553.jpg,UNIVERSAL_HUMAN,"depression, loss of interest, self-harm, eating problems, low self-esteem, concentration issues, sleep problems","[1,1,1,1,1,1,1]","[0,1,0,0,0,0,0]"
TE-554.jpg,UNIVERSAL_HUMAN,"Depression, loss of interest, self-harm, eating problems, low self-esteem, concentration issues, sleep problems","[1,1,1,1,1,1,1]","[0,0,0,0,0,0,1]"
TE-555.jpg,UNIVERSAL_HUMAN,depression,"[1,0,0,0,0,0,0]","[0,0,0,1,1,0,0]"
TE-556.jpg,UNIVERSAL_HUMAN,depression,"[1,0,0,0,0,0,0]","[0,0,0,0,0,1,0]"
TE-557.jpg,UNIVERSAL_HUMAN,"depression, loss of interest, self-harm, eating problems, low self-esteem, concentration issues, sleep problems","[1,1,1,1,1,1,1]","[1,0,0,0,0,0,0]"
TE-558.jpg,UNIVERSAL_HUMAN,depression,"[1,0,0,0,0,0,0]","[1,1,0,0,0,0,0]"
TE-559.jpg,UNIVERSAL_HUMAN,"depression, loss of interest, self-harm, eating problems, low self-esteem, concentration issues, sleep problems","[1,1,1,1,1,1,1]","[0,1,0,0,0,0,0]"
TE-56.jpg,UNIVERSAL_HUMAN,depression,"[1,0,0,0,0,0,0]","[1,0,0,0,0,0,0]"
TE-560.jpg,UNIVERSAL_HUMAN,"depression, loss of interest, self-harm, eating problems, low self-esteem, concentration issues, sleep problems","[1,1,1,1,1,1,1]","[0,1,0,0,0,0,0]"
TE-561.jpg,UNIVERSAL_HUMAN,"depression, loss of interest, self-harm, eating problems, low self-esteem, concentration issues, sleep problems","[1,1,1,1,1,1,1]","[1,0,0,0,0,0,0]"
TE-562.jpg,UNIVERSAL_HUMAN,depression,"[1,0,0,0,0,0,0]",
TE-563.jpg,UNIVERSAL_HUMAN,"depression, loss of interest, self-harm, eating problems, low self-esteem, concentration issues, sleep problems","[1,1,1,1,1,1,1]","[1,1,0,0,0,0,0]"
TE-564.jpg,UNIVERSAL_HUMAN,Yes,"[0,0,0,0,0,0,0]",
TE-565.jpg,UNIVERSAL_HUMAN,"depression, loss of interest, self-harm, eating problems, low self-esteem, concentration issues, sleep problems","[1,1,1,1,1,1,1]","[0,0,0,0,0,0,1]"
TE-566.jpg,UNIVERSAL_HUMAN,"depression, loss of interest, self-harm, eating problems, low self-esteem, concentration issues, sleep problems","[1,1,1,1,1,1,1]",
TE-567.jpg,UNIVERSAL_HUMAN,Anxiety,"[0,0,0,0,0,0,0]","[1,0,0,0,0,0,1]"
TE-568.jpg,UNIVERSAL_HUMAN,"depression, loss of interest, self-harm, eating problems, low self-esteem, concentration issues, sleep problems","[1,1,1,1,1,1,1]",
TE-569.jpg,UNIVERSAL_HUMAN,depression,"[1,0,0,0,0,0,0]","[0,0,0,1,0,0,0]"
TE-57.jpg,UNIVERSAL_HUMAN,"depression, loss of interest, self-harm, eating problems, low self-esteem, concentration issues, sleep problems","[1,1,1,1,1,1,1]","[1,0,0,0,0,0,0]"
TE-570.jpg,UNIVERSAL_HUMAN,loss of interest,"[0,1,0,0,0,0,0]","[1,0,0,0,0,0,0]"
TE-571.jpg,UNIVERSAL_HUMAN,"depression, loss of interest, self-harm, eating problems, low self-esteem, concentration issues, sleep problems","[1,1,1,1,1,1,1]","[1,0,1,1,1,0,0]"
TE-572.jpg,UNIVERSAL_HUMAN,"depression, loss of interest, self-harm, eating problems, low self-esteem, concentration issues, sleep problems","[1,1,1,1,1,1,1]","[1,0,0,0,0,0,1]"
TE-573.jpg,UNIVERSAL_HUMAN,"depression, loss of interest, self-harm, eating problems, low self-esteem, concentration issues, sleep problems","[1,1,1,1,1,1,1]","[0,0,0,1,0,0,0]"
TE-574.jpg,UNIVERSAL_HUMAN,depression,"[1,0,0,0,0,0,0]","[0,0,0,0,0,1,0]"
TE-575.jpg,UNIVERSAL_HUMAN,"Self harm, low self esteem, concentration issues, sleep problems, depression, loss of interest","[1,1,0,0,0,1,1]",
TE-576.jpg,UNIVERSAL_HUMAN,depression,"[1,0,0,0,0,0,0]",
TE-577.jpg,UNIVERSAL_HUMAN,"depression, loss of interest","[1,1,0,0,0,0,0]","[1,1,1,0,0,0,0]"
TE-578.jpg,UNIVERSAL_HUMAN,"depression, self-harm","[1,0,1,0,0,0,0]","[0,0,0,1,0,0,0]"
TE-579.jpg,UNIVERSAL_HUMAN,"depression, low self-esteem","[1,0,0,0,1,0,0]","[1,1,0,0,0,0,0]"
TE-58.jpg,UNIVERSAL_HUMAN,depression,"[1,0,0,0,0,0,0]","[1,0,0,0,0,0,0]"
TE-580.jpg,UNIVERSAL_HUMAN,"depression, loss of interest, self-harm, eating problems, low self-esteem, concentration issues, sleep problems","[1,1,1,1,1,1,1]","[0,0,0,1,0,0,0]"
TE-581.jpg,UNIVERSAL_HUMAN,depression,"[1,0,0,0,0,0,0]","[0,0,0,0,0,1,0]"
TE-582.jpg,UNIVERSAL_HUMAN,"depression, loss of interest, self-harm, eating problems","[1,1,1,1,0,0,0]",
TE-584.jpg,UNIVERSAL_HUMAN,"depression, loss of interest, self-harm, eating problems, low self-esteem, concentration issues, sleep problems","[1,1,1,1,1,1,1]","[0,0,0,0,0,0,1]"
TE-585.jpg,UNIVERSAL_HUMAN,depression,"[1,0,0,0,0,0,0]","[1,0,0,0,0,1,0]"
TE-587.jpg,UNIVERSAL_HUMAN,depression,"[1,0,0,0,0,0,0]","[1,1,0,0,0,0,0]"
TE-59.jpg,UNIVERSAL_HUMAN,"depression, loss of interest, self-harm, eating problems, low self-esteem, concentration issues, sleep problems","[1,1,1,1,1,1,1]",
TE-590.jpg,UNIVERSAL_HUMAN,"depression, loss of interest, self-harm, eating problems, low self-esteem, concentration issues, sleep problems","[1,1,1,1,1,1,1]",
TE-592.jpg,UNIVERSAL_HUMAN,"depression, loss of interest, self-harm, eating problems, low self-esteem, concentration issues, sleep problems","[1,1,1,1,1,1,1]","[0,1,0,0,0,0,0]"
TE-593.jpg,UNIVERSAL_HUMAN,"depression, loss of interest, self-harm, eating problems, low self-esteem, concentration issues, sleep problems","[1,1,1,1,1,1,1]","[0,0,0,1,0,0,0]"
TE-594.jpg,UNIVERSAL_HUMAN,Depression,"[1,0,0,0,0,0,0]",
TE-596.jpg,UNIVERSAL_HUMAN,loss of interest,"[0,1,0,0,0,0,0]","[0,0,0,0,0,0,1]"
TE-597.jpg,UNIVERSAL_HUMAN,depression,"[1,0,0,0,0,0,0]",
TE-598.jpg,UNIVERSAL_HUMAN,depression,"[1,0,0,0,0,0,0]",
TE-599.jpg,UNIVERSAL_HUMAN,"depression, loss of interest","[1,1,0,0,0,0,0]",
TE-6.jpg,UNIVERSAL_HUMAN,self-harm,"[0,0,1,0,0,0,0]","[0,0,0,0,0,0,1]"
TE-60.jpg,UNIVERSAL_HUMAN,depression,"[1,0,0,0,0,0,0]","[0,0,1,0,0,0,0]"
TE-600.jpg,UNIVERSAL_HUMAN,"depression, loss of interest, self-harm, eating problems, low self-esteem, concentration issues, sleep problems","[1,1,1,1,1,1,1]","[1,0,0,0,0,0,1]"
TE-601.jpg,UNIVERSAL_HUMAN,"depression, loss of interest, self-harm, eating problems","[1,1,1,1,0,0,0]","[0,0,0,1,1,0,0]"
TE-603.jpg,UNIVERSAL_HUMAN,"depression, self-harm, eating problems","[1,0,1,1,0,0,0]",
TE-604.jpg,UNIVERSAL_HUMAN,"depression, loss of interest","[1,1,0,0,0,0,0]","[1,0,0,0,0,0,1]"
TE-605.jpg,UNIVERSAL_HUMAN,depression,"[1,0,0,0,0,0,0]","[1,1,0,0,0,0,0]"
TE-606.jpg,UNIVERSAL_HUMAN,depression,"[1,0,0,0,0,0,0]","[0,0,0,1,0,0,0]"
TE-607.jpg,UNIVERSAL_HUMAN,depression,"[1,0,0,0,0,0,0]","[1,0,0,1,1,0,0]"
TE-608.jpg,UNIVERSAL_HUMAN,"depression, loss of interest, self-harm, eating problems, low self-esteem, concentration issues, sleep problems","[1,1,1,1,1,1,1]","[0,0,0,0,0,0,1]"
TE-609.jpg,UNIVERSAL_HUMAN,depression,"[1,0,0,0,0,0,0]","[0,0,0,0,1,1,0]"
TE-61.jpg,UNIVERSAL_HUMAN,depression,"[1,0,0,0,0,0,0]","[0,0,0,0,1,0,0]"
TE-610.jpg,UNIVERSAL_HUMAN,"depression, loss of interest, self-harm, eating problems, low self-esteem, concentration issues, sleep problems","[1,1,1,1,1,1,1]",
TE-612.jpg,UNIVERSAL_HUMAN,depression,"[1,0,0,0,0,0,0]","[0,0,0,1,1,0,0]"
TE-613.jpg,UNIVERSAL_HUMAN,"depression, loss of interest, self-harm, eating problems, low self-esteem, concentration issues, sleep problems","[1,1,1,1,1,1,1]","[1,1,0,0,0,0,0]"
TE-614.jpg,UNIVERSAL_HUMAN,"depression, low self-esteem, concentration issues","[1,0,0,0,1,1,0]","[0,1,0,0,0,0,1]"
TE-616.jpg,UNIVERSAL_HUMAN,Depression,"[1,0,0,0,0,0,0]","[1,0,1,0,0,0,1]"
TE-617.jpg,UNIVERSAL_HUMAN,"depression, loss of interest, self-harm, eating problems, low self-esteem, concentration issues, sleep problems","[1,1,1,1,1,1,1]","[0,0,0,0,0,1,0]"
TE-618.jpg,UNIVERSAL_HUMAN,depression,"[1,0,0,0,0,0,0]","[0,0,0,0,0,0,1]"
TE-62.jpg,UNIVERSAL_HUMAN,"Depression, loss of interest, self-harm, eating problems, low self-esteem, concentration issues, sleep problems","[1,1,1,1,1,1,1]",
TE-620.jpg,UNIVERSAL_HUMAN,"eating problems, low self-esteem, loss of interest, depression, concentration issues, self-harm, sleep problems","[1,1,1,1,1,1,1]","[0,0,0,1,0,0,0]"
TE-621.jpg,UNIVERSAL_HUMAN,depression,"[1,0,0,0,0,0,0]","[1,1,0,0,0,0,0]"
TE-622.jpg,UNIVERSAL_HUMAN,"depression, loss of interest, self-harm, eating problems, low self-esteem, concentration issues, sleep problems","[1,1,1,1,1,1,1]","[0,0,0,0,0,1,0]"
TE-623.jpg,UNIVERSAL_HUMAN,depression,"[1,0,0,0,0,0,0]","[0,0,0,1,0,0,0]"
TE-624.jpg,UNIVERSAL_HUMAN,"depression, loss of interest, self-harm, eating problems, low self-esteem, concentration issues, sleep problems","[1,1,1,1,1,1,1]","[0,0,0,0,0,1,0]"
TE-625.jpg,UNIVERSAL_HUMAN,"depression, loss of interest, self-harm, eating problems, low self-esteem, concentration issues, sleep problems","[1,1,1,1,1,1,1]","[0,0,0,1,0,0,0]"
TE-626.jpg,UNIVERSAL_HUMAN,Depression,"[1,0,0,0,0,0,0]","[0,0,0,1,0,0,0]"
TE-627.jpg,UNIVERSAL_HUMAN,depression,"[1,0,0,0,0,0,0]","[1,1,0,0,0,0,0]"
TE-628.jpg,UNIVERSAL_HUMAN,"depression, self-harm","[1,0,1,0,0,0,0]","[0,0,0,1,0,0,0]"
TE-63.jpg,UNIVERSAL_HUMAN,depression,"[1,0,0,0,0,0,0]","[0,0,0,0,0,1,0]"
TE-630.jpg,UNIVERSAL_HUMAN,"depression, loss of interest, self-harm, eating problems, low self-esteem, concentration issues, sleep problems","[1,1,1,1,1,1,1]","[0,0,0,1,0,0,0]"
TE-631.jpg,UNIVERSAL_HUMAN,"depression, loss of interest, self-harm, eating problems, low self-esteem, concentration issues, sleep problems","[1,1,1,1,1,1,1]","[0,0,0,1,0,0,0]"
TE-633.jpg,UNIVERSAL_HUMAN,"depression, loss of interest, self-harm, eating problems, low self-esteem, concentration issues, sleep problems","[1,1,1,1,1,1,1]",
TE-634.jpg,UNIVERSAL_HUMAN,depression,"[1,0,0,0,0,0,0]","[0,0,0,0,0,1,0]"
TE-635.jpg,UNIVERSAL_HUMAN,"depression, loss of interest, self-harm, eating problems, low self-esteem, concentration issues, sleep problems","[1,1,1,1,1,1,1]","[0,0,0,0,0,1,0]"
TE-636.jpg,UNIVERSAL_HUMAN,eating problems,"[0,0,0,1,0,0,0]","[1,1,0,0,0,0,0]"
TE-637.jpg,UNIVERSAL_HUMAN,"depression, loss of interest, self-harm, eating problems, low self-esteem, concentration issues, sleep problems","[1,1,1,1,1,1,1]","[0,0,0,0,0,1,0]"
TE-638.jpg,UNIVERSAL_HUMAN,Depression,"[1,0,0,0,0,0,0]",
TE-639.jpg,UNIVERSAL_HUMAN,depression,"[1,0,0,0,0,0,0]","[0,0,0,0,1,0,1]"
TE-64.jpg,UNIVERSAL_HUMAN,"depression, low self-esteem, concentration issues, eating problems, sleep problems, loss of interest","[1,1,0,1,1,1,1]","[1,0,0,0,0,0,0]"
TE-640.jpg,UNIVERSAL_HUMAN,"depression, loss of interest, self-harm, eating problems, low self-esteem, concentration issues, sleep problems","[1,1,1,1,1,1,1]","[0,1,0,0,0,0,0]"
TE-641.jpg,UNIVERSAL_HUMAN,Depression,"[1,0,0,0,0,0,0]",
TE-642.jpg,UNIVERSAL_HUMAN,depression,"[1,0,0,0,0,0,0]",
TE-643.jpg,UNIVERSAL_HUMAN,depression,"[1,0,0,0,0,0,0]",
TE-645.jpg,UNIVERSAL_HUMAN,"depression, loss of interest, self-harm, eating problems, low self-esteem, concentration issues, sleep problems","[1,1,1,1,1,1,1]","[1,1,0,0,0,0,0]"
TE-646.jpg,UNIVERSAL_HUMAN,"depression, loss of interest, self-harm, eating problems, low self-esteem, concentration issues, sleep problems","[1,1,1,1,1,1,1]","[0,0,0,0,0,1,0]"
TE-647.jpg,UNIVERSAL_HUMAN,"depression, loss of interest, self-harm, eating problems, low self-esteem, concentration issues, sleep problems","[1,1,1,1,1,1,1]","[0,0,0,0,0,1,0]"
TE-648.jpg,UNIVERSAL_HUMAN,"depression, loss of interest, self-harm, eating problems, low self-esteem, concentration issues, sleep problems","[1,1,1,1,1,1,1]",
TE-649.jpg,UNIVERSAL_HUMAN,Depression,"[1,0,0,0,0,0,0]","[1,1,0,0,0,0,0]"
TE-65.jpg,UNIVERSAL_HUMAN,depression,"[1,0,0,0,0,0,0]","[0,0,0,0,0,1,0]"
TE-651.jpg,UNIVERSAL_HUMAN,depression,"[1,0,0,0,0,0,0]","[0,0,0,0,0,1,1]"
TE-652.jpg,UNIVERSAL_HUMAN,depression,"[1,0,0,0,0,0,0]",
TE-653.jpg,UNIVERSAL_HUMAN,"depression, loss of interest, self-harm, eating problems, low self-esteem, concentration issues, sleep problems","[1,1,1,1,1,1,1]","[0,0,0,0,0,1,0]"
TE-654.jpg,UNIVERSAL_HUMAN,depression,"[1,0,0,0,0,0,0]",
TE-655.jpg,UNIVERSAL_HUMAN,Anxiety,"[0,0,0,0,0,0,0]","[0,0,0,0,0,1,0]"
TE-656.jpg,UNIVERSAL_HUMAN,"depression, loss of interest, self-harm, eating problems, low self-esteem, concentration issues, sleep problems","[1,1,1,1,1,1,1]","[1,1,0,0,0,1,1]"
TE-657.jpg,UNIVERSAL_HUMAN,depression,"[1,0,0,0,0,0,0]",
TE-658.jpg,UNIVERSAL_HUMAN,depression,"[1,0,0,0,0,0,0]","[0,0,0,0,0,1,0]"
TE-659.jpg,UNIVERSAL_HUMAN,Depression,"[1,0,0,0,0,0,0]","[0,0,0,0,0,1,0]"
TE-66.jpg,UNIVERSAL_HUMAN,"depression, loss of interest, self-harm, eating problems, low self-esteem, concentration issues, sleep problems","[1,1,1,1,1,1,1]",
TE-660.jpg,UNIVERSAL_HUMAN,Yes,"[0,0,0,0,0,0,0]","[0,0,0,0,0,1,0]"
TE-661.jpg,UNIVERSAL_HUMAN,"depression, loss of interest, self-harm, eating problems, low self-esteem, concentration issues, sleep problems","[1,1,1,1,1,1,1]","[0,0,0,0,0,1,0]"
TE-662.jpg,UNIVERSAL_HUMAN,"Depression, loss of interest, self-harm, eating problems, low self-esteem, concentration issues, sleep problems","[1,1,1,1,1,1,1]",
TE-67.jpg,UNIVERSAL_HUMAN,self harm,"[0,0,0,0,0,0,0]","[0,0,1,0,0,0,0]"
TE-68.jpg,UNIVERSAL_HUMAN,"depression, loss of interest, self-harm, eating problems, low self-esteem, concentration issues, sleep problems","[1,1,1,1,1,1,1]",
TE-69.jpg,UNIVERSAL_HUMAN,depression,"[1,0,0,0,0,0,0]","[1,0,0,0,0,0,0]"
TE-7.jpg,UNIVERSAL_HUMAN,Anime,"[0,0,0,0,0,0,0]","[0,0,1,0,0,0,0]"
TE-71.jpg,UNIVERSAL_HUMAN,"depression, loss of interest, self-harm, eating problems, low self-esteem, concentration issues, sleep problems","[1,1,1,1,1,1,1]","[1,0,0,0,0,0,0]"
TE-72.jpg,UNIVERSAL_HUMAN,Depression,"[1,0,0,0,0,0,0]","[0,1,0,0,1,0,0]"
TE-73.jpg,UNIVERSAL_HUMAN,depression,"[1,0,0,0,0,0,0]","[0,1,0,0,0,0,0]"
TE-75.jpg,UNIVERSAL_HUMAN,depression,"[1,0,0,0,0,0,0]","[0,0,0,0,1,0,1]"
TE-76.jpg,UNIVERSAL_HUMAN,"depression, loss of interest, self-harm, eating problems, low self-esteem, concentration issues, sleep problems","[1,1,1,1,1,1,1]",
TE-77.jpg,UNIVERSAL_HUMAN,"depression, loss of interest, self-harm, eating problems, low self-esteem, concentration issues, sleep problems","[1,1,1,1,1,1,1]",
TE-79.jpg,UNIVERSAL_HUMAN,Depression,"[1,0,0,0,0,0,0]","[1,0,0,0,0,0,0]"
TE-80.jpg,UNIVERSAL_HUMAN,self harm,"[0,0,0,0,0,0,0]",
TE-81.jpg,UNIVERSAL_HUMAN,"Depression, loss of interest, self-harm, eating problems, low self-esteem, concentration issues, sleep problems","[1,1,1,1,1,1,1]","[1,0,0,0,0,0,0]"
TE-82.jpg,UNIVERSAL_HUMAN,"depression, loss of interest, self-harm, eating problems, low self-esteem, concentration issues, sleep problems","[1,1,1,1,1,1,1]",
TE-83.jpg,UNIVERSAL_HUMAN,depression,"[1,0,0,0,0,0,0]","[1,1,0,0,0,0,0]"
TE-84.jpg,UNIVERSAL_HUMAN,depression,"[1,0,0,0,0,0,0]","[0,0,0,0,0,0,1]"
TE-85.jpg,UNIVERSAL_HUMAN,"depression, loss of interest, self-harm, eating problems, low self-esteem, concentration issues, sleep problems","[1,1,1,1,1,1,1]","[1,0,0,0,0,0,0]"
TE-86.jpg,UNIVERSAL_HUMAN,Depression,"[1,0,0,0,0,0,0]",
TE-89.jpg,UNIVERSAL_HUMAN,"depression, loss of interest, self-harm, eating problems, low self-esteem, concentration issues, sleep problems","[1,1,1,1,1,1,1]",
TE-91.jpg,UNIVERSAL_HUMAN,"depression, loss of interest, self-harm, eating problems, low self-esteem, concentration issues, sleep problems","[1,1,1,1,1,1,1]","[0,0,1,0,1,0,0]"
TE-92.jpg,UNIVERSAL_HUMAN,self harm,"[0,0,0,0,0,0,0]","[1,0,0,0,0,0,0]"
TE-93.jpg,UNIVERSAL_HUMAN,"depression, loss of interest, self-harm, eating problems, low self-esteem, concentration issues, sleep problems","[1,1,1,1,1,1,1]","[1,0,0,0,0,0,0]"
TE-94.jpg,UNIVERSAL_HUMAN,"depression, loss of interest","[1,1,0,0,0,0,0]",
TE-95.jpg,UNIVERSAL_HUMAN,"depression, loss of interest, self-harm, eating problems, low self-esteem, concentration issues, sleep problems","[1,1,1,1,1,1,1]","[0,1,0,0,0,0,0]"
TE-96.jpg,UNIVERSAL_HUMAN,depression,"[1,0,0,0,0,0,0]",
TE-97.jpg,UNIVERSAL_HUMAN,depression,"[1,0,0,0,0,0,0]","[0,0,0,0,0,0,1]"
TE-205.jpg,VISUAL_SYMBOL_DEPENDENT,"depression, loss of interest, self-harm, eating problems, low self-esteem, concentration issues, sleep problems","[1,1,1,1,1,1,1]","[0,0,0,0,0,0,1]"
TE-276.jpg,VISUAL_SYMBOL_DEPENDENT,"depression, loss of interest, self-harm, eating problems, low self-esteem, concentration issues, sleep problems","[1,1,1,1,1,1,1]",
TE-461.jpg,VISUAL_SYMBOL_DEPENDENT,"depression, loss of interest, self-harm, eating problems, low self-esteem, concentration issues, sleep problems","[1,1,1,1,1,1,1]","[1,0,0,0,0,0,0]"
TE-512.jpg,VISUAL_SYMBOL_DEPENDENT,depression,"[1,0,0,0,0,0,0]","[1,0,0,0,1,0,1]"
TE-87.jpg,VISUAL_SYMBOL_DEPENDENT,"depression, loss of interest, self-harm, eating problems, low self-esteem, concentration issues, sleep problems","[1,1,1,1,1,1,1]","[1,0,1,0,0,0,0]"
