image_id,category,gold_labels,predicted_labels,raw_scores
TE-104.jpg,BRAND_DEPENDENT,"[1,0,0,0,0,0,0]","[1,1,0,1,1,1,0]","[0.5140,0.5043,0.4964,0.5236,0.5351,0.5119,0.4582]"
TE-177.jpg,BRAND_DEPENDENT,"[1,0,0,0,1,0,0]","[0,1,0,1,1,1,0]","[0.4883,0.5072,0.4919,0.5159,0.5425,0.5125,0.4596]"
TE-184.jpg,BRAND_DEPENDENT,"[1,0,1,0,0,0,0]","[0,0,0,1,1,1,0]","[0.4764,0.4826,0.4964,0.5233,0.5417,0.5262,0.4573]"
TE-195.jpg,BRAND_DEPENDENT,"[0,0,0,1,1,0,0]","[0,0,0,1,1,1,0]","[0.4791,0.4930,0.4962,0.5275,0.5327,0.5180,0.4666]"
TE-285.jpg,BRAND_DEPENDENT,"[1,0,1,0,0,0,0]","[1,0,0,1,1,1,0]","[0.5123,0.4883,0.4952,0.5185,0.5330,0.5243,0.4575]"
TE-303.jpg,BRAND_DEPENDENT,"[1,0,0,0,0,0,0]","[0,1,0,1,1,1,0]","[0.4984,0.5091,0.4876,0.5058,0.5428,0.5026,0.4573]"
TE-343.jpg,BRAND_DEPENDENT,"[0,0,0,1,0,0,0]","[1,1,0,1,1,1,0]","[0.5062,0.5008,0.4834,0.5083,0.5292,0.5112,0.4559]"
TE-378.jpg,BRAND_DEPENDENT,"[0,0,0,1,0,0,0]","[1,1,0,1,1,1,0]","[0.5097,0.5009,0.4874,0.5250,0.5333,0.5150,0.4592]"
TE-425.jpg,BRAND_DEPENDENT,"[1,0,0,0,1,0,0]","[0,0,1,1,1,1,0]","[0.4971,0.4871,0.5077,0.5245,0.5298,0.5095,0.4746]"
TE-549.jpg,BRAND_DEPENDENT,"[0,0,0,0,0,1,0]","[1,0,0,0,1,1,0]","[0.5129,0.4961,0.4716,0.4953,0.5359,0.5455,0.4250]"
TE-583.jpg,BRAND_DEPENDENT,"[0,0,0,1,0,0,0]","[1,0,0,1,1,1,0]","[0.5027,0.4957,0.4976,0.5135,0.5327,0.5149,0.4590]"
TE-586.jpg,BRAND_DEPENDENT,"[0,0,0,1,0,0,0]","[1,0,0,1,1,1,0]","[0.5064,0.4914,0.4962,0.5288,0.5360,0.5200,0.4632]"
TE-629.jpg,BRAND_DEPENDENT,"[0,0,0,0,0,0,0]","[1,0,0,1,1,1,0]","[0.5007,0.4980,0.4930,0.5171,0.5371,0.5099,0.4582]"
TE-8.jpg,BRAND_DEPENDENT,"[1,0,0,0,0,0,0]","[0,1,0,1,1,1,0]","[0.4966,0.5002,0.4782,0.5151,0.5364,0.5163,0.4591]"
TE-149.jpg,CELEBRITY_DEPENDENT,"[0,0,0,1,0,0,0]","[0,0,1,1,1,1,0]","[0.4991,0.4969,0.5012,0.5184,0.5388,0.5126,0.4554]"
TE-158.jpg,CELEBRITY_DEPENDENT,"[0,0,0,0,0,1,0]","[1,1,0,1,1,1,0]","[0.5041,0.5169,0.4996,0.5094,0.5384,0.5017,0.4651]"
TE-185.jpg,CELEBRITY_DEPENDENT,"[0,0,0,0,1,0,0]","[1,1,0,1,1,1,0]","[0.5005,0.5030,0.4994,0.5051,0.5428,0.5094,0.4608]"
TE-21.jpg,CELEBRITY_DEPENDENT,"[1,0,0,0,0,0,0]","[1,0,1,1,1,1,0]","[0.5035,0.4916,0.5027,0.5049,0.5402,0.5031,0.4680]"
TE-238.jpg,CELEBRITY_DEPENDENT,"[0,0,0,1,1,0,0]","[0,1,0,1,1,1,0]","[0.4957,0.5122,0.4807,0.5094,0.5418,0.5091,0.4701]"
TE-26.jpg,CELEBRITY_DEPENDENT,"[1,0,0,0,0,0,0]","[1,0,1,1,1,1,0]","[0.5009,0.4973,0.5060,0.5306,0.5297,0.5104,0.4643]"
TE-40.jpg,CELEBRITY_DEPENDENT,"[0,0,0,0,0,0,1]","[0,1,0,1,1,1,0]","[0.4992,0.5145,0.4846,0.5088,0.5431,0.5074,0.4604]"
TE-141.jpg,CULTURAL_REFERENCE_DEPENDENT,"[0,0,0,0,0,0,1]","[1,1,0,1,1,1,0]","[0.5155,0.5141,0.4811,0.5080,0.5143,0.5241,0.4460]"
TE-147.jpg,CULTURAL_REFERENCE_DEPENDENT,"[1,1,0,0,0,0,0]","[1,1,0,0,1,1,0]","[0.5128,0.5116,0.4802,0.4988,0.5354,0.5133,0.4566]"
TE-197.jpg,CULTURAL_REFERENCE_DEPENDENT,"[1,0,1,0,0,0,0]","[1,0,0,1,1,1,0]","[0.5023,0.4920,0.4796,0.5244,0.5313,0.5269,0.4619]"
TE-232.jpg,CULTURAL_REFERENCE_DEPENDENT,"[1,0,0,0,1,0,0]","[1,0,0,1,1,1,0]","[0.5031,0.4965,0.4933,0.5153,0.5320,0.5091,0.4688]"
TE-299.jpg,CULTURAL_REFERENCE_DEPENDENT,"[0,0,1,0,0,0,0]","[1,1,0,1,1,1,0]","[0.5158,0.5017,0.4904,0.5191,0.5249,0.5097,0.4514]"
TE-309.jpg,CULTURAL_REFERENCE_DEPENDENT,"[0,0,0,1,1,0,0]","[0,1,0,1,1,1,0]","[0.4987,0.5008,0.4764,0.5018,0.5429,0.5198,0.4514]"
TE-33.jpg,CULTURAL_REFERENCE_DEPENDENT,"[0,0,0,0,0,0,0]","[1,1,0,1,1,1,0]","[0.5154,0.5033,0.4675,0.5106,0.5221,0.5314,0.4322]"
TE-333.jpg,CULTURAL_REFERENCE_DEPENDENT,"[0,0,1,0,0,0,0]","[0,1,0,0,1,1,0]","[0.4950,0.5072,0.4753,0.4985,0.5370,0.5265,0.4453]"
TE-342.jpg,CULTURAL_REFERENCE_DEPENDENT,"[1,0,1,0,0,0,0]","[0,0,0,1,1,1,0]","[0.4881,0.4999,0.4660,0.5042,0.5316,0.5237,0.4629]"
TE-374.jpg,CULTURAL_REFERENCE_DEPENDENT,"[0,1,0,0,0,1,0]","[0,0,0,1,1,1,0]","[0.4948,0.4814,0.4921,0.5020,0.5347,0.5170,0.4520]"
TE-385.jpg,CULTURAL_REFERENCE_DEPENDENT,"[0,0,0,0,0,0,0]","[1,0,0,1,1,1,0]","[0.5086,0.4956,0.4872,0.5199,0.5303,0.5210,0.4556]"
TE-506.jpg,CULTURAL_REFERENCE_DEPENDENT,"[0,0,0,0,0,0,0]","[1,0,0,1,1,1,0]","[0.5027,0.4971,0.4991,0.5132,0.5446,0.5143,0.4577]"
TE-619.jpg,CULTURAL_REFERENCE_DEPENDENT,"[0,0,0,1,0,0,0]","[0,1,0,1,1,1,0]","[0.4990,0.5025,0.4792,0.5170,0.5259,0.5281,0.4423]"
TE-70.jpg,CULTURAL_REFERENCE_DEPENDENT,"[1,0,0,0,0,0,0]","[0,0,0,1,1,1,0]","[0.4988,0.4883,0.4984,0.5125,0.5374,0.5119,0.4701]"
TE-74.jpg,CULTURAL_REFERENCE_DEPENDENT,"[1,0,1,0,0,0,0]","[1,1,1,1,1,1,0]","[0.5022,0.5038,0.5051,0.5154,0.5332,0.5184,0.4621]"
TE-256.jpg,INTERNET_CULTURE_DEPENDENT,"[0,0,0,0,0,0,0]","[1,0,1,1,1,1,0]","[0.5104,0.4953,0.5003,0.5216,0.5403,0.5099,0.4596]"
TE-611.jpg,INTERNET_CULTURE_DEPENDENT,"[0,0,0,1,0,0,0]","[1,1,0,1,1,1,0]","[0.5066,0.5110,0.4839,0.5169,0.5352,0.5030,0.4586]"
TE-90.jpg,INTERNET_CULTURE_DEPENDENT,"[1,0,0,0,0,0,0]","[0,0,0,1,1,1,0]","[0.4857,0.4934,0.4815,0.5081,0.5447,0.5065,0.4561]"
TE-14.jpg,LANGUAGE_DEPENDENT,"[0,0,0,0,0,0,0]","[1,0,0,1,1,1,0]","[0.5008,0.4975,0.4947,0.5191,0.5469,0.5127,0.4628]"
TE-170.jpg,LANGUAGE_DEPENDENT,"[1,0,0,0,1,0,0]","[1,1,0,1,1,1,0]","[0.5020,0.5065,0.4970,0.5054,0.5349,0.5179,0.4604]"
TE-175.jpg,LANGUAGE_DEPENDENT,"[0,0,0,0,0,0,0]","[1,0,0,1,1,1,0]","[0.5265,0.4830,0.4948,0.5109,0.5421,0.5254,0.4487]"
TE-251.jpg,LANGUAGE_DEPENDENT,"[1,1,0,0,0,0,0]","[0,1,0,1,1,1,0]","[0.4870,0.5079,0.4791,0.5165,0.5411,0.5185,0.4556]"
TE-259.jpg,LANGUAGE_DEPENDENT,"[0,0,1,0,0,0,0]","[1,1,0,1,1,1,0]","[0.5070,0.5042,0.4889,0.5307,0.5397,0.5217,0.4588]"
TE-268.jpg,LANGUAGE_DEPENDENT,"[0,0,0,1,0,0,0]","[0,0,0,1,1,1,0]","[0.4886,0.4939,0.4929,0.5161,0.5334,0.5135,0.4574]"
TE-306.jpg,LANGUAGE_DEPENDENT,"[0,0,0,1,0,0,0]","[1,1,0,1,1,1,0]","[0.5000,0.5119,0.4879,0.5102,0.5364,0.5117,0.4547]"
TE-362.jpg,LANGUAGE_DEPENDENT,"[1,0,1,0,0,0,0]","[1,1,0,1,1,1,0]","[0.5182,0.5038,0.4825,0.5182,0.5370,0.5232,0.4431]"
TE-370.jpg,LANGUAGE_DEPENDENT,"[0,0,0,1,0,0,0]","[1,0,0,1,1,1,0]","[0.5154,0.4986,0.4947,0.5324,0.5363,0.5232,0.4563]"
TE-418.jpg,LANGUAGE_DEPENDENT,"[0,0,0,0,0,1,0]","[1,0,0,1,1,1,0]","[0.5011,0.4976,0.4855,0.5136,0.5301,0.5192,0.4416]"
TE-431.jpg,LANGUAGE_DEPENDENT,"[0,0,0,0,0,0,1]","[0,1,0,1,1,1,0]","[0.4943,0.5010,0.4942,0.5080,0.5385,0.5139,0.4489]"
TE-434.jpg,LANGUAGE_DEPENDENT,"[0,0,0,0,0,0,0]","[0,1,0,1,1,1,0]","[0.4987,0.5053,0.4850,0.5077,0.5451,0.5198,0.4453]"
TE-446.jpg,LANGUAGE_DEPENDENT,"[1,0,0,0,0,0,0]","[0,1,0,1,1,1,0]","[0.4928,0.5108,0.4819,0.5113,0.5356,0.5160,0.4603]"
TE-457.jpg,LANGUAGE_DEPENDENT,"[0,0,0,0,0,0,0]","[0,1,1,1,1,1,0]","[0.4792,0.5007,0.5097,0.5055,0.5268,0.5182,0.4591]"
TE-471.jpg,LANGUAGE_DEPENDENT,"[0,0,0,0,0,1,0]","[1,1,0,1,1,1,0]","[0.5032,0.5081,0.4920,0.5132,0.5411,0.5230,0.4478]"
TE-479.jpg,LANGUAGE_DEPENDENT,"[1,0,0,0,0,0,0]","[0,0,1,1,1,0,0]","[0.4959,0.4786,0.5097,0.5134,0.5384,0.4975,0.4678]"
TE-492.jpg,LANGUAGE_DEPENDENT,"[0,0,0,1,0,0,0]","[1,1,0,1,1,1,0]","[0.5096,0.5018,0.4952,0.5008,0.5325,0.5178,0.4620]"
TE-509.jpg,LANGUAGE_DEPENDENT,"[0,0,0,0,0,0,0]","[0,1,0,1,1,1,0]","[0.4967,0.5019,0.4904,0.5121,0.5379,0.5138,0.4478]"
TE-519.jpg,LANGUAGE_DEPENDENT,"[0,0,0,1,0,0,0]","[0,0,0,1,1,0,0]","[0.4660,0.4813,0.4892,0.5147,0.5357,0.4939,0.4569]"
TE-526.jpg,LANGUAGE_DEPENDENT,"[0,0,0,0,0,0,0]","[0,1,0,0,1,1,0]","[0.4866,0.5177,0.4955,0.4988,0.5171,0.5103,0.4569]"
TE-615.jpg,LANGUAGE_DEPENDENT,"[0,0,0,1,0,0,0]","[1,1,0,0,1,0,0]","[0.5015,0.5030,0.4790,0.4962,0.5306,0.4955,0.4493]"
TE-632.jpg,LANGUAGE_DEPENDENT,"[0,0,0,0,0,0,0]","[0,0,0,1,1,1,0]","[0.4919,0.4972,0.4896,0.5202,0.5278,0.5237,0.4637]"
TE-9.jpg,LANGUAGE_DEPENDENT,"[1,0,1,0,0,0,0]","[1,0,0,1,1,0,0]","[0.5043,0.4973,0.4934,0.5116,0.5382,0.4945,0.4631]"
TE-201.jpg,LIFESTYLE_CONTEXT_DEPENDENT,"[0,0,0,1,0,0,0]","[0,1,0,1,1,1,0]","[0.4912,0.5031,0.4909,0.5044,0.5319,0.5187,0.4588]"
TE-296.jpg,LIFESTYLE_CONTEXT_DEPENDENT,"[1,0,0,0,0,0,1]","[1,1,0,1,1,1,0]","[0.5004,0.5112,0.4915,0.5092,0.5344,0.5168,0.4522]"
TE-226.jpg,MEDIA_CONTEXT_DEPENDENT,"[1,0,0,0,0,0,0]","[1,1,0,1,1,1,0]","[0.5106,0.5002,0.4853,0.5077,0.5384,0.5086,0.4608]"
TE-323.jpg,MEDIA_CONTEXT_DEPENDENT,"[0,1,0,0,0,0,0]","[0,0,0,1,1,1,0]","[0.4963,0.4997,0.4975,0.5150,0.5489,0.5177,0.4473]"
TE-336.jpg,MEDIA_CONTEXT_DEPENDENT,"[1,0,1,0,0,0,0]","[1,1,0,1,1,1,0]","[0.5013,0.5063,0.4957,0.5250,0.5318,0.5107,0.4698]"
TE-354.jpg,MEDIA_CONTEXT_DEPENDENT,"[1,0,0,0,0,0,0]","[1,1,0,1,1,1,0]","[0.5043,0.5050,0.4903,0.5114,0.5333,0.5231,0.4617]"
TE-47.jpg,MEDIA_CONTEXT_DEPENDENT,"[1,0,0,0,1,0,0]","[1,1,0,1,1,1,0]","[0.5161,0.5135,0.4873,0.5165,0.5237,0.5475,0.4407]"
TE-497.jpg,MEDIA_CONTEXT_DEPENDENT,"[0,0,0,0,0,0,1]","[1,0,0,1,1,1,0]","[0.5064,0.5000,0.4950,0.5309,0.5257,0.5182,0.4652]"
TE-505.jpg,MEDIA_CONTEXT_DEPENDENT,"[0,0,0,1,0,0,0]","[0,0,1,0,1,0,0]","[0.4890,0.4847,0.5058,0.4868,0.5115,0.4941,0.4603]"
TE-525.jpg,MEDIA_CONTEXT_DEPENDENT,"[1,0,0,0,0,0,0]","[1,1,0,1,1,1,0]","[0.5161,0.5135,0.4873,0.5165,0.5237,0.5475,0.4407]"
TE-98.jpg,MEDIA_CONTEXT_DEPENDENT,"[1,0,0,0,0,0,0]","[1,0,0,1,1,1,0]","[0.5007,0.4899,0.4836,0.5209,0.5348,0.5093,0.4553]"
TE-140.jpg,MEME_FORMAT_DEPENDENT,"[0,0,0,0,1,0,0]","[0,1,0,1,1,1,0]","[0.4907,0.5067,0.4833,0.5148,0.5372,0.5048,0.4545]"
TE-196.jpg,MEME_FORMAT_DEPENDENT,"[1,0,1,0,0,0,0]","[0,1,0,1,1,1,0]","[0.4857,0.5102,0.4789,0.5100,0.5476,0.5073,0.4528]"
TE-484.jpg,MEME_FORMAT_DEPENDENT,"[0,0,0,0,0,0,0]","[1,0,0,1,1,1,0]","[0.5029,0.4988,0.4894,0.5163,0.5173,0.5314,0.4527]"
TE-550.jpg,MEME_FORMAT_DEPENDENT,"[0,0,0,1,0,0,0]","[0,0,0,1,1,1,0]","[0.4767,0.4973,0.4895,0.5078,0.5330,0.5133,0.4649]"
TE-589.jpg,MEME_FORMAT_DEPENDENT,"[0,0,0,1,0,0,0]","[1,1,0,1,1,1,0]","[0.5014,0.5060,0.4774,0.5085,0.5353,0.5141,0.4616]"
TE-591.jpg,MEME_FORMAT_DEPENDENT,"[0,0,0,0,0,1,0]","[1,0,0,1,1,1,0]","[0.5105,0.4927,0.4967,0.5226,0.5373,0.5085,0.4656]"
TE-112.jpg,NICHE_SUBCULTURE_DEPENDENT,"[1,0,1,0,0,0,0]","[1,1,0,0,1,1,0]","[0.5088,0.5146,0.4768,0.4978,0.5347,0.5052,0.4514]"
TE-172.jpg,NICHE_SUBCULTURE_DEPENDENT,"[0,0,0,0,1,0,0]","[0,1,0,1,1,1,0]","[0.4929,0.5110,0.4779,0.5093,0.5220,0.5145,0.4496]"
TE-249.jpg,NICHE_SUBCULTURE_DEPENDENT,"[0,0,0,0,1,0,0]","[0,0,0,1,1,1,0]","[0.4991,0.4967,0.4985,0.5233,0.5308,0.5103,0.4702]"
TE-346.jpg,NICHE_SUBCULTURE_DEPENDENT,"[0,0,1,0,0,0,0]","[1,1,0,1,1,1,0]","[0.5039,0.5202,0.4720,0.5119,0.5324,0.5187,0.4403]"
TE-37.jpg,NICHE_SUBCULTURE_DEPENDENT,"[0,1,0,0,0,0,0]","[1,0,0,1,1,1,0]","[0.5155,0.4911,0.4842,0.5152,0.5258,0.5170,0.4565]"
TE-595.jpg,NICHE_SUBCULTURE_DEPENDENT,"[0,0,0,1,1,0,0]","[0,0,1,1,1,1,0]","[0.4989,0.4956,0.5048,0.5180,0.5348,0.5145,0.4586]"
TE-78.jpg,NICHE_SUBCULTURE_DEPENDENT,"[0,0,0,0,1,0,0]","[1,1,0,1,1,1,0]","[0.5023,0.5137,0.4719,0.5116,0.5363,0.5105,0.4460]"
TE-88.jpg,NICHE_SUBCULTURE_DEPENDENT,"[0,0,0,0,1,0,0]","[1,0,0,0,1,1,0]","[0.5046,0.4961,0.4820,0.4921,0.5402,0.5076,0.4737]"
TE-174.jpg,POP_CULTURE_DEPENDENT,"[0,0,0,0,1,0,0]","[1,1,0,1,1,1,0]","[0.5126,0.5161,0.4802,0.5118,0.5278,0.5170,0.4489]"
TE-178.jpg,POP_CULTURE_DEPENDENT,"[1,0,1,0,0,0,0]","[1,0,1,1,1,1,0]","[0.5037,0.4938,0.5086,0.5166,0.5359,0.5108,0.4687]"
TE-188.jpg,POP_CULTURE_DEPENDENT,"[0,0,0,0,1,0,0]","[0,1,0,1,1,1,0]","[0.4985,0.5105,0.4939,0.5168,0.5363,0.5126,0.4594]"
TE-200.jpg,POP_CULTURE_DEPENDENT,"[0,0,0,0,0,0,0]","[0,1,1,1,1,1,0]","[0.4945,0.5064,0.5049,0.5195,0.5417,0.5159,0.4721]"
TE-213.jpg,POP_CULTURE_DEPENDENT,"[0,0,0,0,0,0,0]","[1,1,0,1,1,1,0]","[0.5049,0.5025,0.4786,0.5046,0.5305,0.5043,0.4627]"
TE-222.jpg,POP_CULTURE_DEPENDENT,"[1,0,0,0,0,0,0]","[0,0,0,1,1,1,0]","[0.4970,0.5000,0.4988,0.5005,0.5283,0.5115,0.4613]"
TE-236.jpg,POP_CULTURE_DEPENDENT,"[0,0,0,0,1,0,0]","[0,1,0,1,1,1,0]","[0.4973,0.5096,0.4856,0.5126,0.5373,0.5229,0.4512]"
TE-244.jpg,POP_CULTURE_DEPENDENT,"[1,0,0,0,0,0,0]","[0,1,0,1,1,1,0]","[0.4951,0.5023,0.4856,0.5080,0.5319,0.5241,0.4567]"
TE-255.jpg,POP_CULTURE_DEPENDENT,"[1,0,0,0,0,0,0]","[1,0,0,1,1,1,0]","[0.5199,0.4912,0.4979,0.5293,0.5324,0.5180,0.4620]"
TE-275.jpg,POP_CULTURE_DEPENDENT,"[1,0,0,0,0,0,0]","[1,0,0,0,1,0,0]","[0.5001,0.4879,0.4963,0.4974,0.5387,0.4966,0.4595]"
TE-291.jpg,POP_CULTURE_DEPENDENT,"[1,0,0,0,0,0,0]","[0,1,0,1,1,1,0]","[0.4874,0.5057,0.4650,0.5166,0.5317,0.5058,0.4527]"
TE-34.jpg,POP_CULTURE_DEPENDENT,"[0,0,0,0,1,0,0]","[1,0,0,1,1,1,0]","[0.5086,0.4957,0.4840,0.5192,0.5311,0.5330,0.4532]"
TE-379.jpg,POP_CULTURE_DEPENDENT,"[1,0,1,0,1,0,0]","[1,1,0,1,1,0,0]","[0.5082,0.5068,0.4796,0.5144,0.5316,0.4999,0.4620]"
TE-467.jpg,POP_CULTURE_DEPENDENT,"[1,0,0,0,0,0,0]","[1,1,0,1,1,1,0]","[0.5089,0.5039,0.4990,0.5299,0.5334,0.5135,0.4678]"
TE-50.jpg,POP_CULTURE_DEPENDENT,"[0,0,0,1,1,0,0]","[1,0,1,1,1,1,0]","[0.5057,0.4831,0.5127,0.5060,0.5208,0.5226,0.4756]"
TE-540.jpg,POP_CULTURE_DEPENDENT,"[0,1,0,0,0,0,0]","[1,1,0,1,1,1,0]","[0.5065,0.5072,0.4762,0.5088,0.5273,0.5155,0.4481]"
TE-546.jpg,POP_CULTURE_DEPENDENT,"[0,0,0,0,1,0,0]","[1,1,0,0,1,1,0]","[0.5111,0.5029,0.4847,0.4976,0.5428,0.5126,0.4607]"
TE-650.jpg,POP_CULTURE_DEPENDENT,"[0,1,0,0,0,0,0]","[0,0,0,1,1,1,0]","[0.4933,0.4900,0.4926,0.5100,0.5427,0.5160,0.4716]"
TE-99.jpg,POP_CULTURE_DEPENDENT,"[1,0,0,0,0,0,0]","[1,1,0,1,1,1,0]","[0.5007,0.5060,0.4820,0.5161,0.5150,0.5486,0.4524]"
TE-32.jpg,REFERENCE_DEPENDENT,"[1,0,0,0,0,0,0]","[0,1,0,1,1,1,0]","[0.4949,0.5018,0.4897,0.5069,0.5433,0.5118,0.4578]"
TE-44.jpg,REFERENCE_DEPENDENT,"[0,0,0,0,0,0,0]","[1,1,0,1,1,1,0]","[0.5013,0.5062,0.4815,0.5051,0.5320,0.5244,0.4439]"
TE-442.jpg,REFERENCE_DEPENDENT,"[0,0,0,0,0,0,0]","[0,1,0,1,1,1,0]","[0.4985,0.5035,0.4944,0.5251,0.5125,0.5467,0.4431]"
TE-602.jpg,REFERENCE_DEPENDENT,"[0,0,0,0,0,0,1]","[1,1,1,1,1,0,0]","[0.5016,0.5097,0.5121,0.5101,0.5208,0.4971,0.4518]"
TE-644.jpg,REFERENCE_DEPENDENT,"[0,0,1,0,0,1,0]","[0,1,0,1,1,1,0]","[0.4946,0.5123,0.4845,0.5191,0.5116,0.5481,0.4502]"
TE-1.jpg,UNIVERSAL_HUMAN,"[1,0,0,0,0,0,0]","[0,0,0,1,1,0,0]","[0.4843,0.4991,0.4837,0.5337,0.5142,0.4777,0.4519]"
TE-10.jpg,UNIVERSAL_HUMAN,"[0,0,0,1,0,0,0]","[0,1,0,1,1,1,0]","[0.4970,0.5030,0.4935,0.5077,0.5330,0.5140,0.4621]"
TE-100.jpg,UNIVERSAL_HUMAN,"[1,0,0,0,0,0,0]","[0,1,0,1,1,1,0]","[0.4895,0.5075,0.4839,0.5065,0.5352,0.5032,0.4692]"
TE-101.jpg,UNIVERSAL_HUMAN,"[1,0,1,0,0,0,0]","[1,0,0,1,1,1,0]","[0.5047,0.4966,0.4763,0.5308,0.5241,0.5288,0.4537]"
TE-102.jpg,UNIVERSAL_HUMAN,"[1,0,1,0,0,0,0]","[0,1,0,1,1,1,0]","[0.4952,0.5018,0.4717,0.5168,0.5295,0.5183,0.4553]"
TE-103.jpg,UNIVERSAL_HUMAN,"[0,0,0,0,0,0,0]","[0,1,0,1,1,1,0]","[0.4922,0.5082,0.4948,0.5054,0.5256,0.5062,0.4710]"
TE-105.jpg,UNIVERSAL_HUMAN,"[0,0,0,0,1,0,0]","[0,1,0,1,1,1,0]","[0.4880,0.5131,0.4893,0.5078,0.5284,0.5111,0.4700]"
TE-106.jpg,UNIVERSAL_HUMAN,"[0,0,0,0,1,1,0]","[1,1,0,1,1,1,0]","[0.5109,0.5141,0.4850,0.5167,0.5245,0.5509,0.4427]"
TE-108.jpg,UNIVERSAL_HUMAN,"[0,0,0,1,0,0,0]","[0,0,0,1,1,1,0]","[0.4844,0.4907,0.4963,0.5044,0.5331,0.5165,0.4565]"
TE-109.jpg,UNIVERSAL_HUMAN,"[1,0,0,0,1,0,1]","[0,0,0,1,1,1,0]","[0.4836,0.4993,0.4914,0.5108,0.5376,0.5136,0.4625]"
TE-11.jpg,UNIVERSAL_HUMAN,"[1,0,0,0,0,0,0]","[0,1,0,1,1,1,0]","[0.4963,0.5120,0.4917,0.5167,0.5318,0.5131,0.4632]"
TE-110.jpg,UNIVERSAL_HUMAN,"[1,0,0,0,0,0,0]","[0,1,0,1,1,1,0]","[0.4990,0.5070,0.4824,0.5236,0.5143,0.5517,0.4520]"
TE-111.jpg,UNIVERSAL_HUMAN,"[1,0,0,0,0,0,0]","[0,1,0,0,1,1,0]","[0.4921,0.5022,0.4833,0.4995,0.5446,0.5029,0.4606]"
TE-113.jpg,UNIVERSAL_HUMAN,"[1,0,0,0,0,0,0]","[1,1,0,1,1,1,0]","[0.5024,0.5169,0.4905,0.5249,0.5412,0.5217,0.4661]"
TE-114.jpg,UNIVERSAL_HUMAN,"[1,1,0,0,1,0,0]","[1,1,0,1,1,1,0]","[0.5088,0.5083,0.4807,0.5154,0.5365,0.5214,0.4395]"
TE-115.jpg,UNIVERSAL_HUMAN,"[1,0,0,0,0,0,0]","[0,0,0,1,1,1,0]","[0.4895,0.4964,0.4930,0.5096,0.5390,0.5082,0.4653]"
TE-116.jpg,UNIVERSAL_HUMAN,"[0,0,1,0,1,0,0]","[1,1,0,1,1,1,0]","[0.5030,0.5037,0.4927,0.5140,0.5363,0.5104,0.4588]"
TE-117.jpg,UNIVERSAL_HUMAN,"[0,0,0,0,0,0,0]","[1,1,0,1,1,1,0]","[0.5137,0.5039,0.4875,0.5299,0.5295,0.5136,0.4585]"
TE-118.jpg,UNIVERSAL_HUMAN,"[1,0,0,0,0,0,0]","[0,0,0,1,1,1,0]","[0.4904,0.4952,0.4895,0.5121,0.5345,0.5149,0.4645]"
TE-120.jpg,UNIVERSAL_HUMAN,"[1,0,0,0,1,0,0]","[0,0,0,1,1,1,0]","[0.4994,0.4994,0.4857,0.5194,0.5320,0.5056,0.4552]"
TE-121.jpg,UNIVERSAL_HUMAN,"[0,0,0,0,0,0,0]","[0,1,1,1,1,1,0]","[0.4966,0.5013,0.5001,0.5085,0.5390,0.5002,0.4715]"
TE-122.jpg,UNIVERSAL_HUMAN,"[0,0,0,0,0,0,0]","[0,0,0,1,1,1,0]","[0.4920,0.4955,0.4991,0.5297,0.5432,0.5212,0.4595]"
TE-123.jpg,UNIVERSAL_HUMAN,"[1,0,1,0,0,0,0]","[0,1,0,1,1,1,0]","[0.4929,0.5034,0.4896,0.5305,0.5276,0.5172,0.4621]"
TE-125.jpg,UNIVERSAL_HUMAN,"[1,0,0,0,0,0,0]","[0,0,0,1,1,1,0]","[0.4990,0.4947,0.4994,0.5149,0.5345,0.5122,0.4618]"
TE-126.jpg,UNIVERSAL_HUMAN,"[0,0,0,0,1,0,0]","[0,0,1,1,1,1,0]","[0.4962,0.4883,0.5035,0.5140,0.5359,0.5280,0.4828]"
TE-127.jpg,UNIVERSAL_HUMAN,"[0,0,0,0,0,1,0]","[0,0,0,1,1,1,0]","[0.4944,0.4947,0.4976,0.5185,0.5184,0.5476,0.4527]"
TE-128.jpg,UNIVERSAL_HUMAN,"[0,0,1,0,0,0,0]","[1,1,1,1,1,1,0]","[0.5074,0.5053,0.5043,0.5138,0.5379,0.5020,0.4613]"
TE-129.jpg,UNIVERSAL_HUMAN,"[1,0,0,0,0,0,0]","[0,0,0,1,1,1,0]","[0.4895,0.4979,0.4902,0.5279,0.5384,0.5252,0.4591]"
TE-13.jpg,UNIVERSAL_HUMAN,"[0,0,0,1,0,0,0]","[1,1,0,1,1,1,0]","[0.5099,0.5038,0.4902,0.5217,0.5421,0.5181,0.4519]"
TE-130.jpg,UNIVERSAL_HUMAN,"[1,0,0,0,0,0,0]","[1,1,0,1,1,1,0]","[0.5021,0.5035,0.4846,0.5134,0.5265,0.5171,0.4557]"
TE-131.jpg,UNIVERSAL_HUMAN,"[0,0,0,0,0,0,0]","[1,1,0,1,1,1,0]","[0.5092,0.5089,0.4878,0.5161,0.5373,0.5174,0.4447]"
TE-132.jpg,UNIVERSAL_HUMAN,"[0,0,0,0,0,0,0]","[1,0,0,1,1,1,0]","[0.5038,0.4992,0.4814,0.5141,0.5290,0.5384,0.4397]"
TE-133.jpg,UNIVERSAL_HUMAN,"[0,0,0,0,0,0,0]","[1,1,0,1,1,1,0]","[0.5070,0.5123,0.4867,0.5133,0.5370,0.5164,0.4573]"
TE-134.jpg,UNIVERSAL_HUMAN,"[1,0,0,0,0,0,0]","[0,1,0,1,1,1,0]","[0.4955,0.5052,0.4930,0.5184,0.5474,0.5167,0.4700]"
TE-135.jpg,UNIVERSAL_HUMAN,"[1,0,0,0,1,0,0]","[0,0,0,1,1,1,0]","[0.4975,0.4955,0.4970,0.5190,0.5437,0.5139,0.4733]"
TE-136.jpg,UNIVERSAL_HUMAN,"[0,1,0,0,0,0,0]","[1,1,0,1,1,1,0]","[0.5064,0.5134,0.4723,0.5050,0.5336,0.5135,0.4392]"
TE-137.jpg,UNIVERSAL_HUMAN,"[0,0,0,0,0,0,1]","[1,0,0,1,1,1,0]","[0.5022,0.4995,0.4880,0.5032,0.5439,0.5210,0.4560]"
TE-138.jpg,UNIVERSAL_HUMAN,"[0,0,0,0,0,0,0]","[0,1,0,0,1,1,0]","[0.4808,0.5018,0.4910,0.4926,0.5346,0.5176,0.4504]"
TE-139.jpg,UNIVERSAL_HUMAN,"[1,0,0,0,0,0,0]","[0,1,0,1,1,1,0]","[0.4939,0.5196,0.4692,0.5309,0.5367,0.5266,0.4244]"
TE-142.jpg,UNIVERSAL_HUMAN,"[1,0,0,0,0,0,0]","[0,0,0,1,1,1,0]","[0.4938,0.4988,0.4841,0.5227,0.5417,0.5131,0.4519]"
TE-143.jpg,UNIVERSAL_HUMAN,"[0,0,1,0,1,0,0]","[0,1,0,1,1,1,0]","[0.4949,0.5022,0.4940,0.5139,0.5325,0.5072,0.4655]"
TE-144.jpg,UNIVERSAL_HUMAN,"[0,0,0,1,0,0,0]","[0,0,0,1,1,1,0]","[0.4903,0.4958,0.4920,0.5230,0.5272,0.5289,0.4566]"
TE-145.jpg,UNIVERSAL_HUMAN,"[0,0,0,0,1,0,0]","[0,1,0,1,1,1,0]","[0.4967,0.5151,0.4703,0.5017,0.5373,0.5113,0.4448]"
TE-146.jpg,UNIVERSAL_HUMAN,"[0,1,0,0,0,0,0]","[1,1,0,1,1,1,0]","[0.5064,0.5044,0.4901,0.5157,0.5283,0.5150,0.4636]"
TE-148.jpg,UNIVERSAL_HUMAN,"[0,0,0,0,1,0,0]","[1,1,0,1,1,1,0]","[0.5034,0.5111,0.4772,0.5085,0.5365,0.5108,0.4513]"
TE-15.jpg,UNIVERSAL_HUMAN,"[0,0,0,0,0,0,0]","[1,0,1,1,1,1,0]","[0.5057,0.4831,0.5127,0.5060,0.5208,0.5226,0.4756]"
TE-150.jpg,UNIVERSAL_HUMAN,"[0,0,0,1,1,0,0]","[1,1,0,1,1,1,0]","[0.5149,0.5025,0.4924,0.5007,0.5370,0.5106,0.4583]"
TE-151.jpg,UNIVERSAL_HUMAN,"[0,0,1,0,0,0,0]","[1,1,0,1,1,1,0]","[0.5017,0.5004,0.4856,0.5105,0.5371,0.5184,0.4563]"
TE-152.jpg,UNIVERSAL_HUMAN,"[0,0,0,0,0,0,0]","[1,1,0,1,1,1,0]","[0.5065,0.5075,0.4953,0.5149,0.5354,0.5153,0.4506]"
TE-154.jpg,UNIVERSAL_HUMAN,"[1,0,0,0,0,0,0]","[1,1,0,1,1,1,0]","[0.5028,0.5004,0.4860,0.5159,0.5340,0.5134,0.4628]"
TE-155.jpg,UNIVERSAL_HUMAN,"[0,0,1,0,0,0,0]","[1,0,1,1,1,1,0]","[0.5088,0.5000,0.5014,0.5190,0.5249,0.5159,0.4645]"
TE-157.jpg,UNIVERSAL_HUMAN,"[0,0,0,0,0,0,0]","[0,0,0,1,1,1,0]","[0.4973,0.4967,0.4976,0.5126,0.5389,0.5224,0.4661]"
TE-16.jpg,UNIVERSAL_HUMAN,"[0,0,0,0,0,0,0]","[0,0,0,1,1,1,0]","[0.4938,0.4924,0.4974,0.5146,0.5288,0.5168,0.4717]"
TE-161.jpg,UNIVERSAL_HUMAN,"[0,0,1,0,0,0,0]","[0,1,0,1,1,1,0]","[0.4987,0.5078,0.4947,0.5212,0.5377,0.5050,0.4641]"
TE-162.jpg,UNIVERSAL_HUMAN,"[0,0,0,0,0,0,0]","[1,0,0,1,1,1,0]","[0.5196,0.4966,0.4889,0.5121,0.5357,0.5281,0.4460]"
TE-163.jpg,UNIVERSAL_HUMAN,"[1,0,0,0,1,0,0]","[0,1,0,1,1,1,0]","[0.4997,0.5115,0.4713,0.5116,0.5337,0.5169,0.4428]"
TE-164.jpg,UNIVERSAL_HUMAN,"[0,0,0,1,0,0,0]","[0,1,0,0,1,1,0]","[0.4995,0.5008,0.4898,0.4983,0.5324,0.5113,0.4741]"
TE-167.jpg,UNIVERSAL_HUMAN,"[1,0,0,0,1,0,0]","[0,0,0,1,1,1,0]","[0.4839,0.4838,0.4902,0.5103,0.5331,0.5192,0.4581]"
TE-169.jpg,UNIVERSAL_HUMAN,"[0,0,0,0,1,0,0]","[1,0,0,1,1,1,0]","[0.5018,0.4940,0.4988,0.5293,0.5388,0.5248,0.4542]"
TE-17.jpg,UNIVERSAL_HUMAN,"[1,0,0,0,0,0,0]","[1,0,0,1,1,1,0]","[0.5005,0.4967,0.4870,0.5107,0.5497,0.5145,0.4563]"
TE-171.jpg,UNIVERSAL_HUMAN,"[0,0,0,0,0,1,0]","[0,0,0,0,1,1,0]","[0.4783,0.4877,0.4850,0.4951,0.5203,0.5246,0.4475]"
TE-173.jpg,UNIVERSAL_HUMAN,"[0,0,0,0,0,0,0]","[1,1,0,1,1,1,0]","[0.5161,0.5135,0.4873,0.5165,0.5237,0.5475,0.4407]"
TE-176.jpg,UNIVERSAL_HUMAN,"[0,0,0,1,0,0,0]","[1,1,0,1,1,1,0]","[0.5093,0.5025,0.4915,0.5229,0.5336,0.5280,0.4509]"
TE-18.jpg,UNIVERSAL_HUMAN,"[0,0,0,1,0,0,0]","[0,0,0,1,1,1,0]","[0.4984,0.4994,0.4900,0.5113,0.5328,0.5130,0.4686]"
TE-180.jpg,UNIVERSAL_HUMAN,"[0,0,0,0,0,0,0]","[0,1,0,1,1,1,0]","[0.4891,0.5010,0.4822,0.5106,0.5352,0.5151,0.4539]"
TE-181.jpg,UNIVERSAL_HUMAN,"[1,0,0,0,1,0,0]","[0,1,0,1,1,1,0]","[0.4988,0.5027,0.4905,0.5240,0.5174,0.5461,0.4577]"
TE-182.jpg,UNIVERSAL_HUMAN,"[0,0,0,0,0,0,1]","[1,0,1,1,1,1,0]","[0.5006,0.4915,0.5005,0.5118,0.5366,0.5023,0.4659]"
TE-183.jpg,UNIVERSAL_HUMAN,"[1,0,0,0,0,0,0]","[0,1,0,1,1,1,0]","[0.4979,0.5053,0.4759,0.5030,0.5319,0.5261,0.4520]"
TE-187.jpg,UNIVERSAL_HUMAN,"[0,1,0,0,0,0,0]","[0,0,0,1,1,1,0]","[0.4917,0.4910,0.4920,0.5017,0.5367,0.5053,0.4574]"
TE-189.jpg,UNIVERSAL_HUMAN,"[0,0,0,0,0,0,0]","[1,0,1,1,1,1,0]","[0.5047,0.4963,0.5028,0.5179,0.5222,0.5138,0.4571]"
TE-19.jpg,UNIVERSAL_HUMAN,"[1,0,0,0,0,0,0]","[0,0,0,1,1,1,0]","[0.4980,0.4996,0.4955,0.5165,0.5422,0.5256,0.4598]"
TE-190.jpg,UNIVERSAL_HUMAN,"[1,0,0,0,1,0,0]","[0,1,0,0,1,1,0]","[0.4970,0.5078,0.4743,0.4987,0.5379,0.5090,0.4575]"
TE-191.jpg,UNIVERSAL_HUMAN,"[1,0,0,0,1,0,0]","[1,0,0,1,1,1,0]","[0.5023,0.4995,0.4949,0.5154,0.5362,0.5133,0.4583]"
TE-192.jpg,UNIVERSAL_HUMAN,"[0,0,0,0,0,0,0]","[0,1,1,1,1,1,0]","[0.4932,0.5020,0.5174,0.5307,0.5270,0.5117,0.4659]"
TE-194.jpg,UNIVERSAL_HUMAN,"[0,0,0,0,0,0,0]","[0,1,0,1,1,1,0]","[0.4975,0.5035,0.4819,0.5071,0.5240,0.5483,0.4316]"
TE-198.jpg,UNIVERSAL_HUMAN,"[0,0,1,0,0,0,0]","[0,1,0,1,1,1,0]","[0.4929,0.5106,0.4810,0.5150,0.5413,0.5041,0.4676]"
TE-199.jpg,UNIVERSAL_HUMAN,"[0,0,0,0,0,0,0]","[0,0,0,1,1,1,0]","[0.4941,0.4980,0.4672,0.5024,0.5371,0.5171,0.4415]"
TE-2.jpg,UNIVERSAL_HUMAN,"[1,0,0,0,1,0,0]","[0,0,0,1,1,1,0]","[0.4823,0.4957,0.4860,0.5089,0.5449,0.5074,0.4707]"
TE-20.jpg,UNIVERSAL_HUMAN,"[0,0,1,0,0,0,0]","[1,0,0,0,1,1,0]","[0.5050,0.4954,0.4821,0.4965,0.5262,0.5214,0.4582]"
TE-203.jpg,UNIVERSAL_HUMAN,"[0,0,0,0,0,0,1]","[0,1,0,1,1,1,0]","[0.4921,0.5064,0.4819,0.5126,0.5364,0.5099,0.4481]"
TE-204.jpg,UNIVERSAL_HUMAN,"[0,0,0,0,0,0,0]","[1,1,0,1,1,1,0]","[0.5013,0.5054,0.4913,0.5167,0.5365,0.5126,0.4626]"
TE-206.jpg,UNIVERSAL_HUMAN,"[1,1,0,0,0,0,0]","[1,0,1,1,1,1,0]","[0.5121,0.4952,0.5044,0.5126,0.5316,0.5114,0.4568]"
TE-207.jpg,UNIVERSAL_HUMAN,"[1,0,0,0,1,0,0]","[0,1,0,1,1,1,0]","[0.4943,0.5080,0.4870,0.5092,0.5301,0.5237,0.4607]"
TE-208.jpg,UNIVERSAL_HUMAN,"[0,0,0,0,0,1,0]","[0,0,0,1,1,1,0]","[0.4911,0.4981,0.4976,0.5222,0.5361,0.5236,0.4471]"
TE-209.jpg,UNIVERSAL_HUMAN,"[0,0,0,0,0,0,0]","[1,0,0,1,1,1,0]","[0.5053,0.4903,0.4879,0.5130,0.5454,0.5055,0.4760]"
TE-210.jpg,UNIVERSAL_HUMAN,"[1,0,0,0,1,0,0]","[0,1,0,1,1,1,0]","[0.4974,0.5100,0.4865,0.5209,0.5257,0.5360,0.4408]"
TE-211.jpg,UNIVERSAL_HUMAN,"[0,0,0,0,0,0,0]","[1,1,0,1,1,1,0]","[0.5047,0.5120,0.4892,0.5246,0.5360,0.5094,0.4574]"
TE-212.jpg,UNIVERSAL_HUMAN,"[0,0,0,0,0,0,0]","[0,0,0,1,1,1,0]","[0.4960,0.4958,0.4868,0.5164,0.5385,0.5183,0.4706]"
TE-215.jpg,UNIVERSAL_HUMAN,"[0,0,0,0,1,0,0]","[1,0,0,1,1,1,0]","[0.5099,0.4998,0.4990,0.5148,0.5290,0.5042,0.4649]"
TE-216.jpg,UNIVERSAL_HUMAN,"[1,0,0,1,0,0,0]","[1,1,0,1,1,1,0]","[0.5022,0.5029,0.4907,0.5113,0.5295,0.5055,0.4634]"
TE-217.jpg,UNIVERSAL_HUMAN,"[0,0,0,0,0,1,0]","[1,0,1,1,1,1,0]","[0.5038,0.4887,0.5075,0.5141,0.5355,0.5095,0.4608]"
TE-218.jpg,UNIVERSAL_HUMAN,"[0,0,0,0,0,0,0]","[0,1,0,1,1,1,0]","[0.4968,0.5036,0.4845,0.5159,0.5421,0.5105,0.4615]"
TE-220.jpg,UNIVERSAL_HUMAN,"[1,0,0,0,0,0,0]","[0,1,0,1,1,1,0]","[0.4982,0.5046,0.4771,0.5152,0.5324,0.5125,0.4519]"
TE-221.jpg,UNIVERSAL_HUMAN,"[0,0,0,0,1,0,0]","[1,1,1,1,1,1,0]","[0.5100,0.5092,0.5014,0.5167,0.5345,0.5213,0.4558]"
TE-223.jpg,UNIVERSAL_HUMAN,"[0,0,0,0,0,0,0]","[1,1,0,0,1,1,0]","[0.5084,0.5014,0.4751,0.4980,0.5355,0.5394,0.4289]"
TE-225.jpg,UNIVERSAL_HUMAN,"[1,0,0,0,0,0,0]","[1,1,0,1,1,1,0]","[0.5027,0.5159,0.4737,0.5042,0.5366,0.5140,0.4538]"
TE-227.jpg,UNIVERSAL_HUMAN,"[0,0,0,0,1,0,0]","[1,1,0,1,1,1,0]","[0.5127,0.5113,0.4775,0.5131,0.5325,0.5160,0.4548]"
TE-228.jpg,UNIVERSAL_HUMAN,"[1,0,0,0,1,0,0]","[1,1,1,1,1,1,0]","[0.5117,0.5069,0.5017,0.5164,0.5389,0.5082,0.4622]"
TE-229.jpg,UNIVERSAL_HUMAN,"[1,0,0,0,0,0,0]","[0,0,1,1,1,1,0]","[0.4894,0.4855,0.5056,0.5105,0.5272,0.5092,0.4398]"
TE-23.jpg,UNIVERSAL_HUMAN,"[1,0,0,0,1,0,0]","[0,0,1,1,1,0,0]","[0.4725,0.4797,0.5032,0.5149,0.5191,0.4988,0.4649]"
TE-230.jpg,UNIVERSAL_HUMAN,"[1,0,1,0,0,0,0]","[0,1,0,1,1,1,0]","[0.5000,0.5158,0.4882,0.5084,0.5358,0.5210,0.4639]"
TE-231.jpg,UNIVERSAL_HUMAN,"[0,1,0,0,0,0,0]","[0,1,1,1,1,1,0]","[0.4985,0.5007,0.5029,0.5069,0.5372,0.5077,0.4634]"
TE-233.jpg,UNIVERSAL_HUMAN,"[0,0,0,0,0,0,0]","[0,1,1,1,1,1,0]","[0.4765,0.5119,0.5002,0.5056,0.5356,0.5096,0.4564]"
TE-234.jpg,UNIVERSAL_HUMAN,"[0,0,0,0,0,0,0]","[0,1,0,1,1,1,0]","[0.4994,0.5153,0.4704,0.5077,0.5223,0.5253,0.4485]"
TE-235.jpg,UNIVERSAL_HUMAN,"[0,0,0,0,0,0,0]","[0,1,0,1,1,1,0]","[0.4922,0.5073,0.4914,0.5204,0.5461,0.5110,0.4606]"
TE-237.jpg,UNIVERSAL_HUMAN,"[0,0,0,0,1,0,0]","[0,1,0,1,1,1,0]","[0.5000,0.5114,0.4819,0.5145,0.5357,0.5184,0.4609]"
TE-239.jpg,UNIVERSAL_HUMAN,"[0,0,0,0,1,0,0]","[1,1,0,1,1,1,0]","[0.5038,0.5157,0.4677,0.5183,0.5313,0.5172,0.4330]"
TE-24.jpg,UNIVERSAL_HUMAN,"[1,0,0,0,0,0,1]","[0,1,0,1,1,1,0]","[0.4897,0.5103,0.4886,0.5100,0.5396,0.5131,0.4673]"
TE-240.jpg,UNIVERSAL_HUMAN,"[0,1,0,1,0,0,0]","[1,0,0,1,1,1,0]","[0.5108,0.4907,0.4907,0.5133,0.5282,0.5244,0.4627]"
TE-241.jpg,UNIVERSAL_HUMAN,"[1,0,0,0,1,0,0]","[1,0,0,1,1,1,0]","[0.5207,0.4896,0.4960,0.5117,0.5347,0.5220,0.4588]"
TE-242.jpg,UNIVERSAL_HUMAN,"[1,0,0,0,0,0,0]","[0,1,0,1,1,1,0]","[0.4989,0.5095,0.4894,0.5159,0.5410,0.5038,0.4715]"
TE-243.jpg,UNIVERSAL_HUMAN,"[1,0,0,0,0,0,0]","[1,0,0,1,1,1,0]","[0.5072,0.4965,0.4891,0.5244,0.5247,0.5458,0.4468]"
TE-245.jpg,UNIVERSAL_HUMAN,"[0,0,1,0,0,0,1]","[1,1,0,1,1,1,0]","[0.5011,0.5141,0.4865,0.5206,0.5331,0.5137,0.4638]"
TE-246.jpg,UNIVERSAL_HUMAN,"[0,0,0,0,0,0,0]","[1,1,0,1,1,1,0]","[0.5024,0.5048,0.4815,0.5015,0.5378,0.5051,0.4739]"
TE-247.jpg,UNIVERSAL_HUMAN,"[0,0,0,1,0,0,0]","[1,1,0,1,1,1,0]","[0.5014,0.5023,0.4893,0.5047,0.5367,0.5074,0.4681]"
TE-248.jpg,UNIVERSAL_HUMAN,"[0,0,0,0,0,1,0]","[0,0,0,1,1,1,0]","[0.4987,0.4956,0.4903,0.5213,0.5424,0.5135,0.4527]"
TE-25.jpg,UNIVERSAL_HUMAN,"[1,0,0,0,0,0,0]","[0,1,0,1,1,1,0]","[0.4897,0.5091,0.4840,0.5144,0.5433,0.5115,0.4569]"
TE-253.jpg,UNIVERSAL_HUMAN,"[0,0,0,1,1,0,0]","[0,1,0,1,1,1,0]","[0.4968,0.5057,0.4901,0.5119,0.5259,0.5123,0.4608]"
TE-254.jpg,UNIVERSAL_HUMAN,"[0,0,0,0,0,0,0]","[1,1,0,1,1,1,0]","[0.5015,0.5088,0.4927,0.5205,0.5360,0.5165,0.4551]"
TE-257.jpg,UNIVERSAL_HUMAN,"[0,0,0,0,0,0,0]","[1,0,0,1,1,1,0]","[0.5200,0.4753,0.4985,0.5137,0.5225,0.5227,0.4691]"
TE-258.jpg,UNIVERSAL_HUMAN,"[0,0,0,0,0,0,1]","[0,1,0,1,1,1,0]","[0.4926,0.5040,0.4782,0.5121,0.5425,0.5104,0.4597]"
TE-260.jpg,UNIVERSAL_HUMAN,"[0,0,0,0,1,0,0]","[0,1,0,1,1,1,0]","[0.4974,0.5059,0.4944,0.5193,0.5368,0.5151,0.4642]"
TE-261.jpg,UNIVERSAL_HUMAN,"[1,1,0,0,1,1,0]","[0,1,0,1,1,1,0]","[0.4925,0.5033,0.4906,0.5177,0.5215,0.5129,0.4594]"
TE-262.jpg,UNIVERSAL_HUMAN,"[0,0,0,0,0,1,0]","[0,0,0,1,1,1,0]","[0.4928,0.4967,0.4869,0.5092,0.5227,0.5186,0.4405]"
TE-264.jpg,UNIVERSAL_HUMAN,"[0,0,0,0,0,0,0]","[1,1,0,0,1,1,0]","[0.5013,0.5062,0.4815,0.4996,0.5373,0.5126,0.4542]"
TE-265.jpg,UNIVERSAL_HUMAN,"[0,0,0,0,1,0,0]","[1,1,0,1,1,1,0]","[0.5027,0.5074,0.4799,0.5233,0.5206,0.5406,0.4476]"
TE-266.jpg,UNIVERSAL_HUMAN,"[0,0,0,0,1,0,0]","[1,1,0,1,1,1,0]","[0.5022,0.5026,0.4998,0.5356,0.5308,0.5174,0.4518]"
TE-267.jpg,UNIVERSAL_HUMAN,"[0,1,0,0,0,0,0]","[1,1,0,1,1,1,0]","[0.5079,0.5079,0.4828,0.5136,0.5337,0.5098,0.4475]"
TE-269.jpg,UNIVERSAL_HUMAN,"[1,0,1,0,0,0,0]","[0,1,0,1,1,1,0]","[0.4934,0.5100,0.4928,0.5182,0.5179,0.5432,0.4502]"
TE-27.jpg,UNIVERSAL_HUMAN,"[1,0,0,0,0,0,0]","[1,0,1,1,1,1,0]","[0.5120,0.4798,0.5103,0.5109,0.5221,0.5293,0.4671]"
TE-270.jpg,UNIVERSAL_HUMAN,"[0,0,0,0,0,1,0]","[0,0,0,1,1,1,0]","[0.4862,0.4872,0.4839,0.5002,0.5257,0.5107,0.4491]"
TE-271.jpg,UNIVERSAL_HUMAN,"[0,0,1,0,0,0,0]","[1,0,1,1,1,1,0]","[0.5064,0.4949,0.5122,0.5213,0.5318,0.5034,0.4665]"
TE-272.jpg,UNIVERSAL_HUMAN,"[0,0,0,0,0,0,1]","[1,1,0,1,1,1,0]","[0.5037,0.5166,0.4874,0.5167,0.5355,0.5052,0.4729]"
TE-274.jpg,UNIVERSAL_HUMAN,"[0,0,0,0,0,0,0]","[0,1,0,1,1,1,0]","[0.4967,0.5130,0.4901,0.5207,0.5328,0.5126,0.4607]"
TE-277.jpg,UNIVERSAL_HUMAN,"[0,0,0,1,0,0,0]","[1,0,1,1,1,1,0]","[0.5041,0.4931,0.5085,0.5094,0.5415,0.5039,0.4664]"
TE-278.jpg,UNIVERSAL_HUMAN,"[1,0,0,0,0,1,0]","[1,0,0,1,1,1,0]","[0.5087,0.4948,0.4918,0.5164,0.5378,0.5232,0.4578]"
TE-28.jpg,UNIVERSAL_HUMAN,"[0,0,0,0,0,0,0]","[0,1,0,1,1,1,0]","[0.4982,0.5075,0.4894,0.5099,0.5411,0.5090,0.4596]"
TE-280.jpg,UNIVERSAL_HUMAN,"[0,0,0,0,0,0,0]","[0,1,0,1,1,1,0]","[0.4867,0.5070,0.4745,0.5041,0.5401,0.5260,0.4470]"
TE-281.jpg,UNIVERSAL_HUMAN,"[1,0,0,0,1,0,0]","[1,0,0,1,1,1,0]","[0.5038,0.4996,0.4996,0.5302,0.5307,0.5109,0.4600]"
TE-282.jpg,UNIVERSAL_HUMAN,"[1,1,0,0,0,0,0]","[0,1,0,1,1,1,0]","[0.4931,0.5070,0.4868,0.5193,0.5309,0.5171,0.4659]"
TE-283.jpg,UNIVERSAL_HUMAN,"[0,0,0,0,0,0,1]","[0,0,0,1,1,1,0]","[0.4966,0.4973,0.4995,0.5183,0.5473,0.5111,0.4631]"
TE-284.jpg,UNIVERSAL_HUMAN,"[0,0,0,0,0,0,1]","[0,1,0,1,1,1,0]","[0.4997,0.5110,0.4732,0.5199,0.5354,0.5313,0.4454]"
TE-286.jpg,UNIVERSAL_HUMAN,"[0,0,0,0,1,0,0]","[0,1,0,1,1,1,0]","[0.4942,0.5029,0.4887,0.5048,0.5415,0.5017,0.4635]"
TE-288.jpg,UNIVERSAL_HUMAN,"[0,0,0,0,0,0,0]","[0,1,0,1,1,1,0]","[0.4791,0.5018,0.4871,0.5126,0.5316,0.5275,0.4596]"
TE-289.jpg,UNIVERSAL_HUMAN,"[0,0,0,0,1,0,0]","[0,1,0,1,1,1,0]","[0.4950,0.5005,0.4903,0.5166,0.5328,0.5269,0.4710]"
TE-29.jpg,UNIVERSAL_HUMAN,"[1,0,0,0,1,0,0]","[1,0,0,1,1,1,0]","[0.5026,0.4959,0.4978,0.5124,0.5379,0.5093,0.4602]"
TE-290.jpg,UNIVERSAL_HUMAN,"[1,0,1,0,0,0,0]","[0,0,0,1,1,1,0]","[0.4990,0.4899,0.4857,0.5204,0.5298,0.5216,0.4630]"
TE-292.jpg,UNIVERSAL_HUMAN,"[0,1,0,0,0,1,0]","[1,1,0,1,1,1,0]","[0.5021,0.5084,0.4737,0.5005,0.5353,0.5122,0.4462]"
TE-293.jpg,UNIVERSAL_HUMAN,"[0,0,0,0,0,1,0]","[1,0,0,1,1,1,0]","[0.5070,0.4943,0.4973,0.5146,0.5456,0.5046,0.4668]"
TE-295.jpg,UNIVERSAL_HUMAN,"[1,0,0,0,1,0,1]","[0,0,1,0,1,1,0]","[0.4712,0.4908,0.5103,0.4874,0.5430,0.5098,0.4656]"
TE-297.jpg,UNIVERSAL_HUMAN,"[0,0,0,0,1,0,0]","[1,1,1,1,1,1,0]","[0.5016,0.5039,0.5001,0.5138,0.5415,0.5053,0.4574]"
TE-298.jpg,UNIVERSAL_HUMAN,"[0,0,0,0,0,0,1]","[1,1,0,1,1,1,0]","[0.5112,0.5021,0.4886,0.5123,0.5356,0.5076,0.4663]"
TE-3.jpg,UNIVERSAL_HUMAN,"[0,0,0,0,0,0,0]","[1,1,0,1,1,1,0]","[0.5120,0.5071,0.4965,0.5097,0.5321,0.5099,0.4545]"
TE-300.jpg,UNIVERSAL_HUMAN,"[1,0,0,0,0,0,0]","[0,1,0,1,1,1,0]","[0.4890,0.5025,0.4879,0.5164,0.5367,0.5095,0.4614]"
TE-301.jpg,UNIVERSAL_HUMAN,"[0,0,1,0,0,0,0]","[1,0,1,1,1,1,0]","[0.5044,0.4763,0.5157,0.5108,0.5259,0.5326,0.4781]"
TE-302.jpg,UNIVERSAL_HUMAN,"[0,0,0,0,0,0,0]","[0,0,0,1,1,1,0]","[0.4877,0.4969,0.4838,0.5161,0.5360,0.5217,0.4662]"
TE-304.jpg,UNIVERSAL_HUMAN,"[0,0,0,0,0,0,0]","[0,1,0,1,1,1,0]","[0.4925,0.5099,0.4983,0.5179,0.5343,0.5141,0.4562]"
TE-305.jpg,UNIVERSAL_HUMAN,"[1,0,0,0,1,0,0]","[1,0,0,1,1,0,0]","[0.5220,0.4873,0.4935,0.5152,0.5058,0.4874,0.4590]"
TE-307.jpg,UNIVERSAL_HUMAN,"[1,0,0,0,1,0,0]","[0,1,0,1,1,1,0]","[0.4712,0.5025,0.4749,0.5175,0.5287,0.5304,0.4619]"
TE-31.jpg,UNIVERSAL_HUMAN,"[1,0,0,0,0,0,0]","[1,1,0,0,1,1,0]","[0.5155,0.5035,0.4772,0.4978,0.5324,0.5027,0.4547]"
TE-310.jpg,UNIVERSAL_HUMAN,"[0,1,0,1,0,0,0]","[1,1,0,1,1,1,0]","[0.5027,0.5041,0.4905,0.5172,0.5308,0.5164,0.4610]"
TE-312.jpg,UNIVERSAL_HUMAN,"[0,0,0,0,0,0,0]","[0,1,0,1,1,1,0]","[0.4939,0.5028,0.4768,0.5092,0.5407,0.5187,0.4516]"
TE-314.jpg,UNIVERSAL_HUMAN,"[0,0,0,0,0,0,1]","[1,1,0,1,1,1,0]","[0.5035,0.5077,0.4815,0.5069,0.5358,0.5114,0.4576]"
TE-315.jpg,UNIVERSAL_HUMAN,"[0,0,0,0,0,0,0]","[0,1,1,1,1,1,0]","[0.4864,0.5055,0.5004,0.5226,0.5341,0.5079,0.4718]"
TE-317.jpg,UNIVERSAL_HUMAN,"[0,1,0,0,0,0,0]","[1,0,1,1,1,1,0]","[0.5118,0.4860,0.5064,0.5199,0.5323,0.5101,0.4615]"
TE-318.jpg,UNIVERSAL_HUMAN,"[0,0,0,1,0,0,0]","[1,0,0,1,1,1,0]","[0.5078,0.4933,0.4979,0.5094,0.5358,0.5115,0.4615]"
TE-319.jpg,UNIVERSAL_HUMAN,"[0,0,0,0,0,1,0]","[0,0,0,1,1,1,0]","[0.4828,0.4929,0.4983,0.5106,0.5422,0.5136,0.4652]"
TE-320.jpg,UNIVERSAL_HUMAN,"[0,0,0,0,0,0,0]","[1,1,0,1,1,1,0]","[0.5095,0.5061,0.4727,0.5019,0.5383,0.5179,0.4468]"
TE-321.jpg,UNIVERSAL_HUMAN,"[1,0,1,0,1,0,0]","[1,1,0,1,1,1,0]","[0.5036,0.5031,0.4914,0.5131,0.5448,0.5065,0.4607]"
TE-322.jpg,UNIVERSAL_HUMAN,"[0,0,1,0,0,0,0]","[0,0,1,1,1,1,0]","[0.4992,0.4999,0.5041,0.5266,0.5281,0.5176,0.4585]"
TE-324.jpg,UNIVERSAL_HUMAN,"[1,0,1,0,0,0,0]","[1,0,0,1,1,1,0]","[0.5200,0.4753,0.4985,0.5137,0.5225,0.5227,0.4691]"
TE-325.jpg,UNIVERSAL_HUMAN,"[0,0,0,1,0,0,0]","[1,0,0,1,1,1,0]","[0.5121,0.4979,0.4922,0.5174,0.5159,0.5261,0.4624]"
TE-327.jpg,UNIVERSAL_HUMAN,"[0,0,0,0,0,0,1]","[0,1,0,0,1,1,0]","[0.4949,0.5059,0.4692,0.4981,0.5409,0.5112,0.4433]"
TE-330.jpg,UNIVERSAL_HUMAN,"[0,0,1,0,0,0,0]","[1,1,0,1,1,1,0]","[0.5143,0.5015,0.4965,0.5302,0.5271,0.5224,0.4485]"
TE-332.jpg,UNIVERSAL_HUMAN,"[0,0,0,0,0,0,1]","[0,0,0,1,1,1,0]","[0.4981,0.4969,0.4964,0.5067,0.5387,0.5178,0.4569]"
TE-334.jpg,UNIVERSAL_HUMAN,"[0,0,0,0,0,1,0]","[1,0,0,1,1,1,0]","[0.5038,0.4991,0.4880,0.5145,0.5130,0.5390,0.4376]"
TE-335.jpg,UNIVERSAL_HUMAN,"[0,0,0,0,0,0,1]","[0,1,0,1,1,1,0]","[0.4970,0.5116,0.4841,0.5070,0.5425,0.5191,0.4665]"
TE-337.jpg,UNIVERSAL_HUMAN,"[1,0,1,0,0,0,0]","[0,1,0,1,1,1,0]","[0.4791,0.5039,0.4787,0.5204,0.5354,0.5222,0.4646]"
TE-338.jpg,UNIVERSAL_HUMAN,"[1,0,1,0,0,0,1]","[0,0,0,1,1,1,0]","[0.4742,0.4924,0.4726,0.5257,0.5377,0.5272,0.4559]"
TE-339.jpg,UNIVERSAL_HUMAN,"[1,0,0,0,0,0,0]","[1,1,0,1,1,1,0]","[0.5027,0.5040,0.4979,0.5168,0.5380,0.5084,0.4647]"
TE-340.jpg,UNIVERSAL_HUMAN,"[0,0,0,0,0,0,0]","[1,1,0,1,1,1,0]","[0.5057,0.5041,0.4729,0.5195,0.5261,0.5250,0.4403]"
TE-341.jpg,UNIVERSAL_HUMAN,"[0,0,1,0,0,0,0]","[0,0,0,1,1,1,0]","[0.4951,0.4920,0.4927,0.5123,0.5456,0.5096,0.4664]"
TE-344.jpg,UNIVERSAL_HUMAN,"[0,0,0,1,0,0,0]","[0,0,0,1,1,1,0]","[0.4969,0.4971,0.4849,0.5099,0.5355,0.5137,0.4592]"
TE-345.jpg,UNIVERSAL_HUMAN,"[1,0,1,0,0,1,0]","[0,0,0,1,1,1,0]","[0.4826,0.4972,0.4902,0.5157,0.5407,0.5171,0.4715]"
TE-347.jpg,UNIVERSAL_HUMAN,"[1,0,0,0,0,0,0]","[0,1,0,1,1,1,0]","[0.4954,0.5021,0.4845,0.5205,0.5366,0.5195,0.4404]"
TE-348.jpg,UNIVERSAL_HUMAN,"[1,0,1,0,0,0,0]","[0,1,0,1,1,1,0]","[0.4949,0.5047,0.4849,0.5138,0.5361,0.5154,0.4471]"
TE-35.jpg,UNIVERSAL_HUMAN,"[0,0,0,0,1,0,0]","[1,1,0,1,1,1,0]","[0.5073,0.5041,0.4714,0.5134,0.5140,0.5376,0.4525]"
TE-350.jpg,UNIVERSAL_HUMAN,"[0,0,0,0,0,0,1]","[0,1,0,1,1,1,0]","[0.4983,0.5042,0.4907,0.5225,0.5475,0.5246,0.4621]"
TE-351.jpg,UNIVERSAL_HUMAN,"[0,0,1,0,0,0,0]","[1,0,0,0,1,1,0]","[0.5004,0.4978,0.4901,0.4985,0.5221,0.5068,0.4533]"
TE-352.jpg,UNIVERSAL_HUMAN,"[0,0,0,0,0,0,1]","[0,1,0,1,1,1,0]","[0.4928,0.5006,0.4864,0.5120,0.5372,0.5124,0.4582]"
TE-355.jpg,UNIVERSAL_HUMAN,"[0,0,0,1,1,0,0]","[0,1,0,0,1,1,0]","[0.4955,0.5035,0.4806,0.4955,0.5321,0.5049,0.4640]"
TE-356.jpg,UNIVERSAL_HUMAN,"[0,0,0,0,0,0,0]","[0,0,1,0,1,0,0]","[0.4890,0.4868,0.5097,0.4961,0.5268,0.4850,0.4593]"
TE-357.jpg,UNIVERSAL_HUMAN,"[0,0,0,0,0,0,0]","[0,0,0,1,1,1,0]","[0.4766,0.4923,0.4995,0.5046,0.5385,0.5014,0.4603]"
TE-358.jpg,UNIVERSAL_HUMAN,"[0,1,0,0,0,0,0]","[1,1,0,1,1,1,0]","[0.5003,0.5154,0.4904,0.5118,0.5448,0.5223,0.4506]"
TE-359.jpg,UNIVERSAL_HUMAN,"[1,0,0,0,0,0,0]","[1,1,0,1,1,1,0]","[0.5002,0.5101,0.4775,0.5084,0.5285,0.5146,0.4566]"
TE-36.jpg,UNIVERSAL_HUMAN,"[0,0,0,0,0,0,0]","[0,1,0,1,1,1,0]","[0.4953,0.5037,0.4899,0.5070,0.5398,0.5124,0.4600]"
TE-360.jpg,UNIVERSAL_HUMAN,"[0,0,0,0,0,0,0]","[1,0,1,1,1,1,0]","[0.5005,0.4987,0.5075,0.5257,0.5349,0.5077,0.4625]"
TE-361.jpg,UNIVERSAL_HUMAN,"[0,0,1,0,0,0,0]","[1,1,0,1,1,1,0]","[0.5055,0.5080,0.4889,0.5172,0.5369,0.5131,0.4618]"
TE-363.jpg,UNIVERSAL_HUMAN,"[0,1,0,0,0,0,0]","[0,0,0,1,1,1,0]","[0.4913,0.4923,0.4929,0.5165,0.5321,0.5211,0.4590]"
TE-365.jpg,UNIVERSAL_HUMAN,"[1,1,1,0,0,0,0]","[1,1,0,1,1,1,0]","[0.5063,0.5020,0.4935,0.5092,0.5410,0.5085,0.4663]"
TE-366.jpg,UNIVERSAL_HUMAN,"[0,0,0,0,0,1,0]","[0,0,1,1,1,1,0]","[0.4984,0.4986,0.5031,0.5144,0.5393,0.5195,0.4511]"
TE-368.jpg,UNIVERSAL_HUMAN,"[0,0,1,0,0,0,0]","[0,0,1,0,1,1,0]","[0.4943,0.4984,0.5011,0.4961,0.5231,0.5133,0.4541]"
TE-371.jpg,UNIVERSAL_HUMAN,"[0,0,0,0,0,0,0]","[0,1,1,1,1,1,0]","[0.4989,0.5118,0.5092,0.5208,0.5342,0.5166,0.4622]"
TE-376.jpg,UNIVERSAL_HUMAN,"[0,0,1,0,0,0,0]","[1,1,0,1,1,1,0]","[0.5051,0.5040,0.4978,0.5124,0.5332,0.5125,0.4591]"
TE-377.jpg,UNIVERSAL_HUMAN,"[1,0,1,0,1,0,0]","[0,0,1,1,1,1,0]","[0.4990,0.4969,0.5014,0.5204,0.5333,0.5121,0.4668]"
TE-38.jpg,UNIVERSAL_HUMAN,"[1,0,0,0,0,0,0]","[1,0,0,1,1,1,0]","[0.5026,0.4973,0.4962,0.5223,0.5398,0.5117,0.4608]"
TE-380.jpg,UNIVERSAL_HUMAN,"[0,0,1,0,0,0,0]","[0,1,0,1,1,1,0]","[0.4975,0.5088,0.4958,0.5204,0.5388,0.5035,0.4635]"
TE-381.jpg,UNIVERSAL_HUMAN,"[0,0,0,0,0,1,1]","[1,0,0,1,1,1,0]","[0.5015,0.4929,0.4844,0.5142,0.5380,0.5158,0.4666]"
TE-382.jpg,UNIVERSAL_HUMAN,"[0,0,0,0,0,0,0]","[0,0,1,1,1,1,0]","[0.4757,0.4877,0.5108,0.5231,0.5283,0.5314,0.4708]"
TE-383.jpg,UNIVERSAL_HUMAN,"[0,0,1,0,1,0,0]","[1,0,0,1,1,1,0]","[0.5011,0.4995,0.4881,0.5272,0.5314,0.5415,0.4498]"
TE-386.jpg,UNIVERSAL_HUMAN,"[0,0,0,0,0,0,1]","[0,0,0,1,1,1,0]","[0.4950,0.4975,0.4980,0.5071,0.5331,0.5065,0.4685]"
TE-387.jpg,UNIVERSAL_HUMAN,"[1,0,1,0,0,0,0]","[1,1,0,1,1,1,0]","[0.5034,0.5095,0.4740,0.5083,0.5272,0.5123,0.4463]"
TE-388.jpg,UNIVERSAL_HUMAN,"[0,0,0,0,0,0,0]","[1,1,0,1,1,1,0]","[0.5029,0.5132,0.4890,0.5133,0.5383,0.5149,0.4549]"
TE-389.jpg,UNIVERSAL_HUMAN,"[0,1,0,0,0,0,0]","[1,1,1,1,1,1,0]","[0.5048,0.5027,0.5008,0.5149,0.5467,0.5171,0.4538]"
TE-39.jpg,UNIVERSAL_HUMAN,"[0,0,0,0,0,0,0]","[0,0,0,1,1,1,0]","[0.4909,0.4829,0.4861,0.5146,0.5327,0.5124,0.4630]"
TE-390.jpg,UNIVERSAL_HUMAN,"[0,0,0,0,0,1,0]","[0,1,0,1,1,1,0]","[0.4906,0.5056,0.4875,0.5295,0.5355,0.5105,0.4605]"
TE-391.jpg,UNIVERSAL_HUMAN,"[0,0,0,0,0,0,0]","[0,1,1,1,1,1,0]","[0.4883,0.5005,0.5023,0.5232,0.5387,0.5187,0.4614]"
TE-392.jpg,UNIVERSAL_HUMAN,"[0,0,0,0,0,1,0]","[0,0,0,0,1,1,0]","[0.4832,0.4921,0.4902,0.4829,0.5324,0.5070,0.4785]"
TE-393.jpg,UNIVERSAL_HUMAN,"[1,0,0,0,0,0,0]","[1,0,0,1,1,1,0]","[0.5002,0.4969,0.4966,0.5241,0.5335,0.5133,0.4648]"
TE-394.jpg,UNIVERSAL_HUMAN,"[0,1,0,0,0,0,0]","[1,0,0,1,1,1,0]","[0.5156,0.4994,0.4778,0.5093,0.5329,0.5227,0.4454]"
TE-395.jpg,UNIVERSAL_HUMAN,"[0,0,0,0,0,0,0]","[1,0,1,1,1,1,0]","[0.5120,0.4798,0.5103,0.5109,0.5221,0.5293,0.4671]"
TE-396.jpg,UNIVERSAL_HUMAN,"[0,0,0,0,0,0,0]","[0,1,0,1,1,1,0]","[0.4995,0.5092,0.4975,0.5254,0.5182,0.5188,0.4641]"
TE-397.jpg,UNIVERSAL_HUMAN,"[0,0,0,0,0,0,0]","[0,1,0,1,1,1,0]","[0.4948,0.5017,0.4948,0.5162,0.5405,0.5121,0.4632]"
TE-398.jpg,UNIVERSAL_HUMAN,"[0,0,1,0,0,0,0]","[1,0,0,1,1,1,0]","[0.5042,0.4969,0.4932,0.5146,0.5370,0.5132,0.4577]"
TE-399.jpg,UNIVERSAL_HUMAN,"[0,0,0,0,0,0,0]","[0,1,0,1,1,1,0]","[0.4972,0.5008,0.4940,0.5156,0.5392,0.5055,0.4672]"
TE-4.jpg,UNIVERSAL_HUMAN,"[1,0,0,0,1,1,1]","[0,0,0,1,1,1,0]","[0.4916,0.4918,0.4974,0.5154,0.5408,0.5142,0.4668]"
TE-401.jpg,UNIVERSAL_HUMAN,"[0,0,1,0,0,0,0]","[0,1,0,1,1,1,0]","[0.4950,0.5065,0.4826,0.5098,0.5421,0.5112,0.4581]"
TE-402.jpg,UNIVERSAL_HUMAN,"[1,0,1,0,0,0,0]","[0,1,0,1,1,1,0]","[0.4970,0.5116,0.4726,0.5092,0.5419,0.5163,0.4414]"
TE-403.jpg,UNIVERSAL_HUMAN,"[0,0,0,0,0,0,1]","[1,0,0,1,1,1,0]","[0.5041,0.4918,0.4899,0.5065,0.5463,0.5145,0.4661]"
TE-404.jpg,UNIVERSAL_HUMAN,"[0,0,0,0,0,1,1]","[0,0,1,1,1,1,0]","[0.4946,0.4906,0.5011,0.5305,0.5390,0.5163,0.4546]"
TE-405.jpg,UNIVERSAL_HUMAN,"[0,0,1,0,0,0,0]","[1,1,0,1,1,1,0]","[0.5091,0.5025,0.4918,0.5215,0.5403,0.5122,0.4560]"
TE-406.jpg,UNIVERSAL_HUMAN,"[0,0,0,0,0,0,1]","[1,1,0,1,1,1,0]","[0.5000,0.5168,0.4951,0.5211,0.5356,0.5144,0.4650]"
TE-407.jpg,UNIVERSAL_HUMAN,"[0,0,0,0,0,1,0]","[0,1,0,1,1,1,0]","[0.4924,0.5032,0.4902,0.5112,0.5412,0.5204,0.4537]"
TE-408.jpg,UNIVERSAL_HUMAN,"[1,0,0,0,0,0,0]","[0,1,0,1,1,1,0]","[0.4900,0.5054,0.4818,0.5196,0.5346,0.5053,0.4528]"
TE-409.jpg,UNIVERSAL_HUMAN,"[1,0,0,0,0,0,0]","[0,0,1,1,1,1,0]","[0.4927,0.4893,0.5017,0.5134,0.5249,0.5136,0.4687]"
TE-41.jpg,UNIVERSAL_HUMAN,"[0,0,1,0,0,0,0]","[0,0,0,1,1,1,0]","[0.4998,0.4957,0.4806,0.5249,0.5292,0.5286,0.4455]"
TE-410.jpg,UNIVERSAL_HUMAN,"[0,0,0,0,0,0,1]","[0,1,0,0,1,1,0]","[0.4935,0.5035,0.4956,0.4957,0.5383,0.5120,0.4535]"
TE-412.jpg,UNIVERSAL_HUMAN,"[0,0,0,0,0,0,0]","[0,0,1,1,1,1,0]","[0.4888,0.4888,0.5046,0.5278,0.5349,0.5173,0.4535]"
TE-414.jpg,UNIVERSAL_HUMAN,"[0,0,0,0,0,0,0]","[1,1,0,1,1,1,0]","[0.5092,0.5009,0.4944,0.5084,0.5326,0.5084,0.4657]"
TE-415.jpg,UNIVERSAL_HUMAN,"[0,0,0,1,0,0,0]","[0,1,0,1,1,1,0]","[0.4960,0.5020,0.4988,0.5302,0.5374,0.5088,0.4578]"
TE-416.jpg,UNIVERSAL_HUMAN,"[1,0,0,1,0,0,0]","[1,1,0,1,1,1,0]","[0.5048,0.5014,0.4756,0.5119,0.5299,0.5124,0.4592]"
TE-417.jpg,UNIVERSAL_HUMAN,"[0,0,0,1,0,1,0]","[0,0,0,1,1,1,0]","[0.4980,0.4990,0.4880,0.5079,0.5342,0.5087,0.4715]"
TE-419.jpg,UNIVERSAL_HUMAN,"[1,0,0,0,0,0,1]","[1,1,1,1,1,1,0]","[0.5045,0.5004,0.5102,0.5235,0.5116,0.5428,0.4624]"
TE-42.jpg,UNIVERSAL_HUMAN,"[1,0,1,0,0,0,0]","[0,1,0,1,1,1,0]","[0.4842,0.5038,0.4891,0.5056,0.5168,0.5259,0.4594]"
TE-420.jpg,UNIVERSAL_HUMAN,"[0,0,0,0,0,0,0]","[1,1,0,1,1,1,0]","[0.5112,0.5122,0.4811,0.5174,0.5308,0.5197,0.4417]"
TE-421.jpg,UNIVERSAL_HUMAN,"[0,0,0,0,0,0,1]","[1,1,0,1,1,1,0]","[0.5027,0.5037,0.4837,0.5264,0.5221,0.5425,0.4544]"
TE-423.jpg,UNIVERSAL_HUMAN,"[0,0,0,0,0,0,0]","[1,1,0,1,1,1,0]","[0.5003,0.5046,0.4983,0.5263,0.5391,0.5094,0.4598]"
TE-424.jpg,UNIVERSAL_HUMAN,"[0,0,0,1,0,0,0]","[1,0,0,1,1,1,0]","[0.5027,0.4934,0.4959,0.5039,0.5357,0.5072,0.4667]"
TE-426.jpg,UNIVERSAL_HUMAN,"[0,0,0,0,0,0,1]","[0,1,0,1,1,1,0]","[0.4931,0.5016,0.4986,0.5219,0.5471,0.5277,0.4616]"
TE-427.jpg,UNIVERSAL_HUMAN,"[0,0,0,0,0,0,1]","[0,0,0,1,1,1,0]","[0.4943,0.4952,0.4852,0.5122,0.5363,0.5143,0.4483]"
TE-428.jpg,UNIVERSAL_HUMAN,"[0,0,0,1,0,0,0]","[0,1,0,1,1,1,0]","[0.4937,0.5091,0.4846,0.5135,0.5372,0.5252,0.4398]"
TE-429.jpg,UNIVERSAL_HUMAN,"[0,0,0,1,0,0,0]","[0,0,0,1,1,1,0]","[0.4995,0.4966,0.4949,0.5161,0.5325,0.5236,0.4661]"
TE-43.jpg,UNIVERSAL_HUMAN,"[1,0,0,0,0,0,0]","[0,1,0,1,1,1,0]","[0.4932,0.5066,0.4728,0.5200,0.5351,0.5153,0.4505]"
TE-430.jpg,UNIVERSAL_HUMAN,"[0,0,0,0,0,0,1]","[1,1,0,1,1,1,0]","[0.5033,0.5047,0.4860,0.5226,0.5175,0.5490,0.4486]"
TE-432.jpg,UNIVERSAL_HUMAN,"[1,0,0,0,0,0,0]","[1,1,0,1,1,1,0]","[0.5051,0.5060,0.4919,0.5246,0.5365,0.5167,0.4590]"
TE-433.jpg,UNIVERSAL_HUMAN,"[1,1,0,0,0,0,0]","[0,0,0,1,1,1,0]","[0.4996,0.4926,0.4925,0.5209,0.5315,0.5206,0.4638]"
TE-435.jpg,UNIVERSAL_HUMAN,"[0,0,0,0,0,0,0]","[0,1,0,1,1,1,0]","[0.4957,0.5025,0.4923,0.5187,0.5338,0.5100,0.4532]"
TE-436.jpg,UNIVERSAL_HUMAN,"[0,0,0,0,0,1,0]","[1,0,1,1,1,1,0]","[0.5057,0.4831,0.5127,0.5060,0.5208,0.5226,0.4756]"
TE-437.jpg,UNIVERSAL_HUMAN,"[1,0,0,0,0,0,0]","[1,1,0,1,1,1,0]","[0.5099,0.5119,0.4906,0.5016,0.5470,0.5104,0.4627]"
TE-438.jpg,UNIVERSAL_HUMAN,"[0,0,0,0,0,0,0]","[1,1,0,1,1,1,0]","[0.5017,0.5120,0.4673,0.5136,0.5399,0.5219,0.4376]"
TE-439.jpg,UNIVERSAL_HUMAN,"[0,1,0,0,0,0,0]","[0,0,0,1,1,1,0]","[0.5000,0.4925,0.4991,0.5093,0.5388,0.5110,0.4651]"
TE-440.jpg,UNIVERSAL_HUMAN,"[0,1,0,0,0,0,0]","[0,1,0,1,1,1,0]","[0.4975,0.5007,0.4893,0.5102,0.5357,0.5101,0.4591]"
TE-441.jpg,UNIVERSAL_HUMAN,"[0,1,0,0,0,1,0]","[0,0,1,1,1,1,0]","[0.4856,0.4937,0.5010,0.5156,0.5443,0.5209,0.4668]"
TE-443.jpg,UNIVERSAL_HUMAN,"[0,0,0,0,0,0,1]","[1,0,0,1,1,1,0]","[0.5078,0.4990,0.4873,0.5045,0.5327,0.5159,0.4601]"
TE-444.jpg,UNIVERSAL_HUMAN,"[0,0,0,0,0,0,1]","[0,0,1,0,1,1,0]","[0.4582,0.4934,0.5070,0.4863,0.5164,0.5126,0.4547]"
TE-445.jpg,UNIVERSAL_HUMAN,"[0,0,0,1,0,0,0]","[1,1,1,1,1,1,0]","[0.5062,0.5029,0.5070,0.5214,0.5327,0.5090,0.4661]"
TE-447.jpg,UNIVERSAL_HUMAN,"[1,0,0,0,0,0,0]","[0,1,0,1,1,1,0]","[0.4942,0.5113,0.4648,0.5057,0.5355,0.5224,0.4465]"
TE-448.jpg,UNIVERSAL_HUMAN,"[1,0,0,0,0,0,0]","[1,0,0,1,1,1,0]","[0.5011,0.4994,0.4828,0.5113,0.5324,0.5211,0.4592]"
TE-449.jpg,UNIVERSAL_HUMAN,"[1,0,1,0,0,0,0]","[0,0,0,1,1,1,0]","[0.4934,0.4977,0.4810,0.5073,0.5318,0.5165,0.4692]"
TE-45.jpg,UNIVERSAL_HUMAN,"[1,0,0,0,0,0,0]","[0,0,0,1,1,1,0]","[0.4740,0.4985,0.4787,0.5133,0.5339,0.5339,0.4625]"
TE-451.jpg,UNIVERSAL_HUMAN,"[0,0,0,0,0,1,0]","[0,1,0,1,1,1,0]","[0.4973,0.5033,0.4908,0.5229,0.5292,0.5161,0.4501]"
TE-452.jpg,UNIVERSAL_HUMAN,"[0,0,0,0,0,1,0]","[0,1,0,1,1,1,0]","[0.4834,0.5070,0.4857,0.5053,0.5457,0.5166,0.4556]"
TE-454.jpg,UNIVERSAL_HUMAN,"[0,0,0,0,0,1,0]","[0,0,0,1,1,1,0]","[0.4942,0.4990,0.4799,0.5195,0.5306,0.5124,0.4539]"
TE-455.jpg,UNIVERSAL_HUMAN,"[0,0,0,0,0,0,0]","[0,0,0,1,1,1,0]","[0.4914,0.4896,0.4966,0.5218,0.5485,0.5100,0.4815]"
TE-456.jpg,UNIVERSAL_HUMAN,"[0,0,0,1,1,1,0]","[0,1,1,1,1,1,0]","[0.4994,0.5032,0.5040,0.5182,0.5470,0.5134,0.4631]"
TE-458.jpg,UNIVERSAL_HUMAN,"[0,0,0,0,0,0,0]","[0,1,0,0,1,1,0]","[0.4943,0.5077,0.4845,0.4946,0.5324,0.5124,0.4717]"
TE-459.jpg,UNIVERSAL_HUMAN,"[1,0,0,0,1,0,0]","[0,1,1,1,1,1,0]","[0.4995,0.5026,0.5004,0.5176,0.5340,0.5100,0.4627]"
TE-462.jpg,UNIVERSAL_HUMAN,"[1,1,0,0,0,0,0]","[0,0,0,1,1,1,0]","[0.4954,0.4991,0.4835,0.5194,0.5395,0.5171,0.4656]"
TE-463.jpg,UNIVERSAL_HUMAN,"[1,0,0,0,0,0,0]","[0,1,0,1,1,1,0]","[0.4976,0.5038,0.4960,0.5132,0.5363,0.5111,0.4567]"
TE-464.jpg,UNIVERSAL_HUMAN,"[0,1,0,0,0,0,0]","[1,1,0,1,1,1,0]","[0.5110,0.5050,0.4969,0.5103,0.5369,0.5110,0.4581]"
TE-465.jpg,UNIVERSAL_HUMAN,"[0,0,0,0,0,0,0]","[0,1,0,1,1,1,0]","[0.4977,0.5109,0.4819,0.5113,0.5398,0.5074,0.4532]"
TE-466.jpg,UNIVERSAL_HUMAN,"[1,0,0,0,0,0,1]","[0,0,1,1,1,1,0]","[0.4841,0.4779,0.5078,0.5169,0.5210,0.5201,0.4531]"
TE-469.jpg,UNIVERSAL_HUMAN,"[0,0,0,0,0,1,0]","[0,1,0,1,1,1,0]","[0.4884,0.5016,0.4969,0.5349,0.5310,0.5145,0.4669]"
TE-472.jpg,UNIVERSAL_HUMAN,"[0,0,0,0,0,0,0]","[1,0,0,1,1,1,0]","[0.5015,0.4969,0.4953,0.5216,0.5323,0.5234,0.4573]"
TE-473.jpg,UNIVERSAL_HUMAN,"[1,0,0,0,0,0,0]","[0,0,1,1,1,1,0]","[0.4844,0.4968,0.5049,0.5147,0.5354,0.5062,0.4649]"
TE-474.jpg,UNIVERSAL_HUMAN,"[1,0,0,0,0,0,1]","[0,1,1,1,1,1,0]","[0.4540,0.5225,0.5093,0.5071,0.5186,0.5080,0.4652]"
TE-476.jpg,UNIVERSAL_HUMAN,"[0,0,0,0,0,0,0]","[0,1,0,0,1,1,0]","[0.4898,0.5082,0.4685,0.4957,0.5256,0.5166,0.4445]"
TE-477.jpg,UNIVERSAL_HUMAN,"[0,0,0,1,0,0,0]","[1,0,1,1,1,1,0]","[0.5076,0.4965,0.5077,0.5281,0.5314,0.5080,0.4614]"
TE-478.jpg,UNIVERSAL_HUMAN,"[0,0,0,0,0,0,0]","[0,1,0,1,1,1,0]","[0.4958,0.5035,0.4865,0.5096,0.5359,0.5135,0.4526]"
TE-48.jpg,UNIVERSAL_HUMAN,"[1,0,1,0,1,0,0]","[0,0,0,1,1,1,0]","[0.4839,0.4936,0.4852,0.5255,0.5444,0.5225,0.4654]"
TE-481.jpg,UNIVERSAL_HUMAN,"[0,0,0,0,0,1,0]","[0,1,0,1,1,1,0]","[0.4959,0.5040,0.4780,0.5024,0.5453,0.5063,0.4542]"
TE-482.jpg,UNIVERSAL_HUMAN,"[0,1,0,0,0,0,0]","[1,1,0,1,1,1,0]","[0.5115,0.5090,0.4829,0.5013,0.5361,0.5077,0.4530]"
TE-485.jpg,UNIVERSAL_HUMAN,"[0,0,0,0,0,1,0]","[0,0,1,1,1,1,0]","[0.4867,0.4900,0.5060,0.5264,0.5366,0.5204,0.4627]"
TE-486.jpg,UNIVERSAL_HUMAN,"[0,1,0,0,0,0,0]","[1,1,0,1,1,1,0]","[0.5006,0.5003,0.4909,0.5179,0.5371,0.5204,0.4548]"
TE-487.jpg,UNIVERSAL_HUMAN,"[0,0,0,0,0,0,0]","[0,1,0,1,1,1,0]","[0.4926,0.5052,0.4938,0.5280,0.5447,0.5168,0.4718]"
TE-488.jpg,UNIVERSAL_HUMAN,"[0,0,0,0,0,0,1]","[0,0,1,1,1,1,0]","[0.4999,0.4981,0.5010,0.5097,0.5405,0.5102,0.4623]"
TE-489.jpg,UNIVERSAL_HUMAN,"[0,1,0,0,0,0,0]","[1,0,0,1,1,1,0]","[0.5268,0.4991,0.4900,0.5173,0.5164,0.5321,0.4505]"
TE-49.jpg,UNIVERSAL_HUMAN,"[1,0,0,0,0,0,0]","[0,1,0,1,1,1,0]","[0.4922,0.5020,0.4694,0.5150,0.5369,0.5130,0.4547]"
TE-490.jpg,UNIVERSAL_HUMAN,"[0,0,0,0,1,0,0]","[0,1,0,1,1,1,0]","[0.4923,0.5165,0.4638,0.5036,0.5343,0.5257,0.4384]"
TE-494.jpg,UNIVERSAL_HUMAN,"[0,0,0,0,1,0,0]","[1,0,0,1,1,1,0]","[0.5038,0.4958,0.4920,0.5218,0.5312,0.5071,0.4628]"
TE-495.jpg,UNIVERSAL_HUMAN,"[0,0,0,0,0,1,0]","[0,1,0,1,1,1,0]","[0.4980,0.5008,0.4974,0.5329,0.5284,0.5122,0.4680]"
TE-498.jpg,UNIVERSAL_HUMAN,"[1,1,0,0,1,0,0]","[0,0,1,1,1,1,0]","[0.5000,0.4992,0.5045,0.5173,0.5438,0.5026,0.4682]"
TE-499.jpg,UNIVERSAL_HUMAN,"[1,0,0,0,0,0,0]","[0,0,0,1,1,1,0]","[0.4992,0.4971,0.4928,0.5151,0.5410,0.5127,0.4662]"
TE-5.jpg,UNIVERSAL_HUMAN,"[0,0,0,0,0,0,0]","[1,0,0,1,1,1,0]","[0.5020,0.4994,0.4672,0.5092,0.5226,0.5444,0.4212]"
TE-500.jpg,UNIVERSAL_HUMAN,"[1,0,0,0,1,0,0]","[1,1,0,1,1,1,0]","[0.5062,0.5076,0.4826,0.5132,0.5376,0.5224,0.4571]"
TE-501.jpg,UNIVERSAL_HUMAN,"[1,0,1,0,0,0,0]","[1,1,0,1,1,1,0]","[0.5005,0.5045,0.4863,0.5195,0.5308,0.5111,0.4559]"
TE-503.jpg,UNIVERSAL_HUMAN,"[1,0,0,1,0,0,0]","[1,1,0,1,1,1,0]","[0.5053,0.5061,0.4896,0.5147,0.5358,0.5182,0.4529]"
TE-504.jpg,UNIVERSAL_HUMAN,"[0,0,0,0,0,0,0]","[1,0,1,1,1,1,0]","[0.5023,0.4957,0.5048,0.5093,0.5440,0.5055,0.4672]"
TE-507.jpg,UNIVERSAL_HUMAN,"[0,0,0,1,1,0,0]","[0,0,0,1,1,1,0]","[0.4948,0.4978,0.4890,0.5094,0.5411,0.5100,0.4593]"
TE-508.jpg,UNIVERSAL_HUMAN,"[1,0,0,0,0,1,0]","[0,0,0,1,1,1,0]","[0.4989,0.4916,0.4938,0.5091,0.5336,0.5123,0.4617]"
TE-51.jpg,UNIVERSAL_HUMAN,"[1,0,0,0,0,0,0]","[0,1,0,1,1,1,0]","[0.4965,0.5115,0.4841,0.5286,0.5417,0.5236,0.4414]"
TE-510.jpg,UNIVERSAL_HUMAN,"[1,1,0,0,0,0,0]","[1,0,0,1,1,1,0]","[0.5002,0.4976,0.4895,0.5167,0.5429,0.5056,0.4615]"
TE-511.jpg,UNIVERSAL_HUMAN,"[1,0,0,0,0,0,1]","[1,1,0,1,1,1,0]","[0.5008,0.5010,0.4889,0.5221,0.5294,0.5277,0.4455]"
TE-513.jpg,UNIVERSAL_HUMAN,"[0,0,0,0,0,0,0]","[0,0,0,1,1,1,0]","[0.4885,0.4955,0.4931,0.5196,0.5397,0.5193,0.4488]"
TE-514.jpg,UNIVERSAL_HUMAN,"[1,0,0,1,0,1,1]","[0,0,1,0,1,1,0]","[0.4793,0.4956,0.5018,0.4976,0.5371,0.5112,0.4613]"
TE-515.jpg,UNIVERSAL_HUMAN,"[0,0,0,0,0,0,0]","[0,1,0,0,1,1,0]","[0.4892,0.5044,0.4825,0.4970,0.5360,0.5049,0.4692]"
TE-516.jpg,UNIVERSAL_HUMAN,"[0,1,0,0,0,0,0]","[1,0,0,1,1,1,0]","[0.5014,0.4910,0.4839,0.5021,0.5470,0.5132,0.4613]"
TE-518.jpg,UNIVERSAL_HUMAN,"[0,0,0,0,0,0,1]","[0,0,1,1,1,1,0]","[0.4976,0.4923,0.5100,0.5251,0.5300,0.5143,0.4662]"
TE-52.jpg,UNIVERSAL_HUMAN,"[1,0,0,0,0,0,0]","[1,0,0,0,1,1,0]","[0.5179,0.4989,0.4866,0.4999,0.5395,0.5114,0.4528]"
TE-520.jpg,UNIVERSAL_HUMAN,"[0,0,0,0,0,1,1]","[0,1,0,1,1,1,0]","[0.4962,0.5030,0.4847,0.5129,0.5363,0.5114,0.4595]"
TE-522.jpg,UNIVERSAL_HUMAN,"[0,1,0,0,0,0,0]","[0,1,0,1,1,1,0]","[0.4906,0.5006,0.4943,0.5104,0.5419,0.5078,0.4677]"
TE-523.jpg,UNIVERSAL_HUMAN,"[0,0,0,0,0,0,0]","[0,0,1,1,1,1,0]","[0.4873,0.4858,0.5025,0.5275,0.5326,0.5207,0.4584]"
TE-524.jpg,UNIVERSAL_HUMAN,"[0,0,0,0,0,0,1]","[1,0,0,1,1,1,0]","[0.5071,0.4994,0.5000,0.5053,0.5349,0.5143,0.4631]"
TE-527.jpg,UNIVERSAL_HUMAN,"[0,0,0,1,0,0,0]","[1,1,1,1,1,1,0]","[0.5188,0.5008,0.5028,0.5091,0.5373,0.5086,0.4582]"
TE-528.jpg,UNIVERSAL_HUMAN,"[0,0,0,1,0,0,0]","[0,1,0,1,1,1,0]","[0.4937,0.5154,0.4773,0.5057,0.5347,0.5112,0.4463]"
TE-529.jpg,UNIVERSAL_HUMAN,"[1,1,0,0,0,0,0]","[0,1,0,0,1,1,0]","[0.4933,0.5071,0.4827,0.4960,0.5401,0.5083,0.4652]"
TE-530.jpg,UNIVERSAL_HUMAN,"[0,0,0,0,0,0,1]","[0,1,0,1,1,1,0]","[0.4927,0.5087,0.4844,0.5167,0.5378,0.5117,0.4627]"
TE-531.jpg,UNIVERSAL_HUMAN,"[0,0,0,1,0,0,0]","[1,0,1,1,1,1,0]","[0.5031,0.4858,0.5135,0.5229,0.5370,0.5039,0.4614]"
TE-534.jpg,UNIVERSAL_HUMAN,"[0,1,0,0,0,0,0]","[1,0,0,1,1,1,0]","[0.5149,0.4964,0.4989,0.5272,0.5293,0.5146,0.4564]"
TE-535.jpg,UNIVERSAL_HUMAN,"[0,0,0,0,0,0,1]","[1,0,0,1,1,1,0]","[0.5102,0.4950,0.4965,0.5104,0.5285,0.5057,0.4586]"
TE-536.jpg,UNIVERSAL_HUMAN,"[0,0,0,0,0,0,0]","[1,1,0,1,1,1,0]","[0.5016,0.5048,0.4853,0.5181,0.5354,0.5237,0.4529]"
TE-537.jpg,UNIVERSAL_HUMAN,"[1,0,0,0,1,0,0]","[0,1,0,1,1,1,0]","[0.4969,0.5131,0.4859,0.5024,0.5404,0.5202,0.4411]"
TE-538.jpg,UNIVERSAL_HUMAN,"[1,0,0,0,0,0,1]","[1,0,1,1,1,1,0]","[0.5024,0.4974,0.5080,0.5139,0.5346,0.5126,0.4678]"
TE-539.jpg,UNIVERSAL_HUMAN,"[1,0,0,0,1,0,0]","[1,0,1,1,1,1,0]","[0.5060,0.4979,0.5033,0.5176,0.5375,0.5086,0.4638]"
TE-54.jpg,UNIVERSAL_HUMAN,"[0,0,0,0,0,0,0]","[1,1,0,1,1,1,0]","[0.5026,0.5021,0.4860,0.5095,0.5332,0.5075,0.4640]"
TE-541.jpg,UNIVERSAL_HUMAN,"[0,0,0,0,1,0,0]","[1,1,0,1,1,1,0]","[0.5047,0.5007,0.4913,0.5139,0.5369,0.5079,0.4607]"
TE-542.jpg,UNIVERSAL_HUMAN,"[0,1,0,0,0,0,0]","[0,0,1,1,1,1,0]","[0.4990,0.4998,0.5017,0.5186,0.5337,0.5215,0.4786]"
TE-543.jpg,UNIVERSAL_HUMAN,"[0,0,0,0,0,0,0]","[1,1,0,0,1,1,0]","[0.5049,0.5095,0.4692,0.4960,0.5297,0.5117,0.4416]"
TE-547.jpg,UNIVERSAL_HUMAN,"[1,0,0,0,0,0,0]","[0,1,0,1,1,1,0]","[0.4946,0.5041,0.4806,0.5198,0.5398,0.5266,0.4552]"
TE-548.jpg,UNIVERSAL_HUMAN,"[1,0,0,0,1,0,1]","[0,0,0,0,1,0,0]","[0.4664,0.4779,0.4918,0.4999,0.5290,0.4901,0.4570]"
TE-55.jpg,UNIVERSAL_HUMAN,"[0,0,0,1,1,0,0]","[1,1,0,1,1,1,0]","[0.5037,0.5099,0.4905,0.5256,0.5297,0.5152,0.4515]"
TE-552.jpg,UNIVERSAL_HUMAN,"[0,0,0,0,0,1,0]","[1,1,0,1,1,1,0]","[0.5081,0.5037,0.4936,0.5228,0.5362,0.5174,0.4614]"
TE-553.jpg,UNIVERSAL_HUMAN,"[0,1,0,0,0,0,0]","[0,1,0,1,1,1,0]","[0.4952,0.5043,0.4892,0.5197,0.5323,0.5092,0.4641]"
TE-554.jpg,UNIVERSAL_HUMAN,"[0,0,0,0,0,0,1]","[0,0,0,1,1,1,0]","[0.4935,0.4874,0.4918,0.5169,0.5305,0.5273,0.4673]"
TE-555.jpg,UNIVERSAL_HUMAN,"[0,0,0,1,1,0,0]","[1,1,0,1,1,1,0]","[0.5083,0.5079,0.4965,0.5039,0.5293,0.5139,0.4588]"
TE-556.jpg,UNIVERSAL_HUMAN,"[0,0,0,0,0,1,0]","[0,1,0,1,1,1,0]","[0.4914,0.5112,0.4843,0.5124,0.5369,0.5144,0.4542]"
TE-557.jpg,UNIVERSAL_HUMAN,"[1,0,0,0,0,0,0]","[0,0,0,1,1,1,0]","[0.4739,0.4920,0.4831,0.5122,0.5367,0.5149,0.4620]"
TE-559.jpg,UNIVERSAL_HUMAN,"[0,1,0,0,0,0,0]","[1,1,0,1,1,1,0]","[0.5007,0.5029,0.4828,0.5150,0.5354,0.5138,0.4551]"
TE-56.jpg,UNIVERSAL_HUMAN,"[1,0,0,0,0,0,0]","[0,1,0,1,1,1,0]","[0.4938,0.5053,0.4885,0.5187,0.5323,0.5107,0.4567]"
TE-560.jpg,UNIVERSAL_HUMAN,"[0,1,0,0,0,0,0]","[1,0,0,1,1,1,0]","[0.5008,0.4998,0.4941,0.5093,0.5351,0.5083,0.4565]"
TE-561.jpg,UNIVERSAL_HUMAN,"[1,0,0,0,0,0,0]","[0,0,1,1,1,1,0]","[0.4994,0.4708,0.5138,0.5032,0.5368,0.5163,0.4880]"
TE-562.jpg,UNIVERSAL_HUMAN,"[0,0,0,0,0,0,0]","[0,0,1,1,1,1,0]","[0.4916,0.4911,0.5057,0.5144,0.5412,0.5256,0.4535]"
TE-563.jpg,UNIVERSAL_HUMAN,"[1,1,0,0,0,0,0]","[1,0,0,1,1,1,0]","[0.5010,0.4982,0.4970,0.5101,0.5450,0.5070,0.4609]"
TE-564.jpg,UNIVERSAL_HUMAN,"[0,0,0,0,0,0,0]","[1,0,0,1,1,1,0]","[0.5152,0.4990,0.4860,0.5159,0.5347,0.5222,0.4430]"
TE-565.jpg,UNIVERSAL_HUMAN,"[0,0,0,0,0,0,1]","[0,1,0,1,1,1,0]","[0.4952,0.5058,0.4921,0.5170,0.5408,0.5139,0.4646]"
TE-566.jpg,UNIVERSAL_HUMAN,"[0,0,0,0,0,0,0]","[1,1,0,1,1,1,0]","[0.5087,0.5050,0.4873,0.5179,0.5280,0.5154,0.4623]"
TE-567.jpg,UNIVERSAL_HUMAN,"[1,0,0,0,0,0,1]","[0,0,1,1,1,1,0]","[0.4846,0.4930,0.5102,0.5115,0.5455,0.5091,0.4649]"
TE-568.jpg,UNIVERSAL_HUMAN,"[0,0,0,0,0,0,0]","[1,1,1,1,1,1,0]","[0.5075,0.5014,0.5011,0.5107,0.5359,0.5036,0.4691]"
TE-57.jpg,UNIVERSAL_HUMAN,"[1,0,0,0,0,0,0]","[0,1,0,1,1,1,0]","[0.4987,0.5033,0.4896,0.5169,0.5362,0.5133,0.4654]"
TE-570.jpg,UNIVERSAL_HUMAN,"[1,0,0,0,0,0,0]","[1,0,0,1,1,1,0]","[0.5116,0.4990,0.4971,0.5243,0.5337,0.5169,0.4561]"
TE-572.jpg,UNIVERSAL_HUMAN,"[1,0,0,0,0,0,1]","[1,1,0,1,1,1,0]","[0.5012,0.5016,0.4923,0.5233,0.5340,0.5112,0.4564]"
TE-573.jpg,UNIVERSAL_HUMAN,"[0,0,0,1,0,0,0]","[0,0,1,1,1,1,0]","[0.4900,0.4933,0.5040,0.5159,0.5387,0.5100,0.4653]"
TE-574.jpg,UNIVERSAL_HUMAN,"[0,0,0,0,0,1,0]","[1,0,0,1,1,1,0]","[0.5029,0.5000,0.4821,0.5203,0.5296,0.5342,0.4535]"
TE-575.jpg,UNIVERSAL_HUMAN,"[0,0,0,0,0,0,0]","[1,0,0,1,1,1,0]","[0.5015,0.4940,0.4964,0.5124,0.5436,0.5111,0.4541]"
TE-577.jpg,UNIVERSAL_HUMAN,"[1,1,1,0,0,0,0]","[1,0,0,1,1,1,0]","[0.5020,0.4933,0.4935,0.5076,0.5258,0.5202,0.4620]"
TE-578.jpg,UNIVERSAL_HUMAN,"[0,0,0,1,0,0,0]","[0,0,0,1,1,1,0]","[0.4984,0.4821,0.4944,0.5038,0.5416,0.5009,0.4711]"
TE-579.jpg,UNIVERSAL_HUMAN,"[1,1,0,0,0,0,0]","[1,1,0,1,1,1,0]","[0.5065,0.5019,0.4880,0.5098,0.5408,0.5036,0.4714]"
TE-580.jpg,UNIVERSAL_HUMAN,"[0,0,0,1,0,0,0]","[1,0,1,1,1,1,0]","[0.5029,0.4942,0.5002,0.5182,0.5355,0.5094,0.4685]"
TE-581.jpg,UNIVERSAL_HUMAN,"[0,0,0,0,0,1,0]","[1,1,0,1,1,1,0]","[0.5028,0.5046,0.4840,0.5151,0.5355,0.5081,0.4569]"
TE-582.jpg,UNIVERSAL_HUMAN,"[0,0,0,0,0,0,0]","[0,0,0,1,1,1,0]","[0.4902,0.4956,0.4786,0.5188,0.5314,0.5252,0.4709]"
TE-584.jpg,UNIVERSAL_HUMAN,"[0,0,0,0,0,0,1]","[0,0,1,1,1,1,0]","[0.4966,0.4956,0.5017,0.5172,0.5325,0.5119,0.4616]"
TE-585.jpg,UNIVERSAL_HUMAN,"[1,0,0,0,0,1,0]","[0,0,0,1,1,1,0]","[0.4970,0.4976,0.4939,0.5209,0.5386,0.5101,0.4641]"
TE-587.jpg,UNIVERSAL_HUMAN,"[1,1,0,0,0,0,0]","[1,1,0,1,1,1,0]","[0.5118,0.5091,0.4906,0.5165,0.5371,0.5240,0.4448]"
TE-59.jpg,UNIVERSAL_HUMAN,"[0,0,0,0,0,0,0]","[0,0,1,1,1,1,0]","[0.4954,0.4997,0.5093,0.5205,0.5324,0.5093,0.4610]"
TE-590.jpg,UNIVERSAL_HUMAN,"[0,0,0,0,0,0,0]","[0,0,0,1,1,1,0]","[0.4920,0.4986,0.4874,0.5170,0.5432,0.5072,0.4750]"
TE-592.jpg,UNIVERSAL_HUMAN,"[0,1,0,0,0,0,0]","[1,0,1,1,1,1,0]","[0.5010,0.4989,0.5062,0.5278,0.5336,0.5113,0.4622]"
TE-594.jpg,UNIVERSAL_HUMAN,"[0,0,0,0,0,0,0]","[0,1,0,1,1,1,0]","[0.4971,0.5039,0.4920,0.5045,0.5377,0.5114,0.4622]"
TE-596.jpg,UNIVERSAL_HUMAN,"[0,0,0,0,0,0,1]","[1,0,0,1,1,1,0]","[0.5070,0.4985,0.4955,0.5257,0.5283,0.5131,0.4589]"
TE-597.jpg,UNIVERSAL_HUMAN,"[0,0,0,0,0,0,0]","[0,1,1,1,1,1,0]","[0.4984,0.5071,0.5042,0.5381,0.5272,0.5186,0.4647]"
TE-598.jpg,UNIVERSAL_HUMAN,"[0,0,0,0,0,0,0]","[0,0,0,1,1,1,0]","[0.4928,0.4933,0.4931,0.5047,0.5416,0.5136,0.4564]"
TE-599.jpg,UNIVERSAL_HUMAN,"[0,0,0,0,0,0,0]","[0,1,0,1,1,1,0]","[0.4921,0.5029,0.5000,0.5131,0.5458,0.5190,0.4798]"
TE-6.jpg,UNIVERSAL_HUMAN,"[0,0,0,0,0,0,1]","[0,1,0,1,1,1,0]","[0.4936,0.5033,0.4787,0.5137,0.5336,0.5265,0.4581]"
TE-60.jpg,UNIVERSAL_HUMAN,"[0,0,1,0,0,0,0]","[0,1,0,1,1,1,0]","[0.4980,0.5065,0.4999,0.5258,0.5354,0.5182,0.4582]"
TE-600.jpg,UNIVERSAL_HUMAN,"[1,0,0,0,0,0,1]","[0,0,0,1,1,1,0]","[0.4903,0.4932,0.4961,0.5290,0.5502,0.5065,0.4659]"
TE-601.jpg,UNIVERSAL_HUMAN,"[0,0,0,1,1,0,0]","[1,0,0,1,1,1,0]","[0.5028,0.4901,0.4993,0.5122,0.5307,0.5077,0.4634]"
TE-603.jpg,UNIVERSAL_HUMAN,"[0,0,0,0,0,0,0]","[0,0,0,1,1,1,0]","[0.4965,0.4929,0.4942,0.5093,0.5451,0.5124,0.4644]"
TE-604.jpg,UNIVERSAL_HUMAN,"[1,0,0,0,0,0,1]","[1,0,0,1,1,1,0]","[0.5010,0.4989,0.4954,0.5230,0.5430,0.5151,0.4557]"
TE-605.jpg,UNIVERSAL_HUMAN,"[1,1,0,0,0,0,0]","[0,0,0,1,1,1,0]","[0.4900,0.4979,0.4860,0.5108,0.5291,0.5068,0.4698]"
TE-606.jpg,UNIVERSAL_HUMAN,"[0,0,0,1,0,0,0]","[1,0,0,1,1,1,0]","[0.5050,0.4914,0.4938,0.5292,0.5278,0.5192,0.4560]"
TE-608.jpg,UNIVERSAL_HUMAN,"[0,0,0,0,0,0,1]","[0,0,0,1,1,1,0]","[0.4988,0.4959,0.4959,0.5145,0.5327,0.5185,0.4646]"
TE-609.jpg,UNIVERSAL_HUMAN,"[0,0,0,0,1,1,0]","[0,0,0,1,1,1,0]","[0.4995,0.4979,0.4876,0.5176,0.5408,0.5116,0.4593]"
TE-61.jpg,UNIVERSAL_HUMAN,"[0,0,0,0,1,0,0]","[1,0,0,1,1,1,0]","[0.5056,0.4954,0.4968,0.5118,0.5368,0.5260,0.4500]"
TE-610.jpg,UNIVERSAL_HUMAN,"[0,0,0,0,0,0,0]","[0,0,1,1,1,1,0]","[0.4963,0.4820,0.5100,0.5288,0.5311,0.5117,0.4663]"
TE-612.jpg,UNIVERSAL_HUMAN,"[0,0,0,1,1,0,0]","[0,1,0,1,1,1,0]","[0.4911,0.5004,0.4893,0.5097,0.5382,0.5129,0.4645]"
TE-613.jpg,UNIVERSAL_HUMAN,"[1,1,0,0,0,0,0]","[0,0,1,1,1,0,0]","[0.4947,0.4913,0.5028,0.5022,0.5281,0.4996,0.4699]"
TE-616.jpg,UNIVERSAL_HUMAN,"[1,0,1,0,0,0,1]","[0,1,0,1,1,1,0]","[0.4980,0.5019,0.4874,0.5328,0.5332,0.5335,0.4558]"
TE-617.jpg,UNIVERSAL_HUMAN,"[0,0,0,0,0,1,0]","[0,0,0,1,1,1,0]","[0.4947,0.4977,0.4920,0.5026,0.5373,0.5023,0.4710]"
TE-618.jpg,UNIVERSAL_HUMAN,"[0,0,0,0,0,0,1]","[1,1,0,1,1,1,0]","[0.5057,0.5010,0.4905,0.5278,0.5320,0.5180,0.4547]"
TE-62.jpg,UNIVERSAL_HUMAN,"[0,0,0,0,0,0,0]","[1,0,0,1,1,1,0]","[0.5070,0.4976,0.4968,0.5155,0.5330,0.5153,0.4579]"
TE-620.jpg,UNIVERSAL_HUMAN,"[0,0,0,1,0,0,0]","[1,0,1,1,1,1,0]","[0.5067,0.4994,0.5004,0.5174,0.5377,0.5094,0.4602]"
TE-621.jpg,UNIVERSAL_HUMAN,"[1,1,0,0,0,0,0]","[0,1,0,1,1,1,0]","[0.4969,0.5065,0.4936,0.5115,0.5408,0.5144,0.4632]"
TE-622.jpg,UNIVERSAL_HUMAN,"[0,0,0,0,0,1,0]","[0,0,0,1,1,1,0]","[0.4943,0.4961,0.4944,0.5190,0.5431,0.5200,0.4570]"
TE-623.jpg,UNIVERSAL_HUMAN,"[0,0,0,1,0,0,0]","[1,0,0,1,1,1,0]","[0.5064,0.4876,0.4903,0.5251,0.5260,0.5330,0.4561]"
TE-624.jpg,UNIVERSAL_HUMAN,"[0,0,0,0,0,1,0]","[0,0,0,1,1,1,0]","[0.4963,0.4999,0.4941,0.5170,0.5349,0.5094,0.4571]"
TE-625.jpg,UNIVERSAL_HUMAN,"[0,0,0,1,0,0,0]","[0,1,0,1,1,1,0]","[0.4980,0.5039,0.4928,0.5036,0.5350,0.5116,0.4622]"
TE-626.jpg,UNIVERSAL_HUMAN,"[0,0,0,1,0,0,0]","[0,0,0,1,1,1,0]","[0.4879,0.4907,0.4888,0.5141,0.5315,0.5301,0.4678]"
TE-627.jpg,UNIVERSAL_HUMAN,"[1,1,0,0,0,0,0]","[0,0,0,1,1,1,0]","[0.4868,0.4904,0.4939,0.5219,0.5330,0.5196,0.4584]"
TE-628.jpg,UNIVERSAL_HUMAN,"[0,0,0,1,0,0,0]","[0,0,0,1,1,1,0]","[0.4953,0.4957,0.4894,0.5183,0.5280,0.5250,0.4594]"
TE-63.jpg,UNIVERSAL_HUMAN,"[0,0,0,0,0,1,0]","[0,0,0,1,1,1,0]","[0.4967,0.4938,0.4946,0.5095,0.5411,0.5116,0.4584]"
TE-631.jpg,UNIVERSAL_HUMAN,"[0,0,0,1,0,0,0]","[1,0,0,1,1,1,0]","[0.5073,0.4986,0.4936,0.5157,0.5341,0.5214,0.4589]"
TE-633.jpg,UNIVERSAL_HUMAN,"[0,0,0,0,0,0,0]","[0,1,1,1,1,1,0]","[0.4963,0.5024,0.5065,0.5184,0.5368,0.5039,0.4652]"
TE-634.jpg,UNIVERSAL_HUMAN,"[0,0,0,0,0,1,0]","[1,1,0,1,1,1,0]","[0.5014,0.5017,0.4857,0.5187,0.5295,0.5102,0.4579]"
TE-635.jpg,UNIVERSAL_HUMAN,"[0,0,0,0,0,1,0]","[0,1,0,1,1,1,0]","[0.4902,0.5048,0.4842,0.5243,0.5339,0.5165,0.4572]"
TE-636.jpg,UNIVERSAL_HUMAN,"[1,1,0,0,0,0,0]","[1,0,0,1,1,1,0]","[0.5007,0.4956,0.4913,0.5121,0.5348,0.5150,0.4612]"
TE-637.jpg,UNIVERSAL_HUMAN,"[0,0,0,0,0,1,0]","[0,0,0,1,1,1,0]","[0.4965,0.4959,0.4954,0.5169,0.5360,0.5187,0.4670]"
TE-638.jpg,UNIVERSAL_HUMAN,"[0,0,0,0,0,0,0]","[0,0,0,1,1,1,0]","[0.4911,0.4921,0.4891,0.5146,0.5403,0.5087,0.4546]"
TE-639.jpg,UNIVERSAL_HUMAN,"[0,0,0,0,1,0,1]","[0,1,0,1,1,1,0]","[0.4849,0.5007,0.4918,0.5037,0.5219,0.5081,0.4701]"
TE-64.jpg,UNIVERSAL_HUMAN,"[1,0,0,0,0,0,0]","[1,1,0,1,1,1,0]","[0.5081,0.5065,0.4804,0.5029,0.5280,0.5156,0.4656]"
TE-640.jpg,UNIVERSAL_HUMAN,"[0,1,0,0,0,0,0]","[0,1,0,1,1,1,0]","[0.4989,0.5067,0.4909,0.5089,0.5367,0.5069,0.4617]"
TE-641.jpg,UNIVERSAL_HUMAN,"[0,0,0,0,0,0,0]","[0,0,0,1,1,1,0]","[0.4884,0.4986,0.4782,0.5088,0.5373,0.5133,0.4469]"
TE-643.jpg,UNIVERSAL_HUMAN,"[0,0,0,0,0,0,0]","[1,1,0,1,1,1,0]","[0.5109,0.5141,0.4850,0.5167,0.5245,0.5509,0.4427]"
TE-645.jpg,UNIVERSAL_HUMAN,"[1,1,0,0,0,0,0]","[1,0,0,1,1,1,0]","[0.5164,0.4989,0.4975,0.5370,0.5194,0.5204,0.4657]"
TE-646.jpg,UNIVERSAL_HUMAN,"[0,0,0,0,0,1,0]","[0,0,0,1,1,1,0]","[0.4994,0.4951,0.4889,0.5040,0.5387,0.5038,0.4565]"
TE-647.jpg,UNIVERSAL_HUMAN,"[0,0,0,0,0,1,0]","[1,0,0,1,1,1,0]","[0.5025,0.4980,0.4990,0.5138,0.5329,0.5142,0.4578]"
TE-648.jpg,UNIVERSAL_HUMAN,"[0,0,0,0,0,0,0]","[1,1,0,1,1,1,0]","[0.5140,0.5013,0.4970,0.5042,0.5377,0.5127,0.4596]"
TE-649.jpg,UNIVERSAL_HUMAN,"[1,1,0,0,0,0,0]","[0,1,0,1,1,1,0]","[0.4848,0.5026,0.4840,0.5116,0.5174,0.5079,0.4555]"
TE-65.jpg,UNIVERSAL_HUMAN,"[0,0,0,0,0,1,0]","[1,0,1,1,1,1,0]","[0.5176,0.4920,0.5065,0.5271,0.5137,0.5227,0.4627]"
TE-651.jpg,UNIVERSAL_HUMAN,"[0,0,0,0,0,1,1]","[1,0,1,1,1,1,0]","[0.5043,0.4865,0.5084,0.5243,0.5345,0.5148,0.4673]"
TE-652.jpg,UNIVERSAL_HUMAN,"[0,0,0,0,0,0,0]","[0,0,0,1,1,1,0]","[0.4905,0.4894,0.4878,0.5190,0.5350,0.5067,0.4791]"
TE-653.jpg,UNIVERSAL_HUMAN,"[0,0,0,0,0,1,0]","[0,0,0,1,1,1,0]","[0.4981,0.4903,0.4924,0.5119,0.5440,0.5099,0.4681]"
TE-654.jpg,UNIVERSAL_HUMAN,"[0,0,0,0,0,0,0]","[0,0,0,1,1,1,0]","[0.4951,0.4927,0.4973,0.5151,0.5328,0.5171,0.4647]"
TE-655.jpg,UNIVERSAL_HUMAN,"[0,0,0,0,0,1,0]","[1,0,0,1,1,1,0]","[0.5020,0.4964,0.4872,0.5194,0.5170,0.5427,0.4521]"
TE-656.jpg,UNIVERSAL_HUMAN,"[1,1,0,0,0,1,1]","[0,0,0,1,1,1,0]","[0.4985,0.4949,0.4957,0.5252,0.5327,0.5134,0.4575]"
TE-657.jpg,UNIVERSAL_HUMAN,"[0,0,0,0,0,0,0]","[0,1,0,1,1,1,0]","[0.4919,0.5086,0.4802,0.5115,0.5288,0.5130,0.4786]"
TE-658.jpg,UNIVERSAL_HUMAN,"[0,0,0,0,0,1,0]","[1,0,0,1,1,1,0]","[0.5001,0.4888,0.4851,0.5127,0.5368,0.5177,0.4499]"
TE-659.jpg,UNIVERSAL_HUMAN,"[0,0,0,0,0,1,0]","[0,1,0,1,1,1,0]","[0.4963,0.5045,0.4787,0.5128,0.5309,0.5135,0.4452]"
TE-66.jpg,UNIVERSAL_HUMAN,"[0,0,0,0,0,0,0]","[1,0,1,1,1,1,0]","[0.5016,0.4845,0.5038,0.5028,0.5057,0.5028,0.4616]"
TE-660.jpg,UNIVERSAL_HUMAN,"[0,0,0,0,0,1,0]","[0,0,1,1,1,1,0]","[0.4894,0.4948,0.5084,0.5114,0.5397,0.5216,0.4605]"
TE-661.jpg,UNIVERSAL_HUMAN,"[0,0,0,0,0,1,0]","[0,0,1,1,1,1,0]","[0.4943,0.4972,0.5039,0.5185,0.5447,0.5176,0.4598]"
TE-662.jpg,UNIVERSAL_HUMAN,"[0,0,0,0,0,0,0]","[1,0,0,1,1,1,0]","[0.5004,0.4960,0.4921,0.5022,0.5397,0.5099,0.4699]"
TE-67.jpg,UNIVERSAL_HUMAN,"[0,0,1,0,0,0,0]","[0,1,0,1,1,1,0]","[0.4941,0.5010,0.4886,0.5132,0.5421,0.5108,0.4520]"
TE-68.jpg,UNIVERSAL_HUMAN,"[0,0,0,0,0,0,0]","[1,0,1,1,1,1,0]","[0.5041,0.4946,0.5009,0.5262,0.5367,0.5132,0.4625]"
TE-69.jpg,UNIVERSAL_HUMAN,"[1,0,0,0,0,0,0]","[0,0,0,1,1,1,0]","[0.4897,0.4939,0.4781,0.5169,0.5348,0.5336,0.4577]"
TE-7.jpg,UNIVERSAL_HUMAN,"[0,0,1,0,0,0,0]","[1,0,1,1,1,1,0]","[0.5063,0.4968,0.5074,0.5181,0.5201,0.5112,0.4668]"
TE-71.jpg,UNIVERSAL_HUMAN,"[1,0,0,0,0,0,0]","[1,1,0,1,1,1,0]","[0.5171,0.5080,0.4970,0.5068,0.5390,0.5112,0.4671]"
TE-72.jpg,UNIVERSAL_HUMAN,"[0,1,0,0,1,0,0]","[1,1,0,1,1,1,0]","[0.5116,0.5103,0.4913,0.5133,0.5404,0.5202,0.4581]"
TE-73.jpg,UNIVERSAL_HUMAN,"[0,1,0,0,0,0,0]","[1,1,0,1,1,1,0]","[0.5095,0.5030,0.4830,0.5083,0.5366,0.5058,0.4597]"
TE-75.jpg,UNIVERSAL_HUMAN,"[0,0,0,0,1,0,1]","[1,0,0,1,1,1,0]","[0.5034,0.4919,0.4845,0.5259,0.5197,0.5382,0.4473]"
TE-76.jpg,UNIVERSAL_HUMAN,"[0,0,0,0,0,0,0]","[0,1,0,1,1,1,0]","[0.4925,0.5016,0.4918,0.5074,0.5357,0.5158,0.4735]"
TE-77.jpg,UNIVERSAL_HUMAN,"[0,0,0,0,0,0,0]","[1,0,0,1,1,1,0]","[0.5037,0.4938,0.4967,0.5071,0.5411,0.5044,0.4645]"
TE-79.jpg,UNIVERSAL_HUMAN,"[1,0,0,0,0,0,0]","[1,0,0,1,1,1,0]","[0.5062,0.4902,0.4807,0.5108,0.5447,0.5146,0.4560]"
TE-80.jpg,UNIVERSAL_HUMAN,"[0,0,0,0,0,0,0]","[1,0,1,1,1,1,0]","[0.5040,0.4897,0.5034,0.5235,0.5355,0.5037,0.4690]"
TE-81.jpg,UNIVERSAL_HUMAN,"[1,0,0,0,0,0,0]","[0,0,0,1,1,1,0]","[0.4886,0.4989,0.4829,0.5102,0.5396,0.5136,0.4684]"
TE-82.jpg,UNIVERSAL_HUMAN,"[0,0,0,0,0,0,0]","[1,0,0,1,1,1,0]","[0.5035,0.4930,0.4632,0.5116,0.5204,0.5425,0.4245]"
TE-83.jpg,UNIVERSAL_HUMAN,"[1,1,0,0,0,0,0]","[1,1,0,1,1,1,0]","[0.5032,0.5084,0.4897,0.5111,0.5435,0.5134,0.4557]"
TE-84.jpg,UNIVERSAL_HUMAN,"[0,0,0,0,0,0,1]","[0,0,0,1,1,1,0]","[0.4911,0.4974,0.4907,0.5098,0.5345,0.5182,0.4773]"
TE-85.jpg,UNIVERSAL_HUMAN,"[1,0,0,0,0,0,0]","[0,0,0,0,1,0,0]","[0.4665,0.4802,0.4880,0.4975,0.5296,0.4914,0.4638]"
TE-86.jpg,UNIVERSAL_HUMAN,"[0,0,0,0,0,0,0]","[0,1,0,1,1,1,0]","[0.4922,0.5027,0.4701,0.5091,0.5407,0.5181,0.4471]"
TE-89.jpg,UNIVERSAL_HUMAN,"[0,0,0,0,0,0,0]","[0,0,0,1,1,1,0]","[0.4868,0.4937,0.4967,0.5138,0.5258,0.5236,0.4732]"
TE-92.jpg,UNIVERSAL_HUMAN,"[1,0,0,0,0,0,0]","[1,0,0,1,1,1,0]","[0.5127,0.4973,0.4912,0.5026,0.5428,0.5067,0.4620]"
TE-93.jpg,UNIVERSAL_HUMAN,"[1,0,0,0,0,0,0]","[1,1,0,0,1,1,0]","[0.5051,0.5022,0.4789,0.4975,0.5372,0.5073,0.4602]"
TE-94.jpg,UNIVERSAL_HUMAN,"[0,0,0,0,0,0,0]","[0,1,1,1,1,1,0]","[0.4940,0.5036,0.5090,0.5208,0.5348,0.5142,0.4653]"
TE-95.jpg,UNIVERSAL_HUMAN,"[0,1,0,0,0,0,0]","[1,0,0,1,1,1,0]","[0.5036,0.4951,0.4981,0.5169,0.5383,0.5142,0.4623]"
TE-96.jpg,UNIVERSAL_HUMAN,"[0,0,0,0,0,0,0]","[1,0,1,1,1,1,0]","[0.5022,0.4845,0.5012,0.5122,0.5447,0.5071,0.4686]"
TE-97.jpg,UNIVERSAL_HUMAN,"[0,0,0,0,0,0,1]","[0,1,0,1,1,1,0]","[0.4966,0.5019,0.4931,0.5170,0.5421,0.5166,0.4619]"
TE-205.jpg,VISUAL_SYMBOL_DEPENDENT,"[0,0,0,0,0,0,1]","[1,0,0,1,1,1,0]","[0.5031,0.4849,0.4832,0.5129,0.5348,0.5175,0.4526]"
TE-276.jpg,VISUAL_SYMBOL_DEPENDENT,"[0,0,0,0,0,0,0]","[1,0,0,1,1,1,0]","[0.5078,0.4933,0.4805,0.5147,0.5322,0.5077,0.4713]"
TE-461.jpg,VISUAL_SYMBOL_DEPENDENT,"[1,0,0,0,0,0,0]","[0,0,0,1,1,1,0]","[0.4969,0.4988,0.4984,0.5042,0.5401,0.5041,0.4698]"
TE-512.jpg,VISUAL_SYMBOL_DEPENDENT,"[1,0,0,0,1,0,1]","[0,0,1,1,1,1,0]","[0.4906,0.4894,0.5022,0.5081,0.5489,0.5152,0.4546]"
TE-87.jpg,VISUAL_SYMBOL_DEPENDENT,"[1,0,1,0,0,0,0]","[0,1,0,1,1,1,0]","[0.4876,0.5016,0.4826,0.5091,0.5418,0.5175,0.4671]"
