image_id,category,gold_labels
TE-343.jpg,BRAND_DEPENDENT,"[0,0,0,1,0,0,0]"
TE-425.jpg,BRAND_DEPENDENT,"[1,0,0,0,1,0,0]"
TE-21.jpg,CELEBRITY_DEPENDENT,"[1,0,0,0,0,0,0]"
TE-470.jpg,CELEBRITY_DEPENDENT,"[1,0,0,0,0,0,1]"
TE-160.jpg,CULTURAL_REFERENCE_DEPENDENT,"[1,1,0,0,0,0,0]"
TE-214.jpg,CULTURAL_REFERENCE_DEPENDENT,"[1,0,0,0,1,0,0]"
TE-299.jpg,CULTURAL_REFERENCE_DEPENDENT,"[0,0,1,0,0,0,0]"
TE-33.jpg,CULTURAL_REFERENCE_DEPENDENT,"[0,0,0,0,0,0,0]"
TE-411.jpg,CULTURAL_REFERENCE_DEPENDENT,"[0,0,0,0,0,0,0]"
TE-619.jpg,CULTURAL_REFERENCE_DEPENDENT,"[0,0,0,1,0,0,0]"
TE-74.jpg,CULTURAL_REFERENCE_DEPENDENT,"[1,0,1,0,0,0,0]"
TE-107.jpg,LANGUAGE_DEPENDENT,"[0,0,0,0,1,0,0]"
TE-384.jpg,LANGUAGE_DEPENDENT,"[0,0,0,0,0,0,0]"
TE-418.jpg,LANGUAGE_DEPENDENT,"[0,0,0,0,0,1,0]"
TE-446.jpg,LANGUAGE_DEPENDENT,"[1,0,0,0,0,0,0]"
TE-457.jpg,LANGUAGE_DEPENDENT,"[0,0,0,0,0,0,0]"
TE-519.jpg,LANGUAGE_DEPENDENT,"[0,0,0,1,0,0,0]"
TE-521.jpg,LIFESTYLE_CONTEXT_DEPENDENT,"[0,0,0,0,0,1,0]"
TE-226.jpg,MEDIA_CONTEXT_DEPENDENT,"[1,0,0,0,0,0,0]"
TE-294.jpg,MEDIA_CONTEXT_DEPENDENT,"[0,0,0,0,1,0,0]"
TE-47.jpg,MEDIA_CONTEXT_DEPENDENT,"[1,0,0,0,1,0,0]"
TE-196.jpg,MEME_FORMAT_DEPENDENT,"[1,0,1,0,0,0,0]"
TE-550.jpg,MEME_FORMAT_DEPENDENT,"[0,0,0,1,0,0,0]"
TE-591.jpg,MEME_FORMAT_DEPENDENT,"[0,0,0,0,0,1,0]"
TE-249.jpg,NICHE_SUBCULTURE_DEPENDENT,"[0,0,0,0,1,0,0]"
TE-279.jpg,NICHE_SUBCULTURE_DEPENDENT,"[0,0,0,1,0,0,0]"
TE-166.jpg,POP_CULTURE_DEPENDENT,"[1,0,1,0,1,0,0]"
TE-168.jpg,POP_CULTURE_DEPENDENT,"[0,0,1,0,0,0,0]"
TE-178.jpg,POP_CULTURE_DEPENDENT,"[1,0,1,0,0,0,0]"
TE-364.jpg,POP_CULTURE_DEPENDENT,"[1,0,1,0,0,0,0]"
TE-379.jpg,POP_CULTURE_DEPENDENT,"[1,0,1,0,1,0,0]"
TE-467.jpg,POP_CULTURE_DEPENDENT,"[1,0,0,0,0,0,0]"
TE-442.jpg,REFERENCE_DEPENDENT,"[0,0,0,0,0,0,0]"
TE-644.jpg,REFERENCE_DEPENDENT,"[0,0,1,0,0,1,0]"
TE-10.jpg,UNIVERSAL_HUMAN,"[0,0,0,1,0,0,0]"
TE-103.jpg,UNIVERSAL_HUMAN,"[0,0,0,0,0,0,0]"
TE-106.jpg,UNIVERSAL_HUMAN,"[0,0,0,0,1,1,0]"
TE-11.jpg,UNIVERSAL_HUMAN,"[1,0,0,0,0,0,0]"
TE-116.jpg,UNIVERSAL_HUMAN,"[0,0,1,0,1,0,0]"
TE-119.jpg,UNIVERSAL_HUMAN,"[1,0,0,0,0,0,1]"
TE-12.jpg,UNIVERSAL_HUMAN,"[0,0,0,0,0,0,0]"
TE-120.jpg,UNIVERSAL_HUMAN,"[1,0,0,0,1,0,0]"
TE-123.jpg,UNIVERSAL_HUMAN,"[1,0,1,0,0,0,0]"
TE-135.jpg,UNIVERSAL_HUMAN,"[1,0,0,0,1,0,0]"
TE-138.jpg,UNIVERSAL_HUMAN,"[0,0,0,0,0,0,0]"
TE-148.jpg,UNIVERSAL_HUMAN,"[0,0,0,0,1,0,0]"
TE-153.jpg,UNIVERSAL_HUMAN,"[1,0,0,0,1,0,0]"
TE-156.jpg,UNIVERSAL_HUMAN,"[0,0,0,0,0,0,0]"
TE-159.jpg,UNIVERSAL_HUMAN,"[0,0,0,1,0,0,0]"
TE-162.jpg,UNIVERSAL_HUMAN,"[0,0,0,0,0,0,0]"
TE-165.jpg,UNIVERSAL_HUMAN,"[0,0,0,0,0,0,0]"
TE-171.jpg,UNIVERSAL_HUMAN,"[0,0,0,0,0,1,0]"
TE-179.jpg,UNIVERSAL_HUMAN,"[0,0,0,0,1,0,0]"
TE-18.jpg,UNIVERSAL_HUMAN,"[0,0,0,1,0,0,0]"
TE-186.jpg,UNIVERSAL_HUMAN,"[0,0,0,0,0,1,0]"
TE-191.jpg,UNIVERSAL_HUMAN,"[1,0,0,0,1,0,0]"
TE-192.jpg,UNIVERSAL_HUMAN,"[0,0,0,0,0,0,0]"
TE-193.jpg,UNIVERSAL_HUMAN,"[1,0,0,0,1,1,0]"
TE-202.jpg,UNIVERSAL_HUMAN,"[1,0,1,0,1,0,0]"
TE-207.jpg,UNIVERSAL_HUMAN,"[1,0,0,0,1,0,0]"
TE-22.jpg,UNIVERSAL_HUMAN,"[1,0,0,0,1,0,0]"
TE-220.jpg,UNIVERSAL_HUMAN,"[1,0,0,0,0,0,0]"
TE-224.jpg,UNIVERSAL_HUMAN,"[0,0,0,1,0,0,0]"
TE-23.jpg,UNIVERSAL_HUMAN,"[1,0,0,0,1,0,0]"
TE-243.jpg,UNIVERSAL_HUMAN,"[1,0,0,0,0,0,0]"
TE-250.jpg,UNIVERSAL_HUMAN,"[0,0,0,0,0,1,0]"
TE-252.jpg,UNIVERSAL_HUMAN,"[1,0,1,0,0,0,0]"
TE-257.jpg,UNIVERSAL_HUMAN,"[0,0,0,0,0,0,0]"
TE-263.jpg,UNIVERSAL_HUMAN,"[1,0,0,0,1,0,0]"
TE-265.jpg,UNIVERSAL_HUMAN,"[0,0,0,0,1,0,0]"
TE-266.jpg,UNIVERSAL_HUMAN,"[0,0,0,0,1,0,0]"
TE-273.jpg,UNIVERSAL_HUMAN,"[0,0,0,0,0,0,0]"
TE-284.jpg,UNIVERSAL_HUMAN,"[0,0,0,0,0,0,1]"
TE-289.jpg,UNIVERSAL_HUMAN,"[0,0,0,0,1,0,0]"
TE-295.jpg,UNIVERSAL_HUMAN,"[1,0,0,0,1,0,1]"
TE-302.jpg,UNIVERSAL_HUMAN,"[0,0,0,0,0,0,0]"
TE-305.jpg,UNIVERSAL_HUMAN,"[1,0,0,0,1,0,0]"
TE-308.jpg,UNIVERSAL_HUMAN,"[0,0,0,0,0,0,0]"
TE-31.jpg,UNIVERSAL_HUMAN,"[1,0,0,0,0,0,0]"
TE-313.jpg,UNIVERSAL_HUMAN,"[0,0,0,0,0,1,0]"
TE-315.jpg,UNIVERSAL_HUMAN,"[0,0,0,0,0,0,0]"
TE-318.jpg,UNIVERSAL_HUMAN,"[0,0,0,1,0,0,0]"
TE-321.jpg,UNIVERSAL_HUMAN,"[1,0,1,0,1,0,0]"
TE-326.jpg,UNIVERSAL_HUMAN,"[1,0,1,0,1,0,0]"
TE-328.jpg,UNIVERSAL_HUMAN,"[0,0,0,0,0,0,0]"
TE-329.jpg,UNIVERSAL_HUMAN,"[0,0,0,1,1,0,0]"
TE-331.jpg,UNIVERSAL_HUMAN,"[0,0,0,0,0,0,0]"
TE-338.jpg,UNIVERSAL_HUMAN,"[1,0,1,0,0,0,1]"
TE-339.jpg,UNIVERSAL_HUMAN,"[1,0,0,0,0,0,0]"
TE-345.jpg,UNIVERSAL_HUMAN,"[1,0,1,0,0,1,0]"
TE-348.jpg,UNIVERSAL_HUMAN,"[1,0,1,0,0,0,0]"
TE-349.jpg,UNIVERSAL_HUMAN,"[0,0,0,0,0,0,0]"
TE-353.jpg,UNIVERSAL_HUMAN,"[1,0,1,0,0,0,0]"
TE-356.jpg,UNIVERSAL_HUMAN,"[0,0,0,0,0,0,0]"
TE-366.jpg,UNIVERSAL_HUMAN,"[0,0,0,0,0,1,0]"
TE-369.jpg,UNIVERSAL_HUMAN,"[1,0,1,0,0,0,0]"
TE-372.jpg,UNIVERSAL_HUMAN,"[0,0,0,0,0,0,0]"
TE-375.jpg,UNIVERSAL_HUMAN,"[1,0,0,0,1,0,0]"
TE-38.jpg,UNIVERSAL_HUMAN,"[1,0,0,0,0,0,0]"
TE-387.jpg,UNIVERSAL_HUMAN,"[1,0,1,0,0,0,0]"
TE-395.jpg,UNIVERSAL_HUMAN,"[0,0,0,0,0,0,0]"
TE-397.jpg,UNIVERSAL_HUMAN,"[0,0,0,0,0,0,0]"
TE-414.jpg,UNIVERSAL_HUMAN,"[0,0,0,0,0,0,0]"
TE-415.jpg,UNIVERSAL_HUMAN,"[0,0,0,1,0,0,0]"
TE-417.jpg,UNIVERSAL_HUMAN,"[0,0,0,1,0,1,0]"
TE-420.jpg,UNIVERSAL_HUMAN,"[0,0,0,0,0,0,0]"
TE-422.jpg,UNIVERSAL_HUMAN,"[0,0,1,1,1,0,0]"
TE-430.jpg,UNIVERSAL_HUMAN,"[0,0,0,0,0,0,1]"
TE-450.jpg,UNIVERSAL_HUMAN,"[0,0,0,0,0,0,0]"
TE-453.jpg,UNIVERSAL_HUMAN,"[0,0,0,0,0,0,0]"
TE-46.jpg,UNIVERSAL_HUMAN,"[1,0,0,0,0,0,0]"
TE-460.jpg,UNIVERSAL_HUMAN,"[1,0,0,0,0,0,0]"
TE-468.jpg,UNIVERSAL_HUMAN,"[0,0,0,0,0,0,1]"
TE-474.jpg,UNIVERSAL_HUMAN,"[1,0,0,0,0,0,1]"
TE-475.jpg,UNIVERSAL_HUMAN,"[0,0,0,0,0,0,1]"
TE-480.jpg,UNIVERSAL_HUMAN,"[0,0,0,0,0,0,0]"
TE-483.jpg,UNIVERSAL_HUMAN,"[0,0,0,1,0,0,0]"
TE-488.jpg,UNIVERSAL_HUMAN,"[0,0,0,0,0,0,1]"
TE-490.jpg,UNIVERSAL_HUMAN,"[0,0,0,0,1,0,0]"
TE-491.jpg,UNIVERSAL_HUMAN,"[1,0,1,0,0,0,0]"
TE-493.jpg,UNIVERSAL_HUMAN,"[1,0,0,0,1,0,1]"
TE-496.jpg,UNIVERSAL_HUMAN,"[0,0,0,0,1,0,1]"
TE-499.jpg,UNIVERSAL_HUMAN,"[1,0,0,0,0,0,0]"
TE-502.jpg,UNIVERSAL_HUMAN,"[0,0,0,1,0,0,0]"
TE-507.jpg,UNIVERSAL_HUMAN,"[0,0,0,1,1,0,0]"
TE-511.jpg,UNIVERSAL_HUMAN,"[1,0,0,0,0,0,1]"
TE-515.jpg,UNIVERSAL_HUMAN,"[0,0,0,0,0,0,0]"
TE-517.jpg,UNIVERSAL_HUMAN,"[1,0,0,0,0,0,0]"
TE-52.jpg,UNIVERSAL_HUMAN,"[1,0,0,0,0,0,0]"
TE-53.jpg,UNIVERSAL_HUMAN,"[1,0,0,0,0,0,0]"
TE-532.jpg,UNIVERSAL_HUMAN,"[0,0,0,0,0,0,0]"
TE-538.jpg,UNIVERSAL_HUMAN,"[1,0,0,0,0,0,1]"
TE-539.jpg,UNIVERSAL_HUMAN,"[1,0,0,0,1,0,0]"
TE-54.jpg,UNIVERSAL_HUMAN,"[0,0,0,0,0,0,0]"
TE-542.jpg,UNIVERSAL_HUMAN,"[0,1,0,0,0,0,0]"
TE-544.jpg,UNIVERSAL_HUMAN,"[0,0,0,0,0,0,0]"
TE-545.jpg,UNIVERSAL_HUMAN,"[0,0,0,1,0,0,0]"
TE-548.jpg,UNIVERSAL_HUMAN,"[1,0,0,0,1,0,1]"
TE-551.jpg,UNIVERSAL_HUMAN,"[0,0,0,0,0,0,0]"
TE-554.jpg,UNIVERSAL_HUMAN,"[0,0,0,0,0,0,1]"
TE-558.jpg,UNIVERSAL_HUMAN,"[1,1,0,0,0,0,0]"
TE-568.jpg,UNIVERSAL_HUMAN,"[0,0,0,0,0,0,0]"
